t=1831637856 agg_lock_health submit_count=0 submit_wait_avg_us=0 submit_wait_max_us=0 submit_wait_over_500us=0 worker_count=1 worker_hold_avg_us=5 worker_hold_max_us=5 worker_hold_over_2ms=0 queue=0 pending=0 registered=0
t=1831637906 local_input_throttle_enabled ch=0 fps=24 url=/home/orangepi/Desktop/rknn-cpp-Multithreading/test.h264
t=1831637910 local_input_throttle_enabled ch=1 fps=24 url=/home/orangepi/Desktop/rknn-cpp-Multithreading/test2.h264
t=1831637913 local_input_throttle_enabled ch=2 fps=24 url=/home/orangepi/Desktop/rknn-cpp-Multithreading/test3.h264
t=1831637917 local_input_throttle_enabled ch=3 fps=24 url=/home/orangepi/Desktop/rknn-cpp-Multithreading/test4.h264
t=1831638209 local_input_clock_started ch=0 frame=0
t=1831638213 local_input_clock_started ch=2 frame=0
t=1831638221 model_submit model=yolo ch=0 frame=0 ok=1 pending_before=0 pending_after=2
t=1831638229 model_submit model=yolo ch=2 frame=0 ok=1 pending_before=1 pending_after=2
t=1831638231 model_submit model=face_yolo ch=0 frame=0 ok=1 pending_before=0 pending_after=2
t=1831638232 decode_enqueue ch=0 frame=0 pts_us=0 inflight=1 max_inflight=8 queue=4
t=1831638234 model_submit model=face_yolo ch=2 frame=0 ok=1 pending_before=1 pending_after=2
t=1831638234 decode_enqueue ch=2 frame=0 pts_us=0 inflight=1 max_inflight=8 queue=4
t=1831638241 local_input_clock_started ch=3 frame=0
t=1831638244 model_submit model=yolo ch=3 frame=0 ok=1 pending_before=2 pending_after=3
t=1831638247 model_submit model=face_yolo ch=3 frame=0 ok=1 pending_before=2 pending_after=3
t=1831638247 decode_enqueue ch=3 frame=0 pts_us=0 inflight=1 max_inflight=8 queue=6
t=1831638258 model_submit model=yolo ch=0 frame=1 ok=1 pending_before=3 pending_after=5
t=1831638259 decode_enqueue ch=0 frame=1 pts_us=41666 inflight=2 max_inflight=8 queue=8
t=1831638263 rknn_infer ch=2 frame=0 lock_wait_us=0 rga_pre_us=3610 run_us=23715 outputs_get_us=4347 post_us=316 release_us=527 total_us=32657 boxes=0
t=1831638263 model_output model=yolo ch=2 frame=0 pending_after=5 boxes=0
t=1831638263 agg_first_result model=yolo ch=2 frame=0
t=1831638263 agg_add model=yolo ch=2 frame=0 results=1 boxes=0 first=1
t=1831638265 model_submit model=yolo ch=2 frame=1 ok=1 pending_before=4 pending_after=4
t=1831638266 decode_enqueue ch=2 frame=1 pts_us=41666 inflight=2 max_inflight=8 queue=7
t=1831638276 rknn_infer ch=0 frame=0 lock_wait_us=0 rga_pre_us=2230 run_us=23788 outputs_get_us=19142 post_us=568 release_us=647 total_us=46429 boxes=0
t=1831638277 model_output model=yolo ch=0 frame=0 pending_after=4 boxes=0
t=1831638277 agg_first_result model=yolo ch=0 frame=0
t=1831638277 agg_add model=yolo ch=0 frame=0 results=1 boxes=0 first=1
t=1831638278 local_input_clock_started ch=1 frame=0
t=1831638278 model_submit model=yolo ch=1 frame=0 ok=1 pending_before=3 pending_after=4
t=1831638278 model_submit model=face_yolo ch=1 frame=0 ok=1 pending_before=3 pending_after=4
t=1831638278 decode_enqueue ch=1 frame=0 pts_us=0 inflight=1 max_inflight=8 queue=8
t=1831638282 model_submit model=yolo ch=3 frame=1 ok=1 pending_before=4 pending_after=5
t=1831638283 decode_enqueue ch=3 frame=1 pts_us=41666 inflight=2 max_inflight=8 queue=9
t=1831638293 model_submit model=yolo ch=0 frame=2 ok=1 pending_before=5 pending_after=6
t=1831638293 decode_enqueue ch=0 frame=2 pts_us=83333 inflight=3 max_inflight=8 queue=10
t=1831638298 model_submit model=yolo ch=2 frame=2 ok=1 pending_before=6 pending_after=7
t=1831638298 decode_enqueue ch=2 frame=2 pts_us=83333 inflight=3 max_inflight=8 queue=11
t=1831638304 rknn_infer ch=3 frame=0 lock_wait_us=0 rga_pre_us=13056 run_us=36727 outputs_get_us=1664 post_us=114 release_us=1 total_us=51599 boxes=0
t=1831638304 model_output model=yolo ch=3 frame=0 pending_after=7 boxes=0
t=1831638305 agg_first_result model=yolo ch=3 frame=0
t=1831638305 agg_add model=yolo ch=3 frame=0 results=1 boxes=0 first=1
t=1831638305 rknn_infer ch=2 frame=1 lock_wait_us=11787 rga_pre_us=2319 run_us=24643 outputs_get_us=1601 post_us=114 release_us=1 total_us=40483 boxes=0
t=1831638306 model_output model=yolo ch=2 frame=1 pending_after=6 boxes=0
t=1831638306 agg_first_result model=yolo ch=2 frame=1
t=1831638306 agg_add model=yolo ch=2 frame=1 results=1 boxes=0 first=1
t=1831638306 agg_publish ch=2 frame=1 partial=0 ready=1 results=1 models=yolo has_face=0 face_boxes=0 yolo_boxes=0 waited_ms=0
t=1831638306 mosaic_submit ch=2 frame=1 pts_us=41666 partial=0 results=1 has_face=0 face_boxes=0 yolo_boxes=0
t=1831638308 rknn_infer ch=0 frame=1 lock_wait_us=0 rga_pre_us=2210 run_us=41394 outputs_get_us=5557 post_us=558 release_us=2 total_us=49761 boxes=0
t=1831638309 model_output model=yolo ch=0 frame=1 pending_after=5 boxes=0
t=1831638309 agg_first_result model=yolo ch=0 frame=1
t=1831638309 agg_add model=yolo ch=0 frame=1 results=1 boxes=0 first=1
t=1831638309 agg_publish ch=0 frame=1 partial=0 ready=1 results=1 models=yolo has_face=0 face_boxes=0 yolo_boxes=0 waited_ms=0
t=1831638309 mosaic_submit ch=0 frame=1 pts_us=41666 partial=0 results=1 has_face=0 face_boxes=0 yolo_boxes=0
t=1831638309 rknn_infer ch=1 frame=0 lock_wait_us=0 rga_pre_us=2214 run_us=22853 outputs_get_us=5528 post_us=560 release_us=3 total_us=31188 boxes=0
t=1831638309 model_output model=yolo ch=1 frame=0 pending_after=4 boxes=0
t=1831638309 agg_first_result model=yolo ch=1 frame=0
t=1831638309 agg_add model=yolo ch=1 frame=0 results=1 boxes=0 first=1
t=1831638320 model_submit model=yolo ch=1 frame=1 ok=1 pending_before=3 pending_after=4
t=1831638320 decode_enqueue ch=1 frame=1 pts_us=41666 inflight=2 max_inflight=8 queue=8
t=1831638324 model_submit model=yolo ch=3 frame=2 ok=1 pending_before=4 pending_after=5
t=1831638324 decode_enqueue ch=3 frame=2 pts_us=83333 inflight=3 max_inflight=8 queue=9
t=1831638335 model_submit model=yolo ch=0 frame=3 ok=1 pending_before=5 pending_after=6
t=1831638335 model_submit model=face_yolo ch=0 frame=3 ok=1 pending_before=4 pending_after=5
t=1831638335 decode_enqueue ch=0 frame=3 pts_us=125000 inflight=3 max_inflight=8 queue=11
t=1831638338 model_submit model=yolo ch=2 frame=3 ok=1 pending_before=6 pending_after=7
t=1831638338 model_submit model=face_yolo ch=2 frame=3 ok=1 pending_before=5 pending_after=6
t=1831638338 decode_enqueue ch=2 frame=3 pts_us=125000 inflight=3 max_inflight=8 queue=13
t=1831638342 rknn_infer ch=3 frame=1 lock_wait_us=0 rga_pre_us=1845 run_us=31815 outputs_get_us=3077 post_us=564 release_us=2 total_us=37337 boxes=0
t=1831638342 model_output model=yolo ch=3 frame=1 pending_after=7 boxes=0
t=1831638343 agg_first_result model=yolo ch=3 frame=1
t=1831638343 agg_add model=yolo ch=3 frame=1 results=1 boxes=0 first=1
t=1831638343 agg_publish ch=3 frame=1 partial=0 ready=1 results=1 models=yolo has_face=0 face_boxes=0 yolo_boxes=0 waited_ms=0
t=1831638343 mosaic_submit ch=3 frame=1 pts_us=41666 partial=0 results=1 has_face=0 face_boxes=0 yolo_boxes=0
t=1831638343 rknn_infer ch=2 frame=2 lock_wait_us=0 rga_pre_us=1980 run_us=28692 outputs_get_us=3069 post_us=557 release_us=3 total_us=34360 boxes=0
t=1831638343 model_output model=yolo ch=2 frame=2 pending_after=6 boxes=0
t=1831638343 agg_first_result model=yolo ch=2 frame=2
t=1831638343 agg_add model=yolo ch=2 frame=2 results=1 boxes=0 first=1
t=1831638343 agg_publish ch=2 frame=2 partial=0 ready=1 results=1 models=yolo has_face=0 face_boxes=0 yolo_boxes=0 waited_ms=0
t=1831638344 mosaic_submit ch=2 frame=2 pts_us=83333 partial=0 results=1 has_face=0 face_boxes=0 yolo_boxes=0
t=1831638346 rknn_infer ch=1 frame=1 lock_wait_us=0 rga_pre_us=2157 run_us=22726 outputs_get_us=1431 post_us=147 release_us=2 total_us=26488 boxes=0
t=1831638346 model_output model=yolo ch=1 frame=1 pending_after=5 boxes=0
t=1831638346 agg_first_result model=yolo ch=1 frame=1
t=1831638346 agg_add model=yolo ch=1 frame=1 results=1 boxes=0 first=1
t=1831638347 agg_publish ch=1 frame=1 partial=0 ready=1 results=1 models=yolo has_face=0 face_boxes=0 yolo_boxes=0 waited_ms=0
t=1831638347 mosaic_submit ch=1 frame=1 pts_us=41666 partial=0 results=1 has_face=0 face_boxes=0 yolo_boxes=0
t=1831638348 rknn_infer ch=0 frame=2 lock_wait_us=2742 rga_pre_us=2005 run_us=33013 outputs_get_us=3784 post_us=560 release_us=3 total_us=42136 boxes=0
t=1831638348 model_output model=yolo ch=0 frame=2 pending_after=4 boxes=0
t=1831638348 agg_first_result model=yolo ch=0 frame=2
t=1831638348 agg_add model=yolo ch=0 frame=2 results=1 boxes=0 first=1
t=1831638348 agg_publish ch=0 frame=2 partial=0 ready=1 results=1 models=yolo has_face=0 face_boxes=0 yolo_boxes=0 waited_ms=0
t=1831638348 mosaic_submit ch=0 frame=2 pts_us=83333 partial=0 results=1 has_face=0 face_boxes=0 yolo_boxes=0
t=1831638356 rknn_infer ch=3 frame=0 lock_wait_us=0 rga_pre_us=8173 run_us=97312 outputs_get_us=1308 post_us=630 release_us=1 total_us=107492 boxes=0
t=1831638356 model_output model=face_yolo ch=3 frame=0 pending_after=6 boxes=0
t=1831638357 rknn_infer ch=0 frame=0 lock_wait_us=0 rga_pre_us=29191 run_us=89213 outputs_get_us=2279 post_us=2010 release_us=2 total_us=122744 boxes=0
t=1831638357 rknn_infer ch=2 frame=0 lock_wait_us=0 rga_pre_us=7747 run_us=110620 outputs_get_us=2328 post_us=1953 release_us=1 total_us=122710 boxes=0
t=1831638357 model_output model=face_yolo ch=2 frame=0 pending_after=5 boxes=0
t=1831638357 agg_add model=face_yolo ch=3 frame=0 results=2 boxes=0 first=0
t=1831638358 agg_publish ch=3 frame=0 partial=0 ready=1 results=2 models=yolo,face_yolo has_face=1 face_boxes=0 yolo_boxes=0 waited_ms=52
t=1831638358 mosaic_submit ch=3 frame=0 pts_us=0 partial=0 results=2 has_face=1 face_boxes=0 yolo_boxes=0
t=1831638358 agg_add model=face_yolo ch=2 frame=0 results=2 boxes=0 first=0
t=1831638358 agg_publish ch=2 frame=0 partial=0 ready=1 results=2 models=yolo,face_yolo has_face=1 face_boxes=0 yolo_boxes=0 waited_ms=94
t=1831638358 mosaic_submit ch=2 frame=0 pts_us=0 partial=0 results=2 has_face=1 face_boxes=0 yolo_boxes=0
t=1831638358 model_output model=face_yolo ch=0 frame=0 pending_after=5 boxes=0
t=1831638359 agg_add model=face_yolo ch=0 frame=0 results=2 boxes=0 first=0
t=1831638359 agg_publish ch=0 frame=0 partial=0 ready=1 results=2 models=yolo,face_yolo has_face=1 face_boxes=0 yolo_boxes=0 waited_ms=81
t=1831638359 mosaic_submit ch=0 frame=0 pts_us=0 partial=0 results=2 has_face=1 face_boxes=0 yolo_boxes=0
t=1831638361 model_submit model=yolo ch=1 frame=2 ok=1 pending_before=3 pending_after=4
t=1831638362 decode_enqueue ch=1 frame=2 pts_us=83333 inflight=2 max_inflight=8 queue=7
t=1831638366 model_submit model=yolo ch=3 frame=3 ok=1 pending_before=4 pending_after=5
t=1831638366 model_submit model=face_yolo ch=3 frame=3 ok=1 pending_before=3 pending_after=4
t=1831638366 decode_enqueue ch=3 frame=3 pts_us=125000 inflight=2 max_inflight=8 queue=9
t=1831638376 model_submit model=yolo ch=0 frame=4 ok=1 pending_before=5 pending_after=6
t=1831638377 decode_enqueue ch=0 frame=4 pts_us=166666 inflight=2 max_inflight=8 queue=10
t=1831638381 rknn_infer ch=3 frame=2 lock_wait_us=0 rga_pre_us=2324 run_us=32673 outputs_get_us=2722 post_us=557 release_us=2 total_us=38307 boxes=0
t=1831638382 model_output model=yolo ch=3 frame=2 pending_after=6 boxes=0
t=1831638382 agg_first_result model=yolo ch=3 frame=2
t=1831638382 agg_add model=yolo ch=3 frame=2 results=1 boxes=0 first=1
t=1831638382 agg_publish ch=3 frame=2 partial=0 ready=1 results=1 models=yolo has_face=0 face_boxes=0 yolo_boxes=0 waited_ms=0
t=1831638382 mosaic_submit ch=3 frame=2 pts_us=83333 partial=0 results=1 has_face=0 face_boxes=0 yolo_boxes=0
t=1831638382 rknn_infer ch=2 frame=3 lock_wait_us=0 rga_pre_us=2286 run_us=30245 outputs_get_us=2622 post_us=555 release_us=2 total_us=35729 boxes=0
t=1831638382 model_output model=yolo ch=2 frame=3 pending_after=5 boxes=0
t=1831638382 agg_first_result model=yolo ch=2 frame=3
t=1831638382 agg_add model=yolo ch=2 frame=3 results=1 boxes=0 first=1
t=1831638383 model_submit model=yolo ch=2 frame=4 ok=1 pending_before=4 pending_after=5
t=1831638383 decode_enqueue ch=2 frame=4 pts_us=166666 inflight=2 max_inflight=8 queue=9
t=1831638384 rknn_infer ch=0 frame=3 lock_wait_us=4682 rga_pre_us=1941 run_us=33219 outputs_get_us=1030 post_us=123 release_us=1 total_us=41020 boxes=0
t=1831638384 model_output model=yolo ch=0 frame=3 pending_after=5 boxes=0
t=1831638385 agg_first_result model=yolo ch=0 frame=3
t=1831638385 agg_add model=yolo ch=0 frame=3 results=1 boxes=0 first=1
t=1831638386 rknn_infer ch=1 frame=2 lock_wait_us=0 rga_pre_us=2219 run_us=20399 outputs_get_us=1372 post_us=142 release_us=1 total_us=24154 boxes=0
t=1831638386 model_output model=yolo ch=1 frame=2 pending_after=4 boxes=0
t=1831638386 agg_first_result model=yolo ch=1 frame=2
t=1831638386 agg_add model=yolo ch=1 frame=2 results=1 boxes=0 first=1
t=1831638386 agg_publish ch=1 frame=2 partial=0 ready=1 results=1 models=yolo has_face=0 face_boxes=0 yolo_boxes=0 waited_ms=0
t=1831638386 mosaic_submit ch=1 frame=2 pts_us=83333 partial=0 results=1 has_face=0 face_boxes=0 yolo_boxes=0
t=1831638403 model_submit model=yolo ch=1 frame=3 ok=1 pending_before=3 pending_after=4
t=1831638403 model_submit model=face_yolo ch=1 frame=3 ok=1 pending_before=4 pending_after=5
t=1831638403 decode_enqueue ch=1 frame=3 pts_us=125000 inflight=2 max_inflight=8 queue=9
t=1831638407 rknn_infer ch=0 frame=4 lock_wait_us=2188 rga_pre_us=2258 run_us=16688 outputs_get_us=3065 post_us=573 release_us=3 total_us=24802 boxes=0
t=1831638407 model_output model=yolo ch=0 frame=4 pending_after=4 boxes=0
t=1831638407 agg_first_result model=yolo ch=0 frame=4
t=1831638407 agg_add model=yolo ch=0 frame=4 results=1 boxes=0 first=1
t=1831638408 agg_publish ch=0 frame=4 partial=0 ready=1 results=1 models=yolo has_face=0 face_boxes=0 yolo_boxes=0 waited_ms=0
t=1831638408 mosaic_submit ch=0 frame=4 pts_us=166666 partial=0 results=1 has_face=0 face_boxes=0 yolo_boxes=0
t=1831638408 model_submit model=yolo ch=3 frame=4 ok=1 pending_before=4 pending_after=5
t=1831638408 decode_enqueue ch=3 frame=4 pts_us=166666 inflight=2 max_inflight=8 queue=10
t=1831638418 model_submit model=yolo ch=0 frame=5 ok=1 pending_before=4 pending_after=5
t=1831638418 decode_enqueue ch=0 frame=5 pts_us=208333 inflight=2 max_inflight=8 queue=10
t=1831638419 rknn_infer ch=3 frame=3 lock_wait_us=0 rga_pre_us=2217 run_us=32162 outputs_get_us=2467 post_us=559 release_us=2 total_us=37437 boxes=0
t=1831638420 model_output model=yolo ch=3 frame=3 pending_after=5 boxes=0
t=1831638420 agg_first_result model=yolo ch=3 frame=3
t=1831638420 agg_add model=yolo ch=3 frame=3 results=1 boxes=0 first=1
t=1831638420 rknn_infer ch=2 frame=4 lock_wait_us=0 rga_pre_us=1833 run_us=30604 outputs_get_us=2535 post_us=611 release_us=5 total_us=35610 boxes=0
t=1831638420 model_output model=yolo ch=2 frame=4 pending_after=4 boxes=0
t=1831638420 agg_first_result model=yolo ch=2 frame=4
t=1831638420 agg_add model=yolo ch=2 frame=4 results=1 boxes=0 first=1
t=1831638420 agg_publish ch=2 frame=4 partial=0 ready=1 results=1 models=yolo has_face=0 face_boxes=0 yolo_boxes=0 waited_ms=0
t=1831638421 mosaic_submit ch=2 frame=4 pts_us=166666 partial=0 results=1 has_face=0 face_boxes=0 yolo_boxes=0
t=1831638421 model_submit model=yolo ch=2 frame=5 ok=1 pending_before=3 pending_after=4
t=1831638422 decode_enqueue ch=2 frame=5 pts_us=208333 inflight=2 max_inflight=8 queue=9
t=1831638431 agg_publish ch=1 frame=0 partial=1 ready=0 results=1 models=yolo has_face=0 face_boxes=0 yolo_boxes=0 waited_ms=121
t=1831638431 mosaic_submit ch=1 frame=0 pts_us=0 partial=1 results=1 has_face=0 face_boxes=0 yolo_boxes=0
t=1831638441 rknn_infer ch=1 frame=3 lock_wait_us=0 rga_pre_us=2011 run_us=34088 outputs_get_us=1409 post_us=119 release_us=1 total_us=37649 boxes=0
t=1831638441 model_output model=yolo ch=1 frame=3 pending_after=4 boxes=0
t=1831638441 agg_first_result model=yolo ch=1 frame=3
t=1831638441 agg_add model=yolo ch=1 frame=3 results=1 boxes=0 first=1
t=1831638444 rknn_infer ch=0 frame=5 lock_wait_us=0 rga_pre_us=2436 run_us=18274 outputs_get_us=2717 post_us=559 release_us=2 total_us=24023 boxes=0
t=1831638444 model_output model=yolo ch=0 frame=5 pending_after=3 boxes=0
t=1831638444 agg_first_result model=yolo ch=0 frame=5
t=1831638444 agg_add model=yolo ch=0 frame=5 results=1 boxes=0 first=1
t=1831638444 agg_publish ch=0 frame=5 partial=0 ready=1 results=1 models=yolo has_face=0 face_boxes=0 yolo_boxes=0 waited_ms=0
t=1831638444 mosaic_submit ch=0 frame=5 pts_us=208333 partial=0 results=1 has_face=0 face_boxes=0 yolo_boxes=0
t=1831638445 model_submit model=yolo ch=1 frame=4 ok=1 pending_before=2 pending_after=3
t=1831638445 decode_enqueue ch=1 frame=4 pts_us=166666 inflight=2 max_inflight=8 queue=8
t=1831638449 model_submit model=yolo ch=3 frame=5 ok=1 pending_before=3 pending_after=4
t=1831638449 decode_enqueue ch=3 frame=5 pts_us=208333 inflight=3 max_inflight=8 queue=9
t=1831638451 rknn_infer ch=1 frame=0 lock_wait_us=1366 rga_pre_us=1858 run_us=90751 outputs_get_us=316 post_us=709 release_us=2 total_us=95026 boxes=0
t=1831638451 model_output model=face_yolo ch=1 frame=0 pending_after=5 boxes=0
t=1831638451 agg_submit_finished_drop model=face_yolo ch=1 frame=0 boxes=0
t=1831638451 rknn_infer ch=2 frame=3 lock_wait_us=0 rga_pre_us=1886 run_us=88421 outputs_get_us=578 post_us=1903 release_us=2 total_us=92823 boxes=0
t=1831638451 model_output model=face_yolo ch=2 frame=3 pending_after=4 boxes=0
t=1831638451 agg_add model=face_yolo ch=2 frame=3 results=2 boxes=0 first=0
t=1831638452 agg_publish ch=2 frame=3 partial=0 ready=1 results=2 models=yolo,face_yolo has_face=1 face_boxes=0 yolo_boxes=0 waited_ms=69
t=1831638452 mosaic_submit ch=2 frame=3 pts_us=125000 partial=0 results=2 has_face=1 face_boxes=0 yolo_boxes=0
t=1831638454 rknn_infer ch=0 frame=3 lock_wait_us=0 rga_pre_us=1971 run_us=91676 outputs_get_us=636 post_us=2121 release_us=2 total_us=96449 boxes=0
t=1831638454 model_output model=face_yolo ch=0 frame=3 pending_after=3 boxes=0
t=1831638456 rknn_infer ch=2 frame=5 lock_wait_us=0 rga_pre_us=2039 run_us=31179 outputs_get_us=1327 post_us=127 release_us=3 total_us=34700 boxes=0
t=1831638456 model_output model=yolo ch=2 frame=5 pending_after=4 boxes=0
t=1831638457 rknn_infer ch=3 frame=4 lock_wait_us=11497 rga_pre_us=1954 run_us=32601 outputs_get_us=2682 post_us=556 release_us=2 total_us=49315 boxes=0
t=1831638457 model_output model=yolo ch=3 frame=4 pending_after=3 boxes=0
t=1831638457 agg_add model=face_yolo ch=0 frame=3 results=2 boxes=0 first=0
t=1831638458 agg_publish ch=0 frame=3 partial=0 ready=1 results=2 models=yolo,face_yolo has_face=1 face_boxes=0 yolo_boxes=0 waited_ms=73
t=1831638458 mosaic_submit ch=0 frame=3 pts_us=125000 partial=0 results=2 has_face=1 face_boxes=0 yolo_boxes=0
t=1831638458 agg_first_result model=yolo ch=2 frame=5
t=1831638458 agg_add model=yolo ch=2 frame=5 results=1 boxes=0 first=1
t=1831638458 agg_publish ch=2 frame=5 partial=0 ready=1 results=1 models=yolo has_face=0 face_boxes=0 yolo_boxes=0 waited_ms=0
t=1831638458 mosaic_submit ch=2 frame=5 pts_us=208333 partial=0 results=1 has_face=0 face_boxes=0 yolo_boxes=0
t=1831638458 agg_first_result model=yolo ch=3 frame=4
t=1831638458 agg_add model=yolo ch=3 frame=4 results=1 boxes=0 first=1
t=1831638458 agg_publish ch=3 frame=4 partial=0 ready=1 results=1 models=yolo has_face=0 face_boxes=0 yolo_boxes=0 waited_ms=0
t=1831638458 mosaic_submit ch=3 frame=4 pts_us=166666 partial=0 results=1 has_face=0 face_boxes=0 yolo_boxes=0
t=1831638460 model_submit model=yolo ch=0 frame=6 ok=1 pending_before=2 pending_after=3
t=1831638460 model_submit model=face_yolo ch=0 frame=6 ok=1 pending_before=2 pending_after=3
t=1831638460 decode_enqueue ch=0 frame=6 pts_us=250000 inflight=1 max_inflight=8 queue=6
t=1831638463 model_submit model=yolo ch=2 frame=6 ok=1 pending_before=3 pending_after=4
t=1831638463 model_submit model=face_yolo ch=2 frame=6 ok=1 pending_before=3 pending_after=4
t=1831638463 decode_enqueue ch=2 frame=6 pts_us=250000 inflight=1 max_inflight=8 queue=8
t=1831638481 rknn_infer ch=1 frame=4 lock_wait_us=0 rga_pre_us=1823 run_us=32835 outputs_get_us=1313 post_us=122 release_us=1 total_us=36116 boxes=0
t=1831638481 model_output model=yolo ch=1 frame=4 pending_after=4 boxes=0
t=1831638481 agg_first_result model=yolo ch=1 frame=4
t=1831638481 agg_add model=yolo ch=1 frame=4 results=1 boxes=0 first=1
t=1831638481 agg_publish ch=1 frame=4 partial=0 ready=1 results=1 models=yolo has_face=0 face_boxes=0 yolo_boxes=0 waited_ms=0
t=1831638481 mosaic_submit ch=1 frame=4 pts_us=166666 partial=0 results=1 has_face=0 face_boxes=0 yolo_boxes=0
t=1831638484 rknn_infer ch=0 frame=6 lock_wait_us=0 rga_pre_us=2029 run_us=18499 outputs_get_us=2536 post_us=609 release_us=4 total_us=23711 boxes=0
t=1831638484 model_output model=yolo ch=0 frame=6 pending_after=3 boxes=0
t=1831638484 agg_first_result model=yolo ch=0 frame=6
t=1831638484 agg_add model=yolo ch=0 frame=6 results=1 boxes=0 first=1
t=1831638486 model_submit model=yolo ch=1 frame=5 ok=1 pending_before=2 pending_after=3
t=1831638486 decode_enqueue ch=1 frame=5 pts_us=208333 inflight=2 max_inflight=8 queue=7
t=1831638489 mosaic_playout_start target_pts=0 lead_us=166666 delay_us=150000
t=1831638491 model_submit model=yolo ch=3 frame=6 ok=1 pending_before=3 pending_after=4
t=1831638491 model_submit model=face_yolo ch=3 frame=6 ok=1 pending_before=4 pending_after=5
t=1831638491 decode_enqueue ch=3 frame=6 pts_us=250000 inflight=3 max_inflight=8 queue=9
t=1831638494 rknn_infer ch=2 frame=6 lock_wait_us=0 rga_pre_us=2087 run_us=26850 outputs_get_us=1356 post_us=128 release_us=1 total_us=30447 boxes=0
t=1831638494 model_output model=yolo ch=2 frame=6 pending_after=4 boxes=0
t=1831638494 agg_first_result model=yolo ch=2 frame=6
t=1831638494 agg_add model=yolo ch=2 frame=6 results=1 boxes=0 first=1
t=1831638496 rknn_infer ch=3 frame=5 lock_wait_us=8079 rga_pre_us=1999 run_us=32285 outputs_get_us=3482 post_us=579 release_us=3 total_us=46455 boxes=0
t=1831638496 model_output model=yolo ch=3 frame=5 pending_after=3 boxes=0
t=1831638496 agg_first_result model=yolo ch=3 frame=5
t=1831638496 agg_add model=yolo ch=3 frame=5 results=1 boxes=0 first=1
t=1831638496 agg_publish ch=3 frame=5 partial=0 ready=1 results=1 models=yolo has_face=0 face_boxes=0 yolo_boxes=0 waited_ms=0
t=1831638498 mosaic_e2e_age_ms ch0=287 ch1=219 ch2=284 ch3=256 frame=0,0,0,0
t=1831638498 mosaic_pts_select target_pts=0 selected_pts=0,0,0,0 selected_frame=0,0,0,0
t=1831638502 model_submit model=yolo ch=0 frame=7 ok=1 pending_before=2 pending_after=3
t=1831638502 decode_enqueue ch=0 frame=7 pts_us=291666 inflight=2 max_inflight=8 queue=8
t=1831638504 mosaic_submit ch=3 frame=5 pts_us=208333 partial=0 results=1 has_face=0 face_boxes=0 yolo_boxes=0
t=1831638505 model_submit model=yolo ch=2 frame=7 ok=1 pending_before=3 pending_after=4
t=1831638505 decode_enqueue ch=2 frame=7 pts_us=291666 inflight=2 max_inflight=8 queue=9
t=1831638522 rknn_infer ch=1 frame=5 lock_wait_us=0 rga_pre_us=1872 run_us=32854 outputs_get_us=1249 post_us=178 release_us=2 total_us=36177 boxes=0
t=1831638523 model_output model=yolo ch=1 frame=5 pending_after=4 boxes=0
t=1831638523 agg_first_result model=yolo ch=1 frame=5
t=1831638523 agg_add model=yolo ch=1 frame=5 results=1 boxes=0 first=1
t=1831638523 agg_publish ch=1 frame=5 partial=0 ready=1 results=1 models=yolo has_face=0 face_boxes=0 yolo_boxes=0 waited_ms=0
t=1831638523 mosaic_submit ch=1 frame=5 pts_us=208333 partial=0 results=1 has_face=0 face_boxes=0 yolo_boxes=0
t=1831638523 rknn_infer ch=0 frame=7 lock_wait_us=0 rga_pre_us=1893 run_us=18444 outputs_get_us=1147 post_us=118 release_us=0 total_us=21618 boxes=0
t=1831638523 model_output model=yolo ch=0 frame=7 pending_after=3 boxes=0
t=1831638523 agg_first_result model=yolo ch=0 frame=7
t=1831638523 agg_add model=yolo ch=0 frame=7 results=1 boxes=0 first=1
t=1831638524 agg_publish ch=0 frame=7 partial=0 ready=1 results=1 models=yolo has_face=0 face_boxes=0 yolo_boxes=0 waited_ms=0
t=1831638524 mosaic_submit ch=0 frame=7 pts_us=291666 partial=0 results=1 has_face=0 face_boxes=0 yolo_boxes=0
t=1831638526 mosaic_rtsp_handoff packet=0 compose_to_encode_ms=6 compose_to_rtsp_ms=28 rtsp_push_ms=22 ok=1
t=1831638528 model_submit model=yolo ch=1 frame=6 ok=1 pending_before=2 pending_after=3
t=1831638528 model_submit model=face_yolo ch=1 frame=6 ok=1 pending_before=5 pending_after=6
t=1831638528 decode_enqueue ch=1 frame=6 pts_us=250000 inflight=2 max_inflight=8 queue=9
t=1831638532 rknn_infer ch=2 frame=7 lock_wait_us=1 rga_pre_us=1994 run_us=23549 outputs_get_us=1446 post_us=119 release_us=2 total_us=27134 boxes=0
t=1831638532 model_output model=yolo ch=2 frame=7 pending_after=3 boxes=0
t=1831638532 agg_first_result model=yolo ch=2 frame=7
t=1831638533 agg_add model=yolo ch=2 frame=7 results=1 boxes=0 first=1
t=1831638533 agg_publish ch=2 frame=7 partial=0 ready=1 results=1 models=yolo has_face=0 face_boxes=0 yolo_boxes=0 waited_ms=0
t=1831638533 model_submit model=yolo ch=3 frame=7 ok=1 pending_before=2 pending_after=3
t=1831638533 decode_enqueue ch=3 frame=7 pts_us=291666 inflight=3 max_inflight=8 queue=9
t=1831638534 rknn_infer ch=3 frame=6 lock_wait_us=4913 rga_pre_us=1911 run_us=32125 outputs_get_us=3080 post_us=629 release_us=2 total_us=42691 boxes=0
t=1831638534 model_output model=yolo ch=3 frame=6 pending_after=3 boxes=0
t=1831638540 mosaic_e2e_age_ms ch0=287 ch1=220 ch2=284 ch3=257 frame=1,1,1,1
t=1831638540 mosaic_pts_select target_pts=41666 selected_pts=41666,41666,41666,41666 selected_frame=1,1,1,1
t=1831638543 model_submit model=yolo ch=0 frame=8 ok=1 pending_before=2 pending_after=3
t=1831638543 decode_enqueue ch=0 frame=8 pts_us=333333 inflight=2 max_inflight=8 queue=9
t=1831638546 mosaic_submit ch=2 frame=7 pts_us=291666 partial=0 results=1 has_face=0 face_boxes=0 yolo_boxes=0
t=1831638546 rknn_infer ch=3 frame=3 lock_wait_us=0 rga_pre_us=1887 run_us=90008 outputs_get_us=569 post_us=1861 release_us=1 total_us=94353 boxes=0
t=1831638546 agg_first_result model=yolo ch=3 frame=6
t=1831638546 agg_add model=yolo ch=3 frame=6 results=1 boxes=0 first=1
t=1831638546 model_output model=face_yolo ch=3 frame=3 pending_after=6 boxes=0
t=1831638546 agg_publish ch=3 frame=3 partial=1 ready=0 results=1 models=yolo has_face=0 face_boxes=0 yolo_boxes=0 waited_ms=125
t=1831638546 agg_submit_finished_drop model=face_yolo ch=3 frame=3 boxes=0
t=1831638546 mosaic_submit ch=3 frame=3 pts_us=125000 partial=1 results=1 has_face=0 face_boxes=0 yolo_boxes=0
t=1831638546 model_submit model=yolo ch=2 frame=8 ok=1 pending_before=3 pending_after=4
t=1831638547 decode_enqueue ch=2 frame=8 pts_us=333333 inflight=2 max_inflight=8 queue=9
t=1831638547 mosaic_rtsp_handoff packet=1 compose_to_encode_ms=6 compose_to_rtsp_ms=6 rtsp_push_ms=0 ok=1
t=1831638548 rknn_infer ch=0 frame=6 lock_wait_us=0 rga_pre_us=2174 run_us=83514 outputs_get_us=554 post_us=2002 release_us=2 total_us=88280 boxes=0
t=1831638549 model_output model=face_yolo ch=0 frame=6 pending_after=5 boxes=0
t=1831638549 agg_add model=face_yolo ch=0 frame=6 results=2 boxes=0 first=0
t=1831638549 agg_publish ch=0 frame=6 partial=0 ready=1 results=2 models=yolo,face_yolo has_face=1 face_boxes=0 yolo_boxes=0 waited_ms=64
t=1831638549 mosaic_submit ch=0 frame=6 pts_us=250000 partial=0 results=2 has_face=1 face_boxes=0 yolo_boxes=0
t=1831638549 rknn_infer ch=1 frame=3 lock_wait_us=3002 rga_pre_us=2134 run_us=90371 outputs_get_us=547 post_us=1845 release_us=4 total_us=97934 boxes=0
t=1831638550 model_output model=face_yolo ch=1 frame=3 pending_after=4 boxes=0
t=1831638550 agg_add model=face_yolo ch=1 frame=3 results=2 boxes=0 first=0
t=1831638550 agg_publish ch=1 frame=3 partial=0 ready=1 results=2 models=yolo,face_yolo has_face=1 face_boxes=0 yolo_boxes=0 waited_ms=108
t=1831638550 mosaic_submit ch=1 frame=3 pts_us=125000 partial=0 results=2 has_face=1 face_boxes=0 yolo_boxes=0
t=1831638566 rknn_infer ch=0 frame=8 lock_wait_us=0 rga_pre_us=2240 run_us=19501 outputs_get_us=1181 post_us=140 release_us=1 total_us=23084 boxes=0
t=1831638566 model_output model=yolo ch=0 frame=8 pending_after=4 boxes=0
t=1831638566 agg_first_result model=yolo ch=0 frame=8
t=1831638566 agg_add model=yolo ch=0 frame=8 results=1 boxes=0 first=1
t=1831638567 agg_publish ch=0 frame=8 partial=0 ready=1 results=1 models=yolo has_face=0 face_boxes=0 yolo_boxes=0 waited_ms=0
t=1831638567 mosaic_submit ch=0 frame=8 pts_us=333333 partial=0 results=1 has_face=0 face_boxes=0 yolo_boxes=0
t=1831638567 rknn_infer ch=1 frame=6 lock_wait_us=0 rga_pre_us=2128 run_us=33852 outputs_get_us=2678 post_us=634 release_us=2 total_us=39318 boxes=0
t=1831638567 model_output model=yolo ch=1 frame=6 pending_after=3 boxes=0
t=1831638567 agg_first_result model=yolo ch=1 frame=6
t=1831638568 agg_add model=yolo ch=1 frame=6 results=1 boxes=0 first=1
t=1831638570 model_submit model=yolo ch=1 frame=7 ok=1 pending_before=2 pending_after=3
t=1831638570 decode_enqueue ch=1 frame=7 pts_us=291666 inflight=2 max_inflight=8 queue=6
t=1831638571 rknn_infer ch=3 frame=7 lock_wait_us=2020 rga_pre_us=1994 run_us=32578 outputs_get_us=1241 post_us=122 release_us=0 total_us=37976 boxes=0
t=1831638571 model_output model=yolo ch=3 frame=7 pending_after=3 boxes=0
t=1831638571 agg_first_result model=yolo ch=3 frame=7
t=1831638571 agg_add model=yolo ch=3 frame=7 results=1 boxes=0 first=1
t=1831638571 agg_publish ch=3 frame=7 partial=0 ready=1 results=1 models=yolo has_face=0 face_boxes=0 yolo_boxes=0 waited_ms=0
t=1831638571 mosaic_submit ch=3 frame=7 pts_us=291666 partial=0 results=1 has_face=0 face_boxes=0 yolo_boxes=0
t=1831638571 rknn_infer ch=2 frame=8 lock_wait_us=0 rga_pre_us=1952 run_us=21726 outputs_get_us=950 post_us=113 release_us=0 total_us=24758 boxes=0
t=1831638571 model_output model=yolo ch=2 frame=8 pending_after=2 boxes=0
t=1831638571 agg_first_result model=yolo ch=2 frame=8
t=1831638571 agg_add model=yolo ch=2 frame=8 results=1 boxes=0 first=1
t=1831638572 agg_publish ch=2 frame=8 partial=0 ready=1 results=1 models=yolo has_face=0 face_boxes=0 yolo_boxes=0 waited_ms=0
t=1831638572 mosaic_submit ch=2 frame=8 pts_us=333333 partial=0 results=1 has_face=0 face_boxes=0 yolo_boxes=0
t=1831638574 model_submit model=yolo ch=3 frame=8 ok=1 pending_before=1 pending_after=2
t=1831638574 decode_enqueue ch=3 frame=8 pts_us=333333 inflight=2 max_inflight=8 queue=5
t=1831638580 mosaic_e2e_age_ms ch0=286 ch1=218 ch2=282 ch3=255 frame=2,2,2,2
t=1831638580 mosaic_pts_select target_pts=83332 selected_pts=83333,83333,83333,83333 selected_frame=2,2,2,2
t=1831638585 model_submit model=yolo ch=0 frame=9 ok=1 pending_before=2 pending_after=3
t=1831638585 model_submit model=face_yolo ch=0 frame=9 ok=1 pending_before=3 pending_after=4
t=1831638585 decode_enqueue ch=0 frame=9 pts_us=375000 inflight=1 max_inflight=8 queue=7
t=1831638586 mosaic_rtsp_handoff packet=2 compose_to_encode_ms=5 compose_to_rtsp_ms=6 rtsp_push_ms=1 ok=1
t=1831638588 model_submit model=yolo ch=2 frame=9 ok=1 pending_before=3 pending_after=4
t=1831638588 model_submit model=face_yolo ch=2 frame=9 ok=1 pending_before=4 pending_after=5
t=1831638588 decode_enqueue ch=2 frame=9 pts_us=375000 inflight=2 max_inflight=8 queue=9
t=1831638607 rknn_infer ch=0 frame=9 lock_wait_us=0 rga_pre_us=2067 run_us=19371 outputs_get_us=989 post_us=118 release_us=0 total_us=22561 boxes=0
t=1831638607 model_output model=yolo ch=0 frame=9 pending_after=4 boxes=0
t=1831638607 agg_first_result model=yolo ch=0 frame=9
t=1831638608 agg_add model=yolo ch=0 frame=9 results=1 boxes=0 first=1
t=1831638608 rknn_infer ch=1 frame=7 lock_wait_us=0 rga_pre_us=3190 run_us=32547 outputs_get_us=2287 post_us=552 release_us=1 total_us=38595 boxes=0
t=1831638608 model_output model=yolo ch=1 frame=7 pending_after=3 boxes=0
t=1831638608 agg_first_result model=yolo ch=1 frame=7
t=1831638608 agg_add model=yolo ch=1 frame=7 results=1 boxes=0 first=1
t=1831638608 agg_publish ch=1 frame=7 partial=0 ready=1 results=1 models=yolo has_face=0 face_boxes=0 yolo_boxes=0 waited_ms=0
t=1831638608 mosaic_submit ch=1 frame=7 pts_us=291666 partial=0 results=1 has_face=0 face_boxes=0 yolo_boxes=0
t=1831638610 rknn_infer ch=2 frame=9 lock_wait_us=1 rga_pre_us=1923 run_us=18435 outputs_get_us=873 post_us=133 release_us=1 total_us=21382 boxes=0
t=1831638610 model_output model=yolo ch=2 frame=9 pending_after=2 boxes=0
t=1831638610 agg_first_result model=yolo ch=2 frame=9
t=1831638610 agg_add model=yolo ch=2 frame=9 results=1 boxes=0 first=1
t=1831638611 rknn_infer ch=3 frame=8 lock_wait_us=0 rga_pre_us=1873 run_us=32056 outputs_get_us=2226 post_us=552 release_us=1 total_us=36727 boxes=0
t=1831638611 model_output model=yolo ch=3 frame=8 pending_after=1 boxes=0
t=1831638611 agg_first_result model=yolo ch=3 frame=8
t=1831638611 agg_add model=yolo ch=3 frame=8 results=1 boxes=0 first=1
t=1831638611 agg_publish ch=3 frame=8 partial=0 ready=1 results=1 models=yolo has_face=0 face_boxes=0 yolo_boxes=0 waited_ms=0
t=1831638611 mosaic_submit ch=3 frame=8 pts_us=333333 partial=0 results=1 has_face=0 face_boxes=0 yolo_boxes=0
t=1831638611 model_submit model=yolo ch=1 frame=8 ok=1 pending_before=0 pending_after=1
t=1831638611 decode_enqueue ch=1 frame=8 pts_us=333333 inflight=2 max_inflight=8 queue=6
t=1831638616 model_submit model=yolo ch=3 frame=9 ok=1 pending_before=1 pending_after=2
t=1831638616 model_submit model=face_yolo ch=3 frame=9 ok=1 pending_before=5 pending_after=6
t=1831638616 decode_enqueue ch=3 frame=9 pts_us=375000 inflight=2 max_inflight=8 queue=8
t=1831638621 mosaic_e2e_age_ms ch0=287 ch1=218 ch2=283 ch3=255 frame=3,3,3,3
t=1831638621 mosaic_pts_select target_pts=124998 selected_pts=125000,125000,125000,125000 selected_frame=3,3,3,3
t=1831638621 agg_publish ch=2 frame=6 partial=1 ready=0 results=1 models=yolo has_face=0 face_boxes=0 yolo_boxes=0 waited_ms=127
t=1831638626 mosaic_submit ch=2 frame=6 pts_us=250000 partial=1 results=1 has_face=0 face_boxes=0 yolo_boxes=0
t=1831638626 model_submit model=yolo ch=0 frame=10 ok=1 pending_before=2 pending_after=3
t=1831638626 decode_enqueue ch=0 frame=10 pts_us=416666 inflight=2 max_inflight=8 queue=9
t=1831638628 mosaic_rtsp_handoff packet=3 compose_to_encode_ms=5 compose_to_rtsp_ms=7 rtsp_push_ms=2 ok=1
t=1831638630 model_submit model=yolo ch=2 frame=10 ok=1 pending_before=3 pending_after=4
t=1831638630 decode_enqueue ch=2 frame=10 pts_us=416666 inflight=2 max_inflight=8 queue=10
t=1831638637 rknn_infer ch=2 frame=6 lock_wait_us=0 rga_pre_us=2179 run_us=85942 outputs_get_us=502 post_us=1875 release_us=2 total_us=90523 boxes=0
t=1831638637 model_output model=face_yolo ch=2 frame=6 pending_after=6 boxes=0
t=1831638637 agg_submit_finished_drop model=face_yolo ch=2 frame=6 boxes=0
t=1831638638 rknn_infer ch=1 frame=6 lock_wait_us=0 rga_pre_us=2436 run_us=84097 outputs_get_us=348 post_us=1119 release_us=1 total_us=88020 boxes=0
t=1831638638 model_output model=face_yolo ch=1 frame=6 pending_after=5 boxes=0
t=1831638638 agg_add model=face_yolo ch=1 frame=6 results=2 boxes=0 first=0
t=1831638638 agg_publish ch=1 frame=6 partial=0 ready=1 results=2 models=yolo,face_yolo has_face=1 face_boxes=0 yolo_boxes=0 waited_ms=70
t=1831638638 mosaic_submit ch=1 frame=6 pts_us=250000 partial=0 results=2 has_face=1 face_boxes=0 yolo_boxes=0
t=1831638639 rknn_infer ch=3 frame=6 lock_wait_us=721 rga_pre_us=2236 run_us=85393 outputs_get_us=464 post_us=1801 release_us=0 total_us=90633 boxes=0
t=1831638640 model_output model=face_yolo ch=3 frame=6 pending_after=4 boxes=0
t=1831638640 agg_add model=face_yolo ch=3 frame=6 results=2 boxes=0 first=0
t=1831638640 agg_publish ch=3 frame=6 partial=0 ready=1 results=2 models=yolo,face_yolo has_face=1 face_boxes=0 yolo_boxes=0 waited_ms=94
t=1831638640 mosaic_submit ch=3 frame=6 pts_us=250000 partial=0 results=2 has_face=1 face_boxes=0 yolo_boxes=0
t=1831638648 rknn_infer ch=0 frame=10 lock_wait_us=0 rga_pre_us=1848 run_us=18049 outputs_get_us=1082 post_us=153 release_us=1 total_us=21146 boxes=0
t=1831638648 model_output model=yolo ch=0 frame=10 pending_after=4 boxes=0
t=1831638648 rknn_infer ch=1 frame=8 lock_wait_us=0 rga_pre_us=1738 run_us=32500 outputs_get_us=1706 post_us=322 release_us=1 total_us=36287 boxes=0
t=1831638648 model_output model=yolo ch=1 frame=8 pending_after=3 boxes=0
t=1831638648 agg_first_result model=yolo ch=0 frame=10
t=1831638648 agg_add model=yolo ch=0 frame=10 results=1 boxes=0 first=1
t=1831638648 agg_publish ch=0 frame=10 partial=0 ready=1 results=1 models=yolo has_face=0 face_boxes=0 yolo_boxes=0 waited_ms=0
t=1831638648 mosaic_submit ch=0 frame=10 pts_us=416666 partial=0 results=1 has_face=0 face_boxes=0 yolo_boxes=0
t=1831638648 agg_first_result model=yolo ch=1 frame=8
t=1831638648 agg_add model=yolo ch=1 frame=8 results=1 boxes=0 first=1
t=1831638648 agg_publish ch=1 frame=8 partial=0 ready=1 results=1 models=yolo has_face=0 face_boxes=0 yolo_boxes=0 waited_ms=0
t=1831638648 mosaic_submit ch=1 frame=8 pts_us=333333 partial=0 results=1 has_face=0 face_boxes=0 yolo_boxes=0
t=1831638652 rknn_infer ch=3 frame=9 lock_wait_us=0 rga_pre_us=1859 run_us=31973 outputs_get_us=2081 post_us=555 release_us=2 total_us=36496 boxes=0
t=1831638652 model_output model=yolo ch=3 frame=9 pending_after=2 boxes=0
t=1831638653 agg_first_result model=yolo ch=3 frame=9
t=1831638653 agg_add model=yolo ch=3 frame=9 results=1 boxes=0 first=1
t=1831638653 model_submit model=yolo ch=1 frame=9 ok=1 pending_before=1 pending_after=2
t=1831638653 model_submit model=face_yolo ch=1 frame=9 ok=1 pending_before=3 pending_after=4
t=1831638653 decode_enqueue ch=1 frame=9 pts_us=375000 inflight=1 max_inflight=8 queue=6
t=1831638653 rknn_infer ch=2 frame=10 lock_wait_us=0 rga_pre_us=1911 run_us=18581 outputs_get_us=2077 post_us=582 release_us=1 total_us=23169 boxes=0
t=1831638653 model_output model=yolo ch=2 frame=10 pending_after=2 boxes=0
t=1831638653 agg_first_result model=yolo ch=2 frame=10
t=1831638653 agg_add model=yolo ch=2 frame=10 results=1 boxes=0 first=1
t=1831638653 agg_publish ch=2 frame=10 partial=0 ready=1 results=1 models=yolo has_face=0 face_boxes=0 yolo_boxes=0 waited_ms=0
t=1831638654 mosaic_submit ch=2 frame=10 pts_us=416666 partial=0 results=1 has_face=0 face_boxes=0 yolo_boxes=0
t=1831638658 model_submit model=yolo ch=3 frame=10 ok=1 pending_before=1 pending_after=2
t=1831638658 decode_enqueue ch=3 frame=10 pts_us=416666 inflight=2 max_inflight=8 queue=6
t=1831638662 mosaic_e2e_age_ms ch0=285 ch1=217 ch2=279 ch3=254 frame=4,4,4,4
t=1831638662 mosaic_pts_select target_pts=166664 selected_pts=166666,166666,166666,166666 selected_frame=4,4,4,4
t=1831638667 mosaic_rtsp_handoff packet=4 compose_to_encode_ms=5 compose_to_rtsp_ms=6 rtsp_push_ms=1 ok=1
t=1831638668 model_submit model=yolo ch=0 frame=11 ok=1 pending_before=2 pending_after=3
t=1831638668 decode_enqueue ch=0 frame=11 pts_us=458333 inflight=2 max_inflight=8 queue=7
t=1831638672 model_submit model=yolo ch=2 frame=11 ok=1 pending_before=3 pending_after=4
t=1831638672 decode_enqueue ch=2 frame=11 pts_us=458333 inflight=2 max_inflight=8 queue=8
t=1831638689 rknn_infer ch=1 frame=9 lock_wait_us=0 rga_pre_us=1852 run_us=32878 outputs_get_us=1432 post_us=243 release_us=2 total_us=36425 boxes=0
t=1831638689 model_output model=yolo ch=1 frame=9 pending_after=4 boxes=0
t=1831638690 agg_first_result model=yolo ch=1 frame=9
t=1831638690 agg_add model=yolo ch=1 frame=9 results=1 boxes=0 first=1
t=1831638691 rknn_infer ch=0 frame=11 lock_wait_us=0 rga_pre_us=2037 run_us=18405 outputs_get_us=2258 post_us=553 release_us=1 total_us=23275 boxes=0
t=1831638691 model_output model=yolo ch=0 frame=11 pending_after=3 boxes=0
t=1831638692 agg_first_result model=yolo ch=0 frame=11
t=1831638692 agg_add model=yolo ch=0 frame=11 results=1 boxes=0 first=1
t=1831638692 agg_publish ch=0 frame=11 partial=0 ready=1 results=1 models=yolo has_face=0 face_boxes=0 yolo_boxes=0 waited_ms=0
t=1831638692 mosaic_submit ch=0 frame=11 pts_us=458333 partial=0 results=1 has_face=0 face_boxes=0 yolo_boxes=0
t=1831638695 model_submit model=yolo ch=1 frame=10 ok=1 pending_before=2 pending_after=3
t=1831638695 decode_enqueue ch=1 frame=10 pts_us=416666 inflight=2 max_inflight=8 queue=7
t=1831638696 rknn_infer ch=3 frame=10 lock_wait_us=0 rga_pre_us=3427 run_us=31853 outputs_get_us=2321 post_us=415 release_us=1 total_us=38041 boxes=0
t=1831638696 model_output model=yolo ch=3 frame=10 pending_after=3 boxes=0
t=1831638696 agg_first_result model=yolo ch=3 frame=10
t=1831638696 agg_add model=yolo ch=3 frame=10 results=1 boxes=0 first=1
t=1831638696 agg_publish ch=3 frame=10 partial=0 ready=1 results=1 models=yolo has_face=0 face_boxes=0 yolo_boxes=0 waited_ms=0
t=1831638696 mosaic_submit ch=3 frame=10 pts_us=416666 partial=0 results=1 has_face=0 face_boxes=0 yolo_boxes=0
t=1831638696 rknn_infer ch=2 frame=11 lock_wait_us=0 rga_pre_us=1952 run_us=20063 outputs_get_us=2117 post_us=551 release_us=1 total_us=24704 boxes=0
t=1831638696 model_output model=yolo ch=2 frame=11 pending_after=2 boxes=0
t=1831638697 agg_first_result model=yolo ch=2 frame=11
t=1831638697 agg_add model=yolo ch=2 frame=11 results=1 boxes=0 first=1
t=1831638697 agg_publish ch=2 frame=11 partial=0 ready=1 results=1 models=yolo has_face=0 face_boxes=0 yolo_boxes=0 waited_ms=0
t=1831638697 mosaic_submit ch=2 frame=11 pts_us=458333 partial=0 results=1 has_face=0 face_boxes=0 yolo_boxes=0
t=1831638699 model_submit model=yolo ch=3 frame=11 ok=1 pending_before=1 pending_after=2
t=1831638699 decode_enqueue ch=3 frame=11 pts_us=458333 inflight=2 max_inflight=8 queue=6
t=1831638703 mosaic_e2e_age_ms ch0=285 ch1=217 ch2=282 ch3=254 frame=5,5,5,5
t=1831638703 mosaic_pts_select target_pts=208330 selected_pts=208333,208333,208333,208333 selected_frame=5,5,5,5
t=1831638710 mosaic_rtsp_handoff packet=5 compose_to_encode_ms=5 compose_to_rtsp_ms=6 rtsp_push_ms=1 ok=1
t=1831638710 model_submit model=yolo ch=0 frame=12 ok=1 pending_before=2 pending_after=3
t=1831638710 model_submit model=face_yolo ch=0 frame=12 ok=1 pending_before=4 pending_after=5
t=1831638710 decode_enqueue ch=0 frame=12 pts_us=500000 inflight=2 max_inflight=8 queue=8
t=1831638713 model_submit model=yolo ch=2 frame=12 ok=1 pending_before=3 pending_after=4
t=1831638714 model_submit model=face_yolo ch=2 frame=12 ok=1 pending_before=5 pending_after=6
t=1831638714 decode_enqueue ch=2 frame=12 pts_us=500000 inflight=2 max_inflight=8 queue=10
t=1831638724 rknn_infer ch=2 frame=9 lock_wait_us=1684 rga_pre_us=1849 run_us=79739 outputs_get_us=521 post_us=2019 release_us=1 total_us=85837 boxes=0
t=1831638724 model_output model=face_yolo ch=2 frame=9 pending_after=6 boxes=0
t=1831638724 agg_add model=face_yolo ch=2 frame=9 results=2 boxes=0 first=0
t=1831638724 agg_publish ch=2 frame=9 partial=0 ready=1 results=2 models=yolo,face_yolo has_face=1 face_boxes=0 yolo_boxes=0 waited_ms=114
t=1831638725 mosaic_submit ch=2 frame=9 pts_us=375000 partial=0 results=2 has_face=1 face_boxes=0 yolo_boxes=0
t=1831638730 rknn_infer ch=3 frame=9 lock_wait_us=0 rga_pre_us=2096 run_us=85575 outputs_get_us=496 post_us=1913 release_us=2 total_us=90104 boxes=0
t=1831638730 model_output model=face_yolo ch=3 frame=9 pending_after=5 boxes=0
t=1831638730 agg_add model=face_yolo ch=3 frame=9 results=2 boxes=0 first=0
t=1831638730 agg_publish ch=0 frame=9 partial=1 ready=0 results=1 models=yolo has_face=0 face_boxes=0 yolo_boxes=0 waited_ms=122
t=1831638730 agg_publish ch=3 frame=9 partial=0 ready=1 results=2 models=yolo,face_yolo has_face=1 face_boxes=0 yolo_boxes=0 waited_ms=77
t=1831638730 mosaic_submit ch=0 frame=9 pts_us=375000 partial=1 results=1 has_face=0 face_boxes=0 yolo_boxes=0
t=1831638731 mosaic_submit ch=3 frame=9 pts_us=375000 partial=0 results=2 has_face=1 face_boxes=0 yolo_boxes=0
t=1831638731 rknn_infer ch=1 frame=10 lock_wait_us=0 rga_pre_us=1817 run_us=32365 outputs_get_us=1661 post_us=320 release_us=1 total_us=36185 boxes=0
t=1831638731 model_output model=yolo ch=1 frame=10 pending_after=4 boxes=0
t=1831638731 agg_first_result model=yolo ch=1 frame=10
t=1831638731 agg_add model=yolo ch=1 frame=10 results=1 boxes=0 first=1
t=1831638731 rknn_infer ch=0 frame=9 lock_wait_us=0 rga_pre_us=2015 run_us=89766 outputs_get_us=470 post_us=1855 release_us=2 total_us=94134 boxes=0
t=1831638731 agg_publish ch=1 frame=10 partial=0 ready=1 results=1 models=yolo has_face=0 face_boxes=0 yolo_boxes=0 waited_ms=0
t=1831638731 model_output model=face_yolo ch=0 frame=9 pending_after=4 boxes=0
t=1831638731 mosaic_submit ch=1 frame=10 pts_us=416666 partial=0 results=1 has_face=0 face_boxes=0 yolo_boxes=0
t=1831638732 agg_submit_finished_drop model=face_yolo ch=0 frame=9 boxes=0
t=1831638732 rknn_infer ch=0 frame=12 lock_wait_us=0 rga_pre_us=1954 run_us=18213 outputs_get_us=1441 post_us=181 release_us=0 total_us=21802 boxes=0
t=1831638732 model_output model=yolo ch=0 frame=12 pending_after=3 boxes=0
t=1831638732 agg_first_result model=yolo ch=0 frame=12
t=1831638733 agg_add model=yolo ch=0 frame=12 results=1 boxes=0 first=1
t=1831638736 rknn_infer ch=3 frame=11 lock_wait_us=0 rga_pre_us=1859 run_us=32181 outputs_get_us=2079 post_us=554 release_us=2 total_us=36702 boxes=0
t=1831638736 model_output model=yolo ch=3 frame=11 pending_after=2 boxes=0
t=1831638736 model_submit model=yolo ch=1 frame=11 ok=1 pending_before=2 pending_after=3
t=1831638736 decode_enqueue ch=1 frame=11 pts_us=458333 inflight=2 max_inflight=8 queue=5
t=1831638736 agg_first_result model=yolo ch=3 frame=11
t=1831638736 agg_add model=yolo ch=3 frame=11 results=1 boxes=0 first=1
t=1831638737 agg_publish ch=3 frame=11 partial=0 ready=1 results=1 models=yolo has_face=0 face_boxes=0 yolo_boxes=0 waited_ms=0
t=1831638737 mosaic_submit ch=3 frame=11 pts_us=458333 partial=0 results=1 has_face=0 face_boxes=0 yolo_boxes=0
t=1831638737 rknn_infer ch=2 frame=12 lock_wait_us=0 rga_pre_us=2084 run_us=18616 outputs_get_us=2083 post_us=664 release_us=1 total_us=23469 boxes=0
t=1831638737 model_output model=yolo ch=2 frame=12 pending_after=2 boxes=0
t=1831638737 agg_first_result model=yolo ch=2 frame=12
t=1831638737 agg_add model=yolo ch=2 frame=12 results=1 boxes=0 first=1
t=1831638741 model_submit model=yolo ch=3 frame=12 ok=1 pending_before=1 pending_after=2
t=1831638741 model_submit model=face_yolo ch=3 frame=12 ok=1 pending_before=3 pending_after=4
t=1831638741 decode_enqueue ch=3 frame=12 pts_us=500000 inflight=1 max_inflight=8 queue=6
t=1831638745 mosaic_e2e_age_ms ch0=285 ch1=216 ch2=281 ch3=253 frame=6,6,6,6
t=1831638745 mosaic_pts_select target_pts=249996 selected_pts=250000,250000,250000,250000 selected_frame=6,6,6,6
t=1831638751 model_submit model=yolo ch=0 frame=13 ok=1 pending_before=2 pending_after=3
t=1831638751 decode_enqueue ch=0 frame=13 pts_us=541666 inflight=2 max_inflight=8 queue=7
t=1831638755 model_submit model=yolo ch=2 frame=13 ok=1 pending_before=3 pending_after=4
t=1831638755 decode_enqueue ch=2 frame=13 pts_us=541666 inflight=2 max_inflight=8 queue=8
t=1831638756 rknn_infer ch=1 frame=11 lock_wait_us=0 rga_pre_us=1894 run_us=16755 outputs_get_us=1247 post_us=234 release_us=1 total_us=20151 boxes=0
t=1831638757 model_output model=yolo ch=1 frame=11 pending_after=4 boxes=0
t=1831638757 agg_first_result model=yolo ch=1 frame=11
t=1831638757 agg_add model=yolo ch=1 frame=11 results=1 boxes=0 first=1
t=1831638757 agg_publish ch=1 frame=11 partial=0 ready=1 results=1 models=yolo has_face=0 face_boxes=0 yolo_boxes=0 waited_ms=0
t=1831638757 mosaic_submit ch=1 frame=11 pts_us=458333 partial=0 results=1 has_face=0 face_boxes=0 yolo_boxes=0
t=1831638761 rknn_infer ch=3 frame=12 lock_wait_us=0 rga_pre_us=1842 run_us=16466 outputs_get_us=1237 post_us=144 release_us=1 total_us=19708 boxes=0
t=1831638761 model_output model=yolo ch=3 frame=12 pending_after=3 boxes=0
t=1831638761 agg_first_result model=yolo ch=3 frame=12
t=1831638761 agg_add model=yolo ch=3 frame=12 results=1 boxes=0 first=1
t=1831638774 mosaic_rtsp_handoff packet=6 compose_to_encode_ms=4 compose_to_rtsp_ms=29 rtsp_push_ms=25 ok=1
t=1831638777 rknn_infer ch=0 frame=13 lock_wait_us=0 rga_pre_us=2046 run_us=17137 outputs_get_us=2082 post_us=578 release_us=2 total_us=21870 boxes=0
t=1831638777 model_output model=yolo ch=0 frame=13 pending_after=2 boxes=0
t=1831638777 agg_first_result model=yolo ch=0 frame=13
t=1831638777 agg_add model=yolo ch=0 frame=13 results=1 boxes=0 first=1
t=1831638777 agg_publish ch=0 frame=13 partial=0 ready=1 results=1 models=yolo has_face=0 face_boxes=0 yolo_boxes=0 waited_ms=0
t=1831638777 mosaic_submit ch=0 frame=13 pts_us=541666 partial=0 results=1 has_face=0 face_boxes=0 yolo_boxes=0
t=1831638778 rknn_infer ch=2 frame=13 lock_wait_us=0 rga_pre_us=1873 run_us=16921 outputs_get_us=2046 post_us=551 release_us=1 total_us=21411 boxes=0
t=1831638778 model_output model=yolo ch=2 frame=13 pending_after=1 boxes=0
t=1831638778 agg_first_result model=yolo ch=2 frame=13
t=1831638778 agg_add model=yolo ch=2 frame=13 results=1 boxes=0 first=1
t=1831638778 model_submit model=yolo ch=1 frame=12 ok=1 pending_before=1 pending_after=1
t=1831638778 agg_publish ch=2 frame=13 partial=0 ready=1 results=1 models=yolo has_face=0 face_boxes=0 yolo_boxes=0 waited_ms=0
t=1831638778 model_submit model=face_yolo ch=1 frame=12 ok=1 pending_before=4 pending_after=5
t=1831638778 decode_enqueue ch=1 frame=12 pts_us=500000 inflight=2 max_inflight=8 queue=6
t=1831638779 mosaic_submit ch=2 frame=13 pts_us=541666 partial=0 results=1 has_face=0 face_boxes=0 yolo_boxes=0
t=1831638783 model_submit model=yolo ch=3 frame=13 ok=1 pending_before=1 pending_after=2
t=1831638783 decode_enqueue ch=3 frame=13 pts_us=541666 inflight=2 max_inflight=8 queue=7
t=1831638788 mosaic_e2e_age_ms ch0=286 ch1=218 ch2=282 ch3=255 frame=7,7,7,7
t=1831638788 mosaic_pts_select target_pts=291662 selected_pts=291666,291666,291666,291666 selected_frame=7,7,7,7
t=1831638793 mosaic_rtsp_handoff packet=7 compose_to_encode_ms=4 compose_to_rtsp_ms=5 rtsp_push_ms=1 ok=1
t=1831638793 model_submit model=yolo ch=0 frame=14 ok=1 pending_before=2 pending_after=3
t=1831638793 decode_enqueue ch=0 frame=14 pts_us=583333 inflight=2 max_inflight=8 queue=8
t=1831638797 model_submit model=yolo ch=2 frame=14 ok=1 pending_before=3 pending_after=4
t=1831638797 decode_enqueue ch=2 frame=14 pts_us=583333 inflight=2 max_inflight=8 queue=9
t=1831638817 rknn_infer ch=1 frame=12 lock_wait_us=0 rga_pre_us=1879 run_us=32997 outputs_get_us=3068 post_us=593 release_us=2 total_us=38563 boxes=0
t=1831638817 model_output model=yolo ch=1 frame=12 pending_after=4 boxes=0
t=1831638817 rknn_infer ch=0 frame=14 lock_wait_us=0 rga_pre_us=2012 run_us=18650 outputs_get_us=2308 post_us=598 release_us=1 total_us=23585 boxes=0
t=1831638817 model_output model=yolo ch=0 frame=14 pending_after=3 boxes=0
t=1831638819 rknn_infer ch=3 frame=13 lock_wait_us=0 rga_pre_us=2890 run_us=31735 outputs_get_us=1553 post_us=312 release_us=1 total_us=36514 boxes=0
t=1831638819 model_output model=yolo ch=3 frame=13 pending_after=2 boxes=0
t=1831638819 agg_first_result model=yolo ch=1 frame=12
t=1831638819 agg_add model=yolo ch=1 frame=12 results=1 boxes=0 first=1
t=1831638820 agg_publish ch=1 frame=9 partial=1 ready=0 results=1 models=yolo has_face=0 face_boxes=0 yolo_boxes=0 waited_ms=130
t=1831638820 rknn_infer ch=2 frame=12 lock_wait_us=0 rga_pre_us=4792 run_us=80206 outputs_get_us=526 post_us=2014 release_us=0 total_us=87553 boxes=0
t=1831638820 model_output model=face_yolo ch=2 frame=12 pending_after=5 boxes=0
t=1831638820 mosaic_submit ch=1 frame=9 pts_us=375000 partial=1 results=1 has_face=0 face_boxes=0 yolo_boxes=0
t=1831638820 model_submit model=yolo ch=1 frame=13 ok=1 pending_before=1 pending_after=2
t=1831638820 decode_enqueue ch=1 frame=13 pts_us=541666 inflight=3 max_inflight=8 queue=6
t=1831638820 agg_first_result model=yolo ch=0 frame=14
t=1831638820 agg_add model=yolo ch=0 frame=14 results=1 boxes=0 first=1
t=1831638822 rknn_infer ch=2 frame=14 lock_wait_us=0 rga_pre_us=3291 run_us=18628 outputs_get_us=2807 post_us=612 release_us=2 total_us=25368 boxes=0
t=1831638822 model_output model=yolo ch=2 frame=14 pending_after=2 boxes=0
t=1831638823 rknn_infer ch=0 frame=12 lock_wait_us=0 rga_pre_us=2020 run_us=87662 outputs_get_us=669 post_us=2218 release_us=1 total_us=92589 boxes=0
t=1831638823 model_output model=face_yolo ch=0 frame=12 pending_after=4 boxes=0
t=1831638823 rknn_infer ch=1 frame=9 lock_wait_us=7383 rga_pre_us=2105 run_us=86813 outputs_get_us=561 post_us=2025 release_us=1 total_us=98904 boxes=0
t=1831638823 model_output model=face_yolo ch=1 frame=9 pending_after=4 boxes=0
t=1831638823 agg_publish ch=0 frame=14 partial=0 ready=1 results=1 models=yolo has_face=0 face_boxes=0 yolo_boxes=0 waited_ms=0
t=1831638824 agg_submit_finished_drop model=face_yolo ch=1 frame=9 boxes=0
t=1831638824 model_submit model=yolo ch=3 frame=14 ok=1 pending_before=1 pending_after=2
t=1831638824 decode_enqueue ch=3 frame=14 pts_us=583333 inflight=3 max_inflight=8 queue=5
t=1831638828 mosaic_e2e_age_ms ch0=285 ch1=217 ch2=282 ch3=254 frame=8,8,8,8
t=1831638829 mosaic_pts_select target_pts=333328 selected_pts=333333,333333,333333,333333 selected_frame=8,8,8,8
t=1831638833 mosaic_submit ch=0 frame=14 pts_us=583333 partial=0 results=1 has_face=0 face_boxes=0 yolo_boxes=0
t=1831638833 agg_first_result model=yolo ch=3 frame=13
t=1831638833 agg_add model=yolo ch=3 frame=13 results=1 boxes=0 first=1
t=1831638833 agg_publish ch=3 frame=13 partial=0 ready=1 results=1 models=yolo has_face=0 face_boxes=0 yolo_boxes=0 waited_ms=0
t=1831638834 mosaic_rtsp_handoff packet=8 compose_to_encode_ms=5 compose_to_rtsp_ms=5 rtsp_push_ms=0 ok=1
t=1831638834 mosaic_submit ch=3 frame=13 pts_us=541666 partial=0 results=1 has_face=0 face_boxes=0 yolo_boxes=0
t=1831638834 agg_add model=face_yolo ch=2 frame=12 results=2 boxes=0 first=0
t=1831638834 agg_publish ch=2 frame=12 partial=0 ready=1 results=2 models=yolo,face_yolo has_face=1 face_boxes=0 yolo_boxes=0 waited_ms=97
t=1831638834 mosaic_submit ch=2 frame=12 pts_us=500000 partial=0 results=2 has_face=1 face_boxes=0 yolo_boxes=0
t=1831638835 agg_first_result model=yolo ch=2 frame=14
t=1831638835 agg_add model=yolo ch=2 frame=14 results=1 boxes=0 first=1
t=1831638835 agg_publish ch=2 frame=14 partial=0 ready=1 results=1 models=yolo has_face=0 face_boxes=0 yolo_boxes=0 waited_ms=0
t=1831638835 mosaic_submit ch=2 frame=14 pts_us=583333 partial=0 results=1 has_face=0 face_boxes=0 yolo_boxes=0
t=1831638835 model_submit model=yolo ch=0 frame=15 ok=1 pending_before=2 pending_after=3
t=1831638835 agg_add model=face_yolo ch=0 frame=12 results=2 boxes=0 first=0
t=1831638835 model_submit model=face_yolo ch=0 frame=15 ok=1 pending_before=2 pending_after=3
t=1831638835 decode_enqueue ch=0 frame=15 pts_us=625000 inflight=2 max_inflight=8 queue=6
t=1831638835 agg_publish ch=0 frame=12 partial=0 ready=1 results=2 models=yolo,face_yolo has_face=1 face_boxes=0 yolo_boxes=0 waited_ms=102
t=1831638835 mosaic_submit ch=0 frame=12 pts_us=500000 partial=0 results=2 has_face=1 face_boxes=0 yolo_boxes=0
t=1831638838 model_submit model=yolo ch=2 frame=15 ok=1 pending_before=3 pending_after=4
t=1831638838 model_submit model=face_yolo ch=2 frame=15 ok=1 pending_before=3 pending_after=4
t=1831638839 decode_enqueue ch=2 frame=15 pts_us=625000 inflight=1 max_inflight=8 queue=8
t=1831638856 rknn_infer ch=0 frame=15 lock_wait_us=0 rga_pre_us=1910 run_us=18291 outputs_get_us=1090 post_us=181 release_us=1 total_us=21491 boxes=0
t=1831638857 model_output model=yolo ch=0 frame=15 pending_after=4 boxes=0
t=1831638857 agg_first_result model=yolo ch=0 frame=15
t=1831638857 agg_add model=yolo ch=0 frame=15 results=1 boxes=0 first=1
t=1831638857 agg_lock_health submit_count=76 submit_wait_avg_us=59 submit_wait_max_us=1350 submit_wait_over_500us=4 worker_count=143 worker_hold_avg_us=145 worker_hold_max_us=3339 worker_hold_over_2ms=1 queue=0 pending=3 registered=3
t=1831638857 rknn_infer ch=1 frame=13 lock_wait_us=0 rga_pre_us=1938 run_us=32252 outputs_get_us=2332 post_us=561 release_us=1 total_us=37101 boxes=0
t=1831638857 model_output model=yolo ch=1 frame=13 pending_after=3 boxes=0
t=1831638858 agg_first_result model=yolo ch=1 frame=13
t=1831638858 agg_add model=yolo ch=1 frame=13 results=1 boxes=0 first=1
t=1831638858 agg_publish ch=1 frame=13 partial=0 ready=1 results=1 models=yolo has_face=0 face_boxes=0 yolo_boxes=0 waited_ms=0
t=1831638858 mosaic_submit ch=1 frame=13 pts_us=541666 partial=0 results=1 has_face=0 face_boxes=0 yolo_boxes=0
t=1831638861 model_submit model=yolo ch=1 frame=14 ok=1 pending_before=2 pending_after=3
t=1831638861 decode_enqueue ch=1 frame=14 pts_us=583333 inflight=2 max_inflight=8 queue=7
t=1831638862 rknn_infer ch=3 frame=14 lock_wait_us=0 rga_pre_us=1946 run_us=31820 outputs_get_us=2013 post_us=555 release_us=1 total_us=36359 boxes=0
t=1831638862 model_output model=yolo ch=3 frame=14 pending_after=3 boxes=0
t=1831638862 agg_first_result model=yolo ch=3 frame=14
t=1831638862 agg_add model=yolo ch=3 frame=14 results=1 boxes=0 first=1
t=1831638862 agg_publish ch=3 frame=14 partial=0 ready=1 results=1 models=yolo has_face=0 face_boxes=0 yolo_boxes=0 waited_ms=0
t=1831638862 mosaic_submit ch=3 frame=14 pts_us=583333 partial=0 results=1 has_face=0 face_boxes=0 yolo_boxes=0
t=1831638863 rknn_infer ch=2 frame=15 lock_wait_us=0 rga_pre_us=1840 run_us=19717 outputs_get_us=2991 post_us=424 release_us=2 total_us=24997 boxes=0
t=1831638863 model_output model=yolo ch=2 frame=15 pending_after=2 boxes=0
t=1831638864 agg_first_result model=yolo ch=2 frame=15
t=1831638864 agg_add model=yolo ch=2 frame=15 results=1 boxes=0 first=1
t=1831638866 model_submit model=yolo ch=3 frame=15 ok=1 pending_before=1 pending_after=2
t=1831638866 model_submit model=face_yolo ch=3 frame=15 ok=1 pending_before=4 pending_after=5
t=1831638866 decode_enqueue ch=3 frame=15 pts_us=625000 inflight=2 max_inflight=8 queue=7
t=1831638871 mosaic_e2e_age_ms ch0=287 ch1=218 ch2=283 ch3=255 frame=9,9,9,9
t=1831638871 mosaic_pts_select target_pts=374994 selected_pts=375000,375000,375000,375000 selected_frame=9,9,9,9
t=1831638875 encoder_health source=encoder_in in_fps=9.76 packet_fps=8.78 frame_fps=8.78 recycle_fps=8.78 pending=1 total_in=10 total_frames=9
t=1831638876 mosaic_rtsp_handoff packet=9 compose_to_encode_ms=4 compose_to_rtsp_ms=5 rtsp_push_ms=1 ok=1
t=1831638876 model_submit model=yolo ch=0 frame=16 ok=1 pending_before=2 pending_after=3
t=1831638877 decode_enqueue ch=0 frame=16 pts_us=666666 inflight=2 max_inflight=8 queue=8
t=1831638880 model_submit model=yolo ch=2 frame=16 ok=1 pending_before=3 pending_after=4
t=1831638880 decode_enqueue ch=2 frame=16 pts_us=666666 inflight=2 max_inflight=8 queue=9
t=1831638884 agg_publish ch=3 frame=12 partial=1 ready=0 results=1 models=yolo has_face=0 face_boxes=0 yolo_boxes=0 waited_ms=123
t=1831638884 mosaic_submit ch=3 frame=12 pts_us=500000 partial=1 results=1 has_face=0 face_boxes=0 yolo_boxes=0
t=1831638896 rknn_infer ch=1 frame=14 lock_wait_us=0 rga_pre_us=1861 run_us=31831 outputs_get_us=1022 post_us=143 release_us=0 total_us=34873 boxes=0
t=1831638896 model_output model=yolo ch=1 frame=14 pending_after=4 boxes=0
t=1831638896 agg_first_result model=yolo ch=1 frame=14
t=1831638897 agg_add model=yolo ch=1 frame=14 results=1 boxes=0 first=1
t=1831638897 agg_publish ch=1 frame=14 partial=0 ready=1 results=1 models=yolo has_face=0 face_boxes=0 yolo_boxes=0 waited_ms=0
t=1831638897 mosaic_submit ch=1 frame=14 pts_us=583333 partial=0 results=1 has_face=0 face_boxes=0 yolo_boxes=0
t=1831638899 rknn_infer ch=0 frame=16 lock_wait_us=0 rga_pre_us=2087 run_us=17854 outputs_get_us=2143 post_us=551 release_us=1 total_us=22660 boxes=0
t=1831638899 model_output model=yolo ch=0 frame=16 pending_after=3 boxes=0
t=1831638899 agg_first_result model=yolo ch=0 frame=16
t=1831638900 agg_add model=yolo ch=0 frame=16 results=1 boxes=0 first=1
t=1831638900 agg_publish ch=0 frame=16 partial=0 ready=1 results=1 models=yolo has_face=0 face_boxes=0 yolo_boxes=0 waited_ms=0
t=1831638900 mosaic_submit ch=0 frame=16 pts_us=666666 partial=0 results=1 has_face=0 face_boxes=0 yolo_boxes=0
t=1831638902 rknn_infer ch=2 frame=16 lock_wait_us=0 rga_pre_us=1882 run_us=18439 outputs_get_us=1541 post_us=304 release_us=2 total_us=22186 boxes=0
t=1831638902 model_output model=yolo ch=2 frame=16 pending_after=2 boxes=0
t=1831638902 rknn_infer ch=3 frame=15 lock_wait_us=0 rga_pre_us=1931 run_us=31616 outputs_get_us=2236 post_us=591 release_us=2 total_us=36403 boxes=0
t=1831638902 model_output model=yolo ch=3 frame=15 pending_after=1 boxes=0
t=1831638902 agg_first_result model=yolo ch=2 frame=16
t=1831638903 agg_add model=yolo ch=2 frame=16 results=1 boxes=0 first=1
t=1831638903 agg_publish ch=2 frame=16 partial=0 ready=1 results=1 models=yolo has_face=0 face_boxes=0 yolo_boxes=0 waited_ms=0
t=1831638903 mosaic_submit ch=2 frame=16 pts_us=666666 partial=0 results=1 has_face=0 face_boxes=0 yolo_boxes=0
t=1831638903 agg_first_result model=yolo ch=3 frame=15
t=1831638903 agg_add model=yolo ch=3 frame=15 results=1 boxes=0 first=1
t=1831638903 model_submit model=yolo ch=1 frame=15 ok=1 pending_before=0 pending_after=1
t=1831638903 model_submit model=face_yolo ch=1 frame=15 ok=1 pending_before=5 pending_after=6
t=1831638903 decode_enqueue ch=1 frame=15 pts_us=625000 inflight=2 max_inflight=8 queue=7
t=1831638908 model_submit model=yolo ch=3 frame=16 ok=1 pending_before=1 pending_after=2
t=1831638908 decode_enqueue ch=3 frame=16 pts_us=666666 inflight=2 max_inflight=8 queue=8
t=1831638911 mosaic_e2e_age_ms ch0=285 ch1=217 ch2=281 ch3=254 frame=10,10,10,10
t=1831638912 mosaic_pts_select target_pts=416660 selected_pts=416666,416666,416666,416666 selected_frame=10,10,10,10
t=1831638912 rknn_infer ch=1 frame=12 lock_wait_us=0 rga_pre_us=1716 run_us=85174 outputs_get_us=293 post_us=725 release_us=0 total_us=87921 boxes=0
t=1831638912 model_output model=face_yolo ch=1 frame=12 pending_after=6 boxes=0
t=1831638913 rknn_infer ch=3 frame=12 lock_wait_us=3073 rga_pre_us=1959 run_us=84654 outputs_get_us=601 post_us=2111 release_us=0 total_us=92435 boxes=0
t=1831638913 model_output model=face_yolo ch=3 frame=12 pending_after=5 boxes=0
t=1831638913 agg_submit_finished_drop model=face_yolo ch=3 frame=12 boxes=0
t=1831638913 agg_add model=face_yolo ch=1 frame=12 results=2 boxes=0 first=0
t=1831638913 agg_publish ch=1 frame=12 partial=0 ready=1 results=2 models=yolo,face_yolo has_face=1 face_boxes=0 yolo_boxes=0 waited_ms=94
t=1831638915 mosaic_health source=compose submit_fps=60.40 tick_fps=23.76 not_ready_fps=12.87 compose_fps=10.89 push_fps=10.89 busy_drop_fps=0.00 total_submit=61 total_tick=24 total_not_ready=13 total_compose=11 total_push=11 rga_fail=0 latest_frame=16,14,16,12 latest_pts_us=666666,583333,666666,500000
t=1831638916 mosaic_submit ch=1 frame=12 pts_us=500000 partial=0 results=2 has_face=1 face_boxes=0 yolo_boxes=0
t=1831638916 zl_rtsp_health url=rtsp://127.0.0.1:8554/live/mosaic input_fps=10.88 input_us_last=460 input_us_max=24810 media_wall_diff_ms=26 total_packets=11 pts=37500 size=2397 key=0
t=1831638917 mosaic_rtsp_handoff packet=10 compose_to_encode_ms=5 compose_to_rtsp_ms=5 rtsp_push_ms=0 ok=1
t=1831638918 model_submit model=yolo ch=0 frame=17 ok=1 pending_before=2 pending_after=3
t=1831638918 decode_enqueue ch=0 frame=17 pts_us=708333 inflight=2 max_inflight=8 queue=7
t=1831638922 model_submit model=yolo ch=2 frame=17 ok=1 pending_before=3 pending_after=4
t=1831638922 decode_enqueue ch=2 frame=17 pts_us=708333 inflight=2 max_inflight=8 queue=8
t=1831638930 rknn_infer ch=0 frame=15 lock_wait_us=0 rga_pre_us=2234 run_us=90232 outputs_get_us=597 post_us=2111 release_us=2 total_us=95204 boxes=0
t=1831638931 model_output model=face_yolo ch=0 frame=15 pending_after=4 boxes=0
t=1831638931 agg_add model=face_yolo ch=0 frame=15 results=2 boxes=0 first=0
t=1831638931 agg_publish ch=0 frame=15 partial=0 ready=1 results=2 models=yolo,face_yolo has_face=1 face_boxes=0 yolo_boxes=0 waited_ms=74
t=1831638932 mosaic_submit ch=0 frame=15 pts_us=625000 partial=0 results=2 has_face=1 face_boxes=0 yolo_boxes=0
t=1831638939 rknn_infer ch=1 frame=15 lock_wait_us=0 rga_pre_us=1823 run_us=32303 outputs_get_us=1118 post_us=166 release_us=1 total_us=35430 boxes=0
t=1831638939 model_output model=yolo ch=1 frame=15 pending_after=4 boxes=0
t=1831638939 agg_first_result model=yolo ch=1 frame=15
t=1831638939 agg_add model=yolo ch=1 frame=15 results=1 boxes=0 first=1
t=1831638939 rknn_infer ch=0 frame=17 lock_wait_us=0 rga_pre_us=1872 run_us=18261 outputs_get_us=1108 post_us=172 release_us=0 total_us=21439 boxes=0
t=1831638940 model_output model=yolo ch=0 frame=17 pending_after=3 boxes=0
t=1831638940 agg_first_result model=yolo ch=0 frame=17
t=1831638940 agg_add model=yolo ch=0 frame=17 results=1 boxes=0 first=1
t=1831638940 agg_publish ch=0 frame=17 partial=0 ready=1 results=1 models=yolo has_face=0 face_boxes=0 yolo_boxes=0 waited_ms=0
t=1831638940 mosaic_submit ch=0 frame=17 pts_us=708333 partial=0 results=1 has_face=0 face_boxes=0 yolo_boxes=0
t=1831638944 rknn_infer ch=3 frame=16 lock_wait_us=0 rga_pre_us=2033 run_us=31786 outputs_get_us=2252 post_us=554 release_us=2 total_us=36653 boxes=0
t=1831638944 model_output model=yolo ch=3 frame=16 pending_after=2 boxes=0
t=1831638945 model_submit model=yolo ch=1 frame=16 ok=1 pending_before=2 pending_after=3
t=1831638945 decode_enqueue ch=1 frame=16 pts_us=666666 inflight=2 max_inflight=8 queue=5
t=1831638945 agg_first_result model=yolo ch=3 frame=16
t=1831638945 agg_add model=yolo ch=3 frame=16 results=1 boxes=0 first=1
t=1831638945 agg_publish ch=3 frame=16 partial=0 ready=1 results=1 models=yolo has_face=0 face_boxes=0 yolo_boxes=0 waited_ms=0
t=1831638945 mosaic_submit ch=3 frame=16 pts_us=666666 partial=0 results=1 has_face=0 face_boxes=0 yolo_boxes=0
t=1831638945 rknn_infer ch=2 frame=17 lock_wait_us=0 rga_pre_us=1939 run_us=18435 outputs_get_us=2121 post_us=552 release_us=1 total_us=23065 boxes=0
t=1831638945 model_output model=yolo ch=2 frame=17 pending_after=2 boxes=0
t=1831638945 agg_first_result model=yolo ch=2 frame=17
t=1831638945 agg_add model=yolo ch=2 frame=17 results=1 boxes=0 first=1
t=1831638945 agg_publish ch=2 frame=17 partial=0 ready=1 results=1 models=yolo has_face=0 face_boxes=0 yolo_boxes=0 waited_ms=0
t=1831638945 mosaic_submit ch=2 frame=17 pts_us=708333 partial=0 results=1 has_face=0 face_boxes=0 yolo_boxes=0
t=1831638949 model_submit model=yolo ch=3 frame=17 ok=1 pending_before=1 pending_after=2
t=1831638949 decode_enqueue ch=3 frame=17 pts_us=708333 inflight=2 max_inflight=8 queue=5
t=1831638953 mosaic_e2e_age_ms ch0=285 ch1=217 ch2=282 ch3=254 frame=11,11,11,11
t=1831638953 mosaic_pts_select target_pts=458326 selected_pts=458333,458333,458333,458333 selected_frame=11,11,11,11
t=1831638960 model_submit model=yolo ch=0 frame=18 ok=1 pending_before=2 pending_after=3
t=1831638960 model_submit model=face_yolo ch=0 frame=18 ok=1 pending_before=3 pending_after=4
t=1831638960 decode_enqueue ch=0 frame=18 pts_us=750000 inflight=1 max_inflight=8 queue=7
t=1831638963 model_submit model=yolo ch=2 frame=18 ok=1 pending_before=3 pending_after=4
t=1831638963 model_submit model=face_yolo ch=2 frame=18 ok=1 pending_before=4 pending_after=5
t=1831638964 decode_enqueue ch=2 frame=18 pts_us=750000 inflight=2 max_inflight=8 queue=9
t=1831638964 mosaic_rtsp_handoff packet=11 compose_to_encode_ms=10 compose_to_rtsp_ms=10 rtsp_push_ms=0 ok=1
t=1831638981 rknn_infer ch=0 frame=18 lock_wait_us=0 rga_pre_us=1861 run_us=18037 outputs_get_us=1134 post_us=159 release_us=1 total_us=21208 boxes=0
t=1831638981 model_output model=yolo ch=0 frame=18 pending_after=4 boxes=0
t=1831638981 agg_first_result model=yolo ch=0 frame=18
t=1831638981 agg_add model=yolo ch=0 frame=18 results=1 boxes=0 first=1
t=1831638982 rknn_infer ch=1 frame=16 lock_wait_us=0 rga_pre_us=1991 run_us=32320 outputs_get_us=2360 post_us=552 release_us=1 total_us=37241 boxes=0
t=1831638982 model_output model=yolo ch=1 frame=16 pending_after=3 boxes=0
t=1831638982 agg_first_result model=yolo ch=1 frame=16
t=1831638982 agg_add model=yolo ch=1 frame=16 results=1 boxes=0 first=1
t=1831638982 agg_publish ch=1 frame=16 partial=0 ready=1 results=1 models=yolo has_face=0 face_boxes=0 yolo_boxes=0 waited_ms=0
t=1831638982 mosaic_submit ch=1 frame=16 pts_us=666666 partial=0 results=1 has_face=0 face_boxes=0 yolo_boxes=0
t=1831638985 rknn_infer ch=3 frame=17 lock_wait_us=0 rga_pre_us=1852 run_us=31589 outputs_get_us=1854 post_us=412 release_us=1 total_us=35733 boxes=0
t=1831638985 model_output model=yolo ch=3 frame=17 pending_after=2 boxes=0
t=1831638985 agg_first_result model=yolo ch=3 frame=17
t=1831638985 agg_add model=yolo ch=3 frame=17 results=1 boxes=0 first=1
t=1831638985 agg_publish ch=2 frame=15 partial=1 ready=0 results=1 models=yolo has_face=0 face_boxes=0 yolo_boxes=0 waited_ms=121
t=1831638986 agg_publish ch=3 frame=17 partial=0 ready=1 results=1 models=yolo has_face=0 face_boxes=0 yolo_boxes=0 waited_ms=0
t=1831638986 mosaic_submit ch=2 frame=15 pts_us=625000 partial=1 results=1 has_face=0 face_boxes=0 yolo_boxes=0
t=1831638986 mosaic_submit ch=3 frame=17 pts_us=708333 partial=0 results=1 has_face=0 face_boxes=0 yolo_boxes=0
t=1831638986 rknn_infer ch=2 frame=18 lock_wait_us=0 rga_pre_us=2033 run_us=18093 outputs_get_us=2108 post_us=552 release_us=1 total_us=22808 boxes=0
t=1831638986 model_output model=yolo ch=2 frame=18 pending_after=2 boxes=0
t=1831638986 model_submit model=yolo ch=1 frame=17 ok=1 pending_before=1 pending_after=2
t=1831638986 decode_enqueue ch=1 frame=17 pts_us=708333 inflight=2 max_inflight=8 queue=6
t=1831638986 agg_first_result model=yolo ch=2 frame=18
t=1831638986 agg_add model=yolo ch=2 frame=18 results=1 boxes=0 first=1
t=1831638991 model_submit model=yolo ch=3 frame=18 ok=1 pending_before=1 pending_after=2
t=1831638991 model_submit model=face_yolo ch=3 frame=18 ok=1 pending_before=5 pending_after=6
t=1831638991 decode_enqueue ch=3 frame=18 pts_us=750000 inflight=2 max_inflight=8 queue=8
t=1831638997 mosaic_e2e_age_ms ch0=287 ch1=218 ch2=283 ch3=255 frame=12,12,12,12
t=1831638997 mosaic_pts_select target_pts=499992 selected_pts=500000,500000,500000,500000 selected_frame=12,12,12,12
t=1831639000 rknn_infer ch=2 frame=15 lock_wait_us=931 rga_pre_us=1989 run_us=83046 outputs_get_us=530 post_us=1848 release_us=2 total_us=88367 boxes=0
t=1831639000 model_output model=face_yolo ch=2 frame=15 pending_after=6 boxes=0
t=1831639000 agg_submit_finished_drop model=face_yolo ch=2 frame=15 boxes=0
t=1831639001 model_submit model=yolo ch=0 frame=19 ok=1 pending_before=2 pending_after=3
t=1831639001 decode_enqueue ch=0 frame=19 pts_us=791666 inflight=2 max_inflight=8 queue=8
t=1831639005 model_submit model=yolo ch=2 frame=19 ok=1 pending_before=3 pending_after=4
t=1831639005 decode_enqueue ch=2 frame=19 pts_us=791666 inflight=2 max_inflight=8 queue=9
t=1831639010 rknn_infer ch=3 frame=15 lock_wait_us=0 rga_pre_us=1973 run_us=92810 outputs_get_us=604 post_us=1913 release_us=2 total_us=97336 boxes=0
t=1831639011 model_output model=face_yolo ch=3 frame=15 pending_after=5 boxes=0
t=1831639011 agg_add model=face_yolo ch=3 frame=15 results=2 boxes=0 first=0
t=1831639011 agg_publish ch=3 frame=15 partial=0 ready=1 results=2 models=yolo,face_yolo has_face=1 face_boxes=0 yolo_boxes=0 waited_ms=108
t=1831639011 mosaic_submit ch=3 frame=15 pts_us=625000 partial=0 results=2 has_face=1 face_boxes=0 yolo_boxes=0
t=1831639025 rknn_infer ch=0 frame=19 lock_wait_us=0 rga_pre_us=1895 run_us=19715 outputs_get_us=1325 post_us=228 release_us=1 total_us=23182 boxes=0
t=1831639025 model_output model=yolo ch=0 frame=19 pending_after=4 boxes=0
t=1831639025 agg_first_result model=yolo ch=0 frame=19
t=1831639025 agg_add model=yolo ch=0 frame=19 results=1 boxes=0 first=1
t=1831639025 agg_publish ch=0 frame=19 partial=0 ready=1 results=1 models=yolo has_face=0 face_boxes=0 yolo_boxes=0 waited_ms=0
t=1831639025 mosaic_submit ch=0 frame=19 pts_us=791666 partial=0 results=1 has_face=0 face_boxes=0 yolo_boxes=0
t=1831639025 rknn_infer ch=1 frame=17 lock_wait_us=0 rga_pre_us=2997 run_us=32940 outputs_get_us=2321 post_us=567 release_us=1 total_us=38841 boxes=0
t=1831639025 model_output model=yolo ch=1 frame=17 pending_after=3 boxes=0
t=1831639025 agg_first_result model=yolo ch=1 frame=17
t=1831639025 agg_add model=yolo ch=1 frame=17 results=1 boxes=0 first=1
t=1831639025 agg_publish ch=1 frame=17 partial=0 ready=1 results=1 models=yolo has_face=0 face_boxes=0 yolo_boxes=0 waited_ms=0
t=1831639025 mosaic_submit ch=1 frame=17 pts_us=708333 partial=0 results=1 has_face=0 face_boxes=0 yolo_boxes=0
t=1831639027 rknn_infer ch=2 frame=19 lock_wait_us=1 rga_pre_us=1827 run_us=18870 outputs_get_us=1360 post_us=226 release_us=1 total_us=22300 boxes=0
t=1831639027 model_output model=yolo ch=2 frame=19 pending_after=2 boxes=0
t=1831639027 agg_first_result model=yolo ch=2 frame=19
t=1831639027 agg_add model=yolo ch=2 frame=19 results=1 boxes=0 first=1
t=1831639028 agg_publish ch=2 frame=19 partial=0 ready=1 results=1 models=yolo has_face=0 face_boxes=0 yolo_boxes=0 waited_ms=0
t=1831639028 mosaic_submit ch=2 frame=19 pts_us=791666 partial=0 results=1 has_face=0 face_boxes=0 yolo_boxes=0
t=1831639028 rknn_infer ch=3 frame=18 lock_wait_us=0 rga_pre_us=1856 run_us=32163 outputs_get_us=2377 post_us=553 release_us=1 total_us=36966 boxes=0
t=1831639028 model_output model=yolo ch=3 frame=18 pending_after=1 boxes=0
t=1831639028 agg_first_result model=yolo ch=3 frame=18
t=1831639028 agg_add model=yolo ch=3 frame=18 results=1 boxes=0 first=1
t=1831639028 model_submit model=yolo ch=1 frame=18 ok=1 pending_before=0 pending_after=1
t=1831639028 model_submit model=face_yolo ch=1 frame=18 ok=1 pending_before=4 pending_after=5
t=1831639028 decode_enqueue ch=1 frame=18 pts_us=750000 inflight=2 max_inflight=8 queue=6
t=1831639029 rknn_infer ch=1 frame=15 lock_wait_us=0 rga_pre_us=2172 run_us=93411 outputs_get_us=501 post_us=1819 release_us=0 total_us=97929 boxes=0
t=1831639029 model_output model=face_yolo ch=1 frame=15 pending_after=5 boxes=0
t=1831639029 agg_add model=face_yolo ch=1 frame=15 results=2 boxes=0 first=0
t=1831639029 agg_publish ch=1 frame=15 partial=0 ready=1 results=2 models=yolo,face_yolo has_face=1 face_boxes=0 yolo_boxes=0 waited_ms=90
t=1831639029 mosaic_submit ch=1 frame=15 pts_us=625000 partial=0 results=2 has_face=1 face_boxes=0 yolo_boxes=0
t=1831639033 model_submit model=yolo ch=3 frame=19 ok=1 pending_before=1 pending_after=2
t=1831639033 decode_enqueue ch=3 frame=19 pts_us=791666 inflight=2 max_inflight=8 queue=6
t=1831639035 mosaic_rtsp_handoff packet=12 compose_to_encode_ms=4 compose_to_rtsp_ms=38 rtsp_push_ms=34 ok=1
t=1831639036 mosaic_e2e_age_ms ch0=285 ch1=217 ch2=281 ch3=254 frame=13,13,13,13
t=1831639037 mosaic_pts_select target_pts=541658 selected_pts=541666,541666,541666,541666 selected_frame=13,13,13,13
t=1831639042 mosaic_rtsp_handoff packet=13 compose_to_encode_ms=5 compose_to_rtsp_ms=6 rtsp_push_ms=1 ok=1
t=1831639043 model_submit model=yolo ch=0 frame=20 ok=1 pending_before=2 pending_after=3
t=1831639043 decode_enqueue ch=0 frame=20 pts_us=833333 inflight=2 max_inflight=8 queue=7
t=1831639047 model_submit model=yolo ch=2 frame=20 ok=1 pending_before=3 pending_after=4
t=1831639047 decode_enqueue ch=2 frame=20 pts_us=833333 inflight=2 max_inflight=8 queue=8
t=1831639063 rknn_infer ch=1 frame=18 lock_wait_us=0 rga_pre_us=1894 run_us=31894 outputs_get_us=955 post_us=177 release_us=1 total_us=34941 boxes=0
t=1831639063 model_output model=yolo ch=1 frame=18 pending_after=4 boxes=0
t=1831639064 rknn_infer ch=0 frame=20 lock_wait_us=1 rga_pre_us=1852 run_us=17984 outputs_get_us=1058 post_us=201 release_us=0 total_us=21114 boxes=0
t=1831639064 model_output model=yolo ch=0 frame=20 pending_after=3 boxes=0
t=1831639064 agg_first_result model=yolo ch=1 frame=18
t=1831639064 agg_add model=yolo ch=1 frame=18 results=1 boxes=0 first=1
t=1831639064 agg_first_result model=yolo ch=0 frame=20
t=1831639064 agg_add model=yolo ch=0 frame=20 results=1 boxes=0 first=1
t=1831639064 agg_publish ch=0 frame=20 partial=0 ready=1 results=1 models=yolo has_face=0 face_boxes=0 yolo_boxes=0 waited_ms=0
t=1831639065 mosaic_submit ch=0 frame=20 pts_us=833333 partial=0 results=1 has_face=0 face_boxes=0 yolo_boxes=0
t=1831639069 rknn_infer ch=3 frame=19 lock_wait_us=0 rga_pre_us=1865 run_us=31387 outputs_get_us=2168 post_us=555 release_us=1 total_us=36001 boxes=0
t=1831639069 model_output model=yolo ch=3 frame=19 pending_after=2 boxes=0
t=1831639069 agg_first_result model=yolo ch=3 frame=19
t=1831639069 agg_add model=yolo ch=3 frame=19 results=1 boxes=0 first=1
t=1831639069 agg_publish ch=3 frame=19 partial=0 ready=1 results=1 models=yolo has_face=0 face_boxes=0 yolo_boxes=0 waited_ms=0
t=1831639069 mosaic_submit ch=3 frame=19 pts_us=791666 partial=0 results=1 has_face=0 face_boxes=0 yolo_boxes=0
t=1831639069 rknn_infer ch=2 frame=20 lock_wait_us=0 rga_pre_us=1897 run_us=18118 outputs_get_us=2124 post_us=594 release_us=1 total_us=22751 boxes=0
t=1831639070 model_submit model=yolo ch=1 frame=19 ok=1 pending_before=1 pending_after=2
t=1831639070 decode_enqueue ch=1 frame=19 pts_us=791666 inflight=2 max_inflight=8 queue=6
t=1831639070 model_output model=yolo ch=2 frame=20 pending_after=2 boxes=0
t=1831639070 agg_first_result model=yolo ch=2 frame=20
t=1831639070 agg_add model=yolo ch=2 frame=20 results=1 boxes=0 first=1
t=1831639070 agg_publish ch=2 frame=20 partial=0 ready=1 results=1 models=yolo has_face=0 face_boxes=0 yolo_boxes=0 waited_ms=0
t=1831639070 mosaic_submit ch=2 frame=20 pts_us=833333 partial=0 results=1 has_face=0 face_boxes=0 yolo_boxes=0
t=1831639074 model_submit model=yolo ch=3 frame=20 ok=1 pending_before=1 pending_after=2
t=1831639074 decode_enqueue ch=3 frame=20 pts_us=833333 inflight=2 max_inflight=8 queue=6
t=1831639078 mosaic_e2e_age_ms ch0=285 ch1=217 ch2=282 ch3=254 frame=14,14,14,14
t=1831639078 mosaic_pts_select target_pts=583324 selected_pts=583333,583333,583333,583333 selected_frame=14,14,14,14
t=1831639084 mosaic_rtsp_handoff packet=14 compose_to_encode_ms=4 compose_to_rtsp_ms=6 rtsp_push_ms=2 ok=1
t=1831639085 model_submit model=yolo ch=0 frame=21 ok=1 pending_before=2 pending_after=3
t=1831639085 model_submit model=face_yolo ch=0 frame=21 ok=1 pending_before=4 pending_after=5
t=1831639085 decode_enqueue ch=0 frame=21 pts_us=875000 inflight=2 max_inflight=8 queue=8
t=1831639088 model_submit model=yolo ch=2 frame=21 ok=1 pending_before=3 pending_after=4
t=1831639088 model_submit model=face_yolo ch=2 frame=21 ok=1 pending_before=5 pending_after=6
t=1831639088 decode_enqueue ch=2 frame=21 pts_us=875000 inflight=2 max_inflight=8 queue=10
t=1831639089 rknn_infer ch=0 frame=18 lock_wait_us=0 rga_pre_us=2207 run_us=84063 outputs_get_us=507 post_us=1813 release_us=1 total_us=88617 boxes=0
t=1831639089 model_output model=face_yolo ch=0 frame=18 pending_after=6 boxes=0
t=1831639089 agg_add model=face_yolo ch=0 frame=18 results=2 boxes=0 first=0
t=1831639090 agg_publish ch=0 frame=18 partial=0 ready=1 results=2 models=yolo,face_yolo has_face=1 face_boxes=0 yolo_boxes=0 waited_ms=108
t=1831639090 mosaic_submit ch=0 frame=18 pts_us=750000 partial=0 results=2 has_face=1 face_boxes=0 yolo_boxes=0
t=1831639090 rknn_infer ch=1 frame=19 lock_wait_us=0 rga_pre_us=1963 run_us=16906 outputs_get_us=1091 post_us=159 release_us=1 total_us=20137 boxes=0
t=1831639090 model_output model=yolo ch=1 frame=19 pending_after=4 boxes=0
t=1831639090 agg_first_result model=yolo ch=1 frame=19
t=1831639090 agg_add model=yolo ch=1 frame=19 results=1 boxes=0 first=1
t=1831639090 agg_publish ch=1 frame=19 partial=0 ready=1 results=1 models=yolo has_face=0 face_boxes=0 yolo_boxes=0 waited_ms=0
t=1831639090 mosaic_submit ch=1 frame=19 pts_us=791666 partial=0 results=1 has_face=0 face_boxes=0 yolo_boxes=0
t=1831639094 rknn_infer ch=2 frame=18 lock_wait_us=0 rga_pre_us=2100 run_us=78263 outputs_get_us=687 post_us=2163 release_us=2 total_us=83269 boxes=0
t=1831639094 model_output model=face_yolo ch=2 frame=18 pending_after=5 boxes=0
t=1831639095 agg_add model=face_yolo ch=2 frame=18 results=2 boxes=0 first=0
t=1831639095 agg_publish ch=2 frame=18 partial=0 ready=1 results=2 models=yolo,face_yolo has_face=1 face_boxes=0 yolo_boxes=0 waited_ms=108
t=1831639095 mosaic_submit ch=2 frame=18 pts_us=750000 partial=0 results=2 has_face=1 face_boxes=0 yolo_boxes=0
t=1831639109 rknn_infer ch=3 frame=20 lock_wait_us=0 rga_pre_us=1813 run_us=31595 outputs_get_us=1227 post_us=228 release_us=1 total_us=34880 boxes=0
t=1831639109 model_output model=yolo ch=3 frame=20 pending_after=3 boxes=0
t=1831639109 rknn_infer ch=0 frame=21 lock_wait_us=0 rga_pre_us=4892 run_us=16863 outputs_get_us=2140 post_us=553 release_us=1 total_us=24475 boxes=0
t=1831639109 model_output model=yolo ch=0 frame=21 pending_after=2 boxes=0
t=1831639110 agg_first_result model=yolo ch=3 frame=20
t=1831639110 agg_add model=yolo ch=3 frame=20 results=1 boxes=0 first=1
t=1831639110 agg_publish ch=3 frame=20 partial=0 ready=1 results=1 models=yolo has_face=0 face_boxes=0 yolo_boxes=0 waited_ms=0
t=1831639110 mosaic_submit ch=3 frame=20 pts_us=833333 partial=0 results=1 has_face=0 face_boxes=0 yolo_boxes=0
t=1831639110 agg_first_result model=yolo ch=0 frame=21
t=1831639110 agg_add model=yolo ch=0 frame=21 results=1 boxes=0 first=1
t=1831639112 rknn_infer ch=2 frame=21 lock_wait_us=0 rga_pre_us=1991 run_us=18439 outputs_get_us=2287 post_us=552 release_us=1 total_us=23291 boxes=0
t=1831639112 model_output model=yolo ch=2 frame=21 pending_after=1 boxes=0
t=1831639112 agg_first_result model=yolo ch=2 frame=21
t=1831639112 agg_add model=yolo ch=2 frame=21 results=1 boxes=0 first=1
t=1831639112 model_submit model=yolo ch=1 frame=20 ok=1 pending_before=0 pending_after=1
t=1831639112 decode_enqueue ch=1 frame=20 pts_us=833333 inflight=2 max_inflight=8 queue=5
t=1831639113 rknn_infer ch=3 frame=18 lock_wait_us=0 rga_pre_us=1792 run_us=79177 outputs_get_us=552 post_us=2250 release_us=1 total_us=83792 boxes=0
t=1831639113 model_output model=face_yolo ch=3 frame=18 pending_after=4 boxes=0
t=1831639113 agg_add model=face_yolo ch=3 frame=18 results=2 boxes=0 first=0
t=1831639113 agg_publish ch=3 frame=18 partial=0 ready=1 results=2 models=yolo,face_yolo has_face=1 face_boxes=0 yolo_boxes=0 waited_ms=84
t=1831639113 mosaic_submit ch=3 frame=18 pts_us=750000 partial=0 results=2 has_face=1 face_boxes=0 yolo_boxes=0
t=1831639116 model_submit model=yolo ch=3 frame=21 ok=1 pending_before=1 pending_after=2
t=1831639116 model_submit model=face_yolo ch=3 frame=21 ok=1 pending_before=3 pending_after=4
t=1831639116 decode_enqueue ch=3 frame=21 pts_us=875000 inflight=1 max_inflight=8 queue=6
t=1831639120 mosaic_e2e_age_ms ch0=285 ch1=216 ch2=281 ch3=253 frame=15,15,15,15
t=1831639120 mosaic_pts_select target_pts=624990 selected_pts=625000,625000,625000,625000 selected_frame=15,15,15,15
t=1831639126 mosaic_rtsp_handoff packet=15 compose_to_encode_ms=4 compose_to_rtsp_ms=6 rtsp_push_ms=2 ok=1
t=1831639126 model_submit model=yolo ch=0 frame=22 ok=1 pending_before=2 pending_after=3
t=1831639126 decode_enqueue ch=0 frame=22 pts_us=916666 inflight=2 max_inflight=8 queue=7
t=1831639130 model_submit model=yolo ch=2 frame=22 ok=1 pending_before=3 pending_after=4
t=1831639130 decode_enqueue ch=2 frame=22 pts_us=916666 inflight=2 max_inflight=8 queue=8
t=1831639147 rknn_infer ch=1 frame=20 lock_wait_us=0 rga_pre_us=1835 run_us=31904 outputs_get_us=1217 post_us=180 release_us=1 total_us=35156 boxes=0
t=1831639147 model_output model=yolo ch=1 frame=20 pending_after=4 boxes=0
t=1831639147 agg_first_result model=yolo ch=1 frame=20
t=1831639147 agg_add model=yolo ch=1 frame=20 results=1 boxes=0 first=1
t=1831639147 agg_publish ch=1 frame=20 partial=0 ready=1 results=1 models=yolo has_face=0 face_boxes=0 yolo_boxes=0 waited_ms=0
t=1831639148 mosaic_submit ch=1 frame=20 pts_us=833333 partial=0 results=1 has_face=0 face_boxes=0 yolo_boxes=0
t=1831639151 rknn_infer ch=3 frame=21 lock_wait_us=0 rga_pre_us=1796 run_us=31412 outputs_get_us=1377 post_us=293 release_us=2 total_us=34897 boxes=0
t=1831639151 model_output model=yolo ch=3 frame=21 pending_after=3 boxes=0
t=1831639151 agg_first_result model=yolo ch=3 frame=21
t=1831639151 agg_add model=yolo ch=3 frame=21 results=1 boxes=0 first=1
t=1831639151 rknn_infer ch=0 frame=22 lock_wait_us=8 rga_pre_us=1983 run_us=18482 outputs_get_us=3343 post_us=977 release_us=2 total_us=24829 boxes=0
t=1831639151 model_output model=yolo ch=0 frame=22 pending_after=2 boxes=0
t=1831639152 agg_first_result model=yolo ch=0 frame=22
t=1831639152 agg_add model=yolo ch=0 frame=22 results=1 boxes=0 first=1
t=1831639152 agg_publish ch=0 frame=22 partial=0 ready=1 results=1 models=yolo has_face=0 face_boxes=0 yolo_boxes=0 waited_ms=0
t=1831639152 mosaic_submit ch=0 frame=22 pts_us=916666 partial=0 results=1 has_face=0 face_boxes=0 yolo_boxes=0
t=1831639154 rknn_infer ch=2 frame=22 lock_wait_us=0 rga_pre_us=1970 run_us=18389 outputs_get_us=3100 post_us=971 release_us=2 total_us=24461 boxes=0
t=1831639155 model_output model=yolo ch=2 frame=22 pending_after=1 boxes=0
t=1831639155 agg_first_result model=yolo ch=2 frame=22
t=1831639155 agg_add model=yolo ch=2 frame=22 results=1 boxes=0 first=1
t=1831639155 agg_publish ch=2 frame=22 partial=0 ready=1 results=1 models=yolo has_face=0 face_boxes=0 yolo_boxes=0 waited_ms=0
t=1831639155 mosaic_submit ch=2 frame=22 pts_us=916666 partial=0 results=1 has_face=0 face_boxes=0 yolo_boxes=0
t=1831639155 model_submit model=yolo ch=1 frame=21 ok=1 pending_before=0 pending_after=1
t=1831639155 model_submit model=face_yolo ch=1 frame=21 ok=1 pending_before=4 pending_after=5
t=1831639155 decode_enqueue ch=1 frame=21 pts_us=875000 inflight=2 max_inflight=8 queue=6
t=1831639157 model_submit model=yolo ch=3 frame=22 ok=1 pending_before=1 pending_after=2
t=1831639158 decode_enqueue ch=3 frame=22 pts_us=916666 inflight=2 max_inflight=8 queue=7
t=1831639162 mosaic_e2e_age_ms ch0=285 ch1=217 ch2=281 ch3=254 frame=16,16,16,16
t=1831639162 mosaic_pts_select target_pts=666656 selected_pts=666666,666666,666666,666666 selected_frame=16,16,16,16
t=1831639168 model_submit model=yolo ch=0 frame=23 ok=1 pending_before=2 pending_after=3
t=1831639168 decode_enqueue ch=0 frame=23 pts_us=958333 inflight=2 max_inflight=8 queue=8
t=1831639168 mosaic_rtsp_handoff packet=16 compose_to_encode_ms=5 compose_to_rtsp_ms=6 rtsp_push_ms=1 ok=1
t=1831639172 model_submit model=yolo ch=2 frame=23 ok=1 pending_before=3 pending_after=4
t=1831639172 decode_enqueue ch=2 frame=23 pts_us=958333 inflight=2 max_inflight=8 queue=9
t=1831639184 rknn_infer ch=1 frame=18 lock_wait_us=0 rga_pre_us=1969 run_us=90430 outputs_get_us=506 post_us=1859 release_us=2 total_us=94796 boxes=0
t=1831639185 model_output model=face_yolo ch=1 frame=18 pending_after=5 boxes=0
t=1831639185 agg_add model=face_yolo ch=1 frame=18 results=2 boxes=0 first=0
t=1831639185 agg_publish ch=1 frame=18 partial=0 ready=1 results=2 models=yolo,face_yolo has_face=1 face_boxes=0 yolo_boxes=0 waited_ms=120
t=1831639185 mosaic_submit ch=1 frame=18 pts_us=750000 partial=0 results=2 has_face=1 face_boxes=0 yolo_boxes=0
t=1831639186 rknn_infer ch=0 frame=21 lock_wait_us=0 rga_pre_us=2132 run_us=86541 outputs_get_us=550 post_us=2309 release_us=1 total_us=91568 boxes=0
t=1831639186 model_output model=face_yolo ch=0 frame=21 pending_after=4 boxes=0
t=1831639187 agg_add model=face_yolo ch=0 frame=21 results=2 boxes=0 first=0
t=1831639187 agg_publish ch=0 frame=21 partial=0 ready=1 results=2 models=yolo,face_yolo has_face=1 face_boxes=0 yolo_boxes=0 waited_ms=76
t=1831639187 mosaic_submit ch=0 frame=21 pts_us=875000 partial=0 results=2 has_face=1 face_boxes=0 yolo_boxes=0
t=1831639194 rknn_infer ch=3 frame=22 lock_wait_us=0 rga_pre_us=1798 run_us=32785 outputs_get_us=1710 post_us=211 release_us=1 total_us=36520 boxes=0
t=1831639194 model_output model=yolo ch=3 frame=22 pending_after=4 boxes=0
t=1831639194 rknn_infer ch=1 frame=21 lock_wait_us=0 rga_pre_us=2094 run_us=34005 outputs_get_us=2281 post_us=557 release_us=2 total_us=38966 boxes=0
t=1831639194 model_output model=yolo ch=1 frame=21 pending_after=3 boxes=0
t=1831639194 agg_first_result model=yolo ch=3 frame=22
t=1831639194 agg_add model=yolo ch=3 frame=22 results=1 boxes=0 first=1
t=1831639194 agg_publish ch=3 frame=22 partial=0 ready=1 results=1 models=yolo has_face=0 face_boxes=0 yolo_boxes=0 waited_ms=0
t=1831639194 mosaic_submit ch=3 frame=22 pts_us=916666 partial=0 results=1 has_face=0 face_boxes=0 yolo_boxes=0
t=1831639194 agg_first_result model=yolo ch=1 frame=21
t=1831639194 agg_add model=yolo ch=1 frame=21 results=1 boxes=0 first=1
t=1831639195 rknn_infer ch=0 frame=23 lock_wait_us=0 rga_pre_us=1998 run_us=22031 outputs_get_us=2465 post_us=555 release_us=2 total_us=27071 boxes=0
t=1831639195 model_output model=yolo ch=0 frame=23 pending_after=2 boxes=0
t=1831639195 agg_first_result model=yolo ch=0 frame=23
t=1831639195 agg_add model=yolo ch=0 frame=23 results=1 boxes=0 first=1
t=1831639195 agg_publish ch=0 frame=23 partial=0 ready=1 results=1 models=yolo has_face=0 face_boxes=0 yolo_boxes=0 waited_ms=0
t=1831639195 mosaic_submit ch=0 frame=23 pts_us=958333 partial=0 results=1 has_face=0 face_boxes=0 yolo_boxes=0
t=1831639196 rknn_infer ch=2 frame=23 lock_wait_us=0 rga_pre_us=1925 run_us=19428 outputs_get_us=2261 post_us=551 release_us=1 total_us=24184 boxes=0
t=1831639196 model_output model=yolo ch=2 frame=23 pending_after=1 boxes=0
t=1831639196 rknn_infer ch=2 frame=21 lock_wait_us=0 rga_pre_us=2034 run_us=78436 outputs_get_us=559 post_us=2031 release_us=1 total_us=83073 boxes=0
t=1831639196 agg_first_result model=yolo ch=2 frame=23
t=1831639196 agg_add model=yolo ch=2 frame=23 results=1 boxes=0 first=1
t=1831639196 agg_publish ch=2 frame=23 partial=0 ready=1 results=1 models=yolo has_face=0 face_boxes=0 yolo_boxes=0 waited_ms=0
t=1831639196 model_output model=face_yolo ch=2 frame=21 pending_after=3 boxes=0
t=1831639196 model_submit model=yolo ch=1 frame=22 ok=1 pending_before=0 pending_after=1
t=1831639196 decode_enqueue ch=1 frame=22 pts_us=916666 inflight=2 max_inflight=8 queue=3
t=1831639196 mosaic_submit ch=2 frame=23 pts_us=958333 partial=0 results=1 has_face=0 face_boxes=0 yolo_boxes=0
t=1831639196 agg_add model=face_yolo ch=2 frame=21 results=2 boxes=0 first=0
t=1831639197 agg_publish ch=2 frame=21 partial=0 ready=1 results=2 models=yolo,face_yolo has_face=1 face_boxes=0 yolo_boxes=0 waited_ms=84
t=1831639197 mosaic_submit ch=2 frame=21 pts_us=875000 partial=0 results=2 has_face=1 face_boxes=0 yolo_boxes=0
t=1831639199 model_submit model=yolo ch=3 frame=23 ok=1 pending_before=1 pending_after=2
t=1831639199 decode_enqueue ch=3 frame=23 pts_us=958333 inflight=2 max_inflight=8 queue=4
t=1831639203 mosaic_e2e_age_ms ch0=285 ch1=217 ch2=282 ch3=254 frame=17,17,17,17
t=1831639203 mosaic_pts_select target_pts=708322 selected_pts=708333,708333,708333,708333 selected_frame=17,17,17,17
t=1831639210 model_submit model=yolo ch=0 frame=24 ok=1 pending_before=2 pending_after=3
t=1831639210 mosaic_rtsp_handoff packet=17 compose_to_encode_ms=5 compose_to_rtsp_ms=7 rtsp_push_ms=2 ok=1
t=1831639210 model_submit model=face_yolo ch=0 frame=24 ok=1 pending_before=2 pending_after=3
t=1831639210 decode_enqueue ch=0 frame=24 pts_us=1000000 inflight=1 max_inflight=8 queue=6
t=1831639213 model_submit model=yolo ch=2 frame=24 ok=1 pending_before=3 pending_after=4
t=1831639213 model_submit model=face_yolo ch=2 frame=24 ok=1 pending_before=3 pending_after=4
t=1831639214 decode_enqueue ch=2 frame=24 pts_us=1000000 inflight=1 max_inflight=8 queue=8
t=1831639234 rknn_infer ch=1 frame=22 lock_wait_us=0 rga_pre_us=1816 run_us=33227 outputs_get_us=1944 post_us=410 release_us=2 total_us=37423 boxes=0
t=1831639234 model_output model=yolo ch=1 frame=22 pending_after=4 boxes=0
t=1831639234 agg_first_result model=yolo ch=1 frame=22
t=1831639234 agg_add model=yolo ch=1 frame=22 results=1 boxes=0 first=1
t=1831639234 agg_publish ch=1 frame=22 partial=0 ready=1 results=1 models=yolo has_face=0 face_boxes=0 yolo_boxes=0 waited_ms=0
t=1831639234 mosaic_submit ch=1 frame=22 pts_us=916666 partial=0 results=1 has_face=0 face_boxes=0 yolo_boxes=0
t=1831639235 rknn_infer ch=0 frame=24 lock_wait_us=1 rga_pre_us=2320 run_us=19908 outputs_get_us=2238 post_us=557 release_us=2 total_us=25053 boxes=0
t=1831639235 model_output model=yolo ch=0 frame=24 pending_after=3 boxes=0
t=1831639235 agg_first_result model=yolo ch=0 frame=24
t=1831639235 agg_add model=yolo ch=0 frame=24 results=1 boxes=0 first=1
t=1831639236 rknn_infer ch=3 frame=23 lock_wait_us=0 rga_pre_us=1805 run_us=31905 outputs_get_us=2225 post_us=553 release_us=1 total_us=36508 boxes=0
t=1831639236 model_output model=yolo ch=3 frame=23 pending_after=2 boxes=0
t=1831639236 agg_first_result model=yolo ch=3 frame=23
t=1831639236 agg_add model=yolo ch=3 frame=23 results=1 boxes=0 first=1
t=1831639236 agg_publish ch=3 frame=23 partial=0 ready=1 results=1 models=yolo has_face=0 face_boxes=0 yolo_boxes=0 waited_ms=0
t=1831639236 mosaic_submit ch=3 frame=23 pts_us=958333 partial=0 results=1 has_face=0 face_boxes=0 yolo_boxes=0
t=1831639236 rknn_infer ch=2 frame=24 lock_wait_us=0 rga_pre_us=1853 run_us=18486 outputs_get_us=2172 post_us=589 release_us=1 total_us=23116 boxes=0
t=1831639237 model_output model=yolo ch=2 frame=24 pending_after=1 boxes=0
t=1831639237 agg_first_result model=yolo ch=2 frame=24
t=1831639237 agg_add model=yolo ch=2 frame=24 results=1 boxes=0 first=1
t=1831639237 model_submit model=yolo ch=1 frame=23 ok=1 pending_before=0 pending_after=1
t=1831639237 decode_enqueue ch=1 frame=23 pts_us=958333 inflight=2 max_inflight=8 queue=5
t=1831639241 model_submit model=yolo ch=3 frame=24 ok=1 pending_before=1 pending_after=2
t=1831639241 model_submit model=face_yolo ch=3 frame=24 ok=1 pending_before=4 pending_after=5
t=1831639241 decode_enqueue ch=3 frame=24 pts_us=1000000 inflight=2 max_inflight=8 queue=7
t=1831639245 mosaic_e2e_age_ms ch0=286 ch1=217 ch2=282 ch3=254 frame=18,18,18,18
t=1831639245 mosaic_pts_select target_pts=749988 selected_pts=750000,750000,750000,750000 selected_frame=18,18,18,18
t=1831639251 model_submit model=yolo ch=0 frame=25 ok=1 pending_before=2 pending_after=3
t=1831639252 decode_enqueue ch=0 frame=25 pts_us=1041666 inflight=2 max_inflight=8 queue=8
t=1831639255 model_submit model=yolo ch=2 frame=25 ok=1 pending_before=3 pending_after=4
t=1831639255 decode_enqueue ch=2 frame=25 pts_us=1041666 inflight=2 max_inflight=8 queue=9
t=1831639258 rknn_infer ch=1 frame=23 lock_wait_us=0 rga_pre_us=1843 run_us=17529 outputs_get_us=1430 post_us=116 release_us=1 total_us=20938 boxes=0
t=1831639258 model_output model=yolo ch=1 frame=23 pending_after=4 boxes=0
t=1831639258 agg_first_result model=yolo ch=1 frame=23
t=1831639258 agg_add model=yolo ch=1 frame=23 results=1 boxes=0 first=1
t=1831639258 agg_publish ch=1 frame=23 partial=0 ready=1 results=1 models=yolo has_face=0 face_boxes=0 yolo_boxes=0 waited_ms=0
t=1831639258 mosaic_submit ch=1 frame=23 pts_us=958333 partial=0 results=1 has_face=0 face_boxes=0 yolo_boxes=0
t=1831639277 rknn_infer ch=1 frame=21 lock_wait_us=0 rga_pre_us=2219 run_us=85512 outputs_get_us=630 post_us=2186 release_us=1 total_us=90576 boxes=0
t=1831639278 model_output model=face_yolo ch=1 frame=21 pending_after=5 boxes=0
t=1831639278 agg_add model=face_yolo ch=1 frame=21 results=2 boxes=0 first=0
t=1831639278 agg_publish ch=1 frame=21 partial=0 ready=1 results=2 models=yolo,face_yolo has_face=1 face_boxes=0 yolo_boxes=0 waited_ms=83
t=1831639278 agg_publish ch=3 frame=21 partial=1 ready=0 results=1 models=yolo has_face=0 face_boxes=0 yolo_boxes=0 waited_ms=126
t=1831639278 mosaic_submit ch=1 frame=21 pts_us=875000 partial=0 results=2 has_face=1 face_boxes=0 yolo_boxes=0
t=1831639278 mosaic_submit ch=3 frame=21 pts_us=875000 partial=1 results=1 has_face=0 face_boxes=0 yolo_boxes=0
t=1831639279 rknn_infer ch=2 frame=25 lock_wait_us=0 rga_pre_us=2112 run_us=18732 outputs_get_us=2376 post_us=555 release_us=1 total_us=23800 boxes=0
t=1831639279 model_output model=yolo ch=2 frame=25 pending_after=3 boxes=0
t=1831639279 agg_first_result model=yolo ch=2 frame=25
t=1831639279 agg_add model=yolo ch=2 frame=25 results=1 boxes=0 first=1
t=1831639279 agg_publish ch=2 frame=25 partial=0 ready=1 results=1 models=yolo has_face=0 face_boxes=0 yolo_boxes=0 waited_ms=0
t=1831639279 mosaic_submit ch=2 frame=25 pts_us=1041666 partial=0 results=1 has_face=0 face_boxes=0 yolo_boxes=0
t=1831639279 model_submit model=yolo ch=1 frame=24 ok=1 pending_before=2 pending_after=3
t=1831639279 model_submit model=face_yolo ch=1 frame=24 ok=1 pending_before=4 pending_after=5
t=1831639279 decode_enqueue ch=1 frame=24 pts_us=1000000 inflight=1 max_inflight=8 queue=8
t=1831639280 rknn_infer ch=3 frame=21 lock_wait_us=0 rga_pre_us=2319 run_us=90915 outputs_get_us=505 post_us=1843 release_us=1 total_us=95599 boxes=0
t=1831639280 model_output model=face_yolo ch=3 frame=21 pending_after=5 boxes=0
t=1831639281 agg_submit_finished_drop model=face_yolo ch=3 frame=21 boxes=0
t=1831639281 rknn_infer ch=3 frame=24 lock_wait_us=0 rga_pre_us=1826 run_us=32258 outputs_get_us=2392 post_us=556 release_us=1 total_us=37059 boxes=0
t=1831639281 model_output model=yolo ch=3 frame=24 pending_after=3 boxes=0
t=1831639281 agg_first_result model=yolo ch=3 frame=24
t=1831639281 agg_add model=yolo ch=3 frame=24 results=1 boxes=0 first=1
t=1831639282 model_submit model=yolo ch=3 frame=25 ok=1 pending_before=2 pending_after=3
t=1831639283 decode_enqueue ch=3 frame=25 pts_us=1041666 inflight=2 max_inflight=8 queue=7
t=1831639283 rknn_infer ch=0 frame=24 lock_wait_us=1 rga_pre_us=2603 run_us=66880 outputs_get_us=635 post_us=2253 release_us=1 total_us=72394 boxes=0
t=1831639284 model_output model=face_yolo ch=0 frame=24 pending_after=4 boxes=0
t=1831639284 agg_add model=face_yolo ch=0 frame=24 results=2 boxes=0 first=0
t=1831639284 agg_publish ch=0 frame=24 partial=0 ready=1 results=2 models=yolo,face_yolo has_face=1 face_boxes=0 yolo_boxes=0 waited_ms=48
t=1831639286 mosaic_rtsp_handoff packet=18 compose_to_encode_ms=5 compose_to_rtsp_ms=41 rtsp_push_ms=36 ok=1
t=1831639288 mosaic_e2e_age_ms ch0=287 ch1=219 ch2=283 ch3=256 frame=19,19,19,19
t=1831639288 mosaic_pts_select target_pts=791654 selected_pts=791666,791666,791666,791666 selected_frame=19,19,19,19
t=1831639292 mosaic_submit ch=0 frame=24 pts_us=1000000 partial=0 results=2 has_face=1 face_boxes=0 yolo_boxes=0
t=1831639293 model_submit model=yolo ch=0 frame=26 ok=1 pending_before=3 pending_after=4
t=1831639293 decode_enqueue ch=0 frame=26 pts_us=1083333 inflight=2 max_inflight=8 queue=7
t=1831639293 mosaic_rtsp_handoff packet=19 compose_to_encode_ms=5 compose_to_rtsp_ms=5 rtsp_push_ms=0 ok=1
t=1831639297 model_submit model=yolo ch=2 frame=26 ok=1 pending_before=4 pending_after=5
t=1831639297 decode_enqueue ch=2 frame=26 pts_us=1083333 inflight=2 max_inflight=8 queue=8
t=1831639303 rknn_infer ch=1 frame=24 lock_wait_us=0 rga_pre_us=1931 run_us=20136 outputs_get_us=988 post_us=127 release_us=1 total_us=23201 boxes=0
t=1831639303 model_output model=yolo ch=1 frame=24 pending_after=5 boxes=0
t=1831639303 agg_first_result model=yolo ch=1 frame=24
t=1831639303 agg_add model=yolo ch=1 frame=24 results=1 boxes=0 first=1
t=1831639303 rknn_infer ch=0 frame=25 lock_wait_us=0 rga_pre_us=14716 run_us=32801 outputs_get_us=2172 post_us=596 release_us=1 total_us=50306 boxes=0
t=1831639304 model_output model=yolo ch=0 frame=25 pending_after=4 boxes=0
t=1831639304 agg_first_result model=yolo ch=0 frame=25
t=1831639304 agg_add model=yolo ch=0 frame=25 results=1 boxes=0 first=1
t=1831639304 agg_publish ch=0 frame=25 partial=0 ready=1 results=1 models=yolo has_face=0 face_boxes=0 yolo_boxes=0 waited_ms=0
t=1831639304 mosaic_submit ch=0 frame=25 pts_us=1041666 partial=0 results=1 has_face=0 face_boxes=0 yolo_boxes=0
t=1831639307 rknn_infer ch=3 frame=25 lock_wait_us=0 rga_pre_us=1858 run_us=19662 outputs_get_us=2380 post_us=552 release_us=2 total_us=24482 boxes=0
t=1831639307 model_output model=yolo ch=3 frame=25 pending_after=3 boxes=0
t=1831639307 agg_first_result model=yolo ch=3 frame=25
t=1831639307 agg_add model=yolo ch=3 frame=25 results=1 boxes=0 first=1
t=1831639307 agg_publish ch=3 frame=25 partial=0 ready=1 results=1 models=yolo has_face=0 face_boxes=0 yolo_boxes=0 waited_ms=0
t=1831639307 mosaic_submit ch=3 frame=25 pts_us=1041666 partial=0 results=1 has_face=0 face_boxes=0 yolo_boxes=0
t=1831639320 model_submit model=yolo ch=1 frame=25 ok=1 pending_before=2 pending_after=3
t=1831639320 decode_enqueue ch=1 frame=25 pts_us=1041666 inflight=2 max_inflight=8 queue=6
t=1831639322 rknn_infer ch=2 frame=26 lock_wait_us=0 rga_pre_us=1749 run_us=16185 outputs_get_us=1218 post_us=228 release_us=1 total_us=19398 boxes=0
t=1831639322 model_output model=yolo ch=2 frame=26 pending_after=3 boxes=0
t=1831639322 agg_first_result model=yolo ch=2 frame=26
t=1831639322 agg_add model=yolo ch=2 frame=26 results=1 boxes=0 first=1
t=1831639323 agg_publish ch=2 frame=26 partial=0 ready=1 results=1 models=yolo has_face=0 face_boxes=0 yolo_boxes=0 waited_ms=0
t=1831639323 mosaic_submit ch=2 frame=26 pts_us=1083333 partial=0 results=1 has_face=0 face_boxes=0 yolo_boxes=0
t=1831639324 model_submit model=yolo ch=3 frame=26 ok=1 pending_before=2 pending_after=3
t=1831639324 decode_enqueue ch=3 frame=26 pts_us=1083333 inflight=2 max_inflight=8 queue=6
t=1831639325 rknn_infer ch=0 frame=26 lock_wait_us=10486 rga_pre_us=1817 run_us=16694 outputs_get_us=2381 post_us=561 release_us=2 total_us=31975 boxes=0
t=1831639325 model_output model=yolo ch=0 frame=26 pending_after=3 boxes=0
t=1831639325 agg_first_result model=yolo ch=0 frame=26
t=1831639325 agg_add model=yolo ch=0 frame=26 results=1 boxes=0 first=1
t=1831639325 agg_publish ch=0 frame=26 partial=0 ready=1 results=1 models=yolo has_face=0 face_boxes=0 yolo_boxes=0 waited_ms=0
t=1831639329 mosaic_e2e_age_ms ch0=285 ch1=216 ch2=282 ch3=254 frame=20,20,20,20
t=1831639329 mosaic_pts_select target_pts=833320 selected_pts=833333,833333,833333,833333 selected_frame=20,20,20,20
t=1831639333 mosaic_submit ch=0 frame=26 pts_us=1083333 partial=0 results=1 has_face=0 face_boxes=0 yolo_boxes=0
t=1831639334 mosaic_rtsp_handoff packet=20 compose_to_encode_ms=4 compose_to_rtsp_ms=5 rtsp_push_ms=1 ok=1
t=1831639335 model_submit model=yolo ch=0 frame=27 ok=1 pending_before=2 pending_after=3
t=1831639335 model_submit model=face_yolo ch=0 frame=27 ok=1 pending_before=3 pending_after=4
t=1831639335 decode_enqueue ch=0 frame=27 pts_us=1125000 inflight=1 max_inflight=8 queue=7
t=1831639338 model_submit model=yolo ch=2 frame=27 ok=1 pending_before=3 pending_after=4
t=1831639338 model_submit model=face_yolo ch=2 frame=27 ok=1 pending_before=4 pending_after=5
t=1831639338 decode_enqueue ch=2 frame=27 pts_us=1125000 inflight=2 max_inflight=8 queue=9
t=1831639357 rknn_infer ch=1 frame=25 lock_wait_us=0 rga_pre_us=1997 run_us=32481 outputs_get_us=2114 post_us=554 release_us=2 total_us=37170 boxes=0
t=1831639357 model_output model=yolo ch=1 frame=25 pending_after=4 boxes=0
t=1831639357 agg_first_result model=yolo ch=1 frame=25
t=1831639358 agg_add model=yolo ch=1 frame=25 results=1 boxes=0 first=1
t=1831639358 agg_publish ch=1 frame=25 partial=0 ready=1 results=1 models=yolo has_face=0 face_boxes=0 yolo_boxes=0 waited_ms=0
t=1831639358 agg_publish ch=2 frame=24 partial=1 ready=0 results=1 models=yolo has_face=0 face_boxes=0 yolo_boxes=0 waited_ms=120
t=1831639358 mosaic_submit ch=1 frame=25 pts_us=1041666 partial=0 results=1 has_face=0 face_boxes=0 yolo_boxes=0
t=1831639358 mosaic_submit ch=2 frame=24 pts_us=1000000 partial=1 results=1 has_face=0 face_boxes=0 yolo_boxes=0
t=1831639360 rknn_infer ch=2 frame=27 lock_wait_us=0 rga_pre_us=1895 run_us=17172 outputs_get_us=2240 post_us=725 release_us=3 total_us=22065 boxes=0
t=1831639360 model_output model=yolo ch=2 frame=27 pending_after=3 boxes=0
t=1831639361 agg_first_result model=yolo ch=2 frame=27
t=1831639361 agg_add model=yolo ch=2 frame=27 results=1 boxes=0 first=1
t=1831639361 rknn_infer ch=0 frame=27 lock_wait_us=0 rga_pre_us=1922 run_us=18969 outputs_get_us=4554 post_us=632 release_us=2 total_us=26457 boxes=0
t=1831639361 model_output model=yolo ch=0 frame=27 pending_after=2 boxes=0
t=1831639361 agg_first_result model=yolo ch=0 frame=27
t=1831639362 agg_add model=yolo ch=0 frame=27 results=1 boxes=0 first=1
t=1831639362 rknn_infer ch=3 frame=26 lock_wait_us=0 rga_pre_us=1970 run_us=33054 outputs_get_us=2270 post_us=550 release_us=1 total_us=37864 boxes=0
t=1831639362 model_output model=yolo ch=3 frame=26 pending_after=1 boxes=0
t=1831639362 model_submit model=yolo ch=1 frame=26 ok=1 pending_before=0 pending_after=1
t=1831639362 decode_enqueue ch=1 frame=26 pts_us=1083333 inflight=2 max_inflight=8 queue=6
t=1831639363 agg_first_result model=yolo ch=3 frame=26
t=1831639363 agg_add model=yolo ch=3 frame=26 results=1 boxes=0 first=1
t=1831639363 agg_publish ch=3 frame=26 partial=0 ready=1 results=1 models=yolo has_face=0 face_boxes=0 yolo_boxes=0 waited_ms=0
t=1831639363 mosaic_submit ch=3 frame=26 pts_us=1083333 partial=0 results=1 has_face=0 face_boxes=0 yolo_boxes=0
t=1831639366 model_submit model=yolo ch=3 frame=27 ok=1 pending_before=1 pending_after=2
t=1831639366 model_submit model=face_yolo ch=3 frame=27 ok=1 pending_before=5 pending_after=6
t=1831639366 decode_enqueue ch=3 frame=27 pts_us=1125000 inflight=2 max_inflight=8 queue=8
t=1831639372 mosaic_e2e_age_ms ch0=287 ch1=216 ch2=283 ch3=255 frame=21,21,21,21
t=1831639372 mosaic_pts_select target_pts=874986 selected_pts=875000,875000,875000,875000 selected_frame=21,21,21,21
t=1831639374 rknn_infer ch=3 frame=24 lock_wait_us=0 rga_pre_us=1827 run_us=88814 outputs_get_us=482 post_us=1833 release_us=1 total_us=92976 boxes=0
t=1831639374 model_output model=face_yolo ch=3 frame=24 pending_after=6 boxes=0
t=1831639374 agg_add model=face_yolo ch=3 frame=24 results=2 boxes=0 first=0
t=1831639374 agg_publish ch=3 frame=24 partial=0 ready=1 results=2 models=yolo,face_yolo has_face=1 face_boxes=0 yolo_boxes=0 waited_ms=92
t=1831639375 rknn_infer ch=2 frame=24 lock_wait_us=6194 rga_pre_us=2581 run_us=83899 outputs_get_us=569 post_us=3861 release_us=1 total_us=97131 boxes=0
t=1831639375 model_output model=face_yolo ch=2 frame=24 pending_after=5 boxes=0
t=1831639375 agg_submit_finished_drop model=face_yolo ch=2 frame=24 boxes=0
t=1831639375 rknn_infer ch=1 frame=24 lock_wait_us=0 rga_pre_us=1889 run_us=83443 outputs_get_us=620 post_us=5277 release_us=1 total_us=91256 boxes=0
t=1831639375 model_output model=face_yolo ch=1 frame=24 pending_after=4 boxes=0
t=1831639376 mosaic_submit ch=3 frame=24 pts_us=1000000 partial=0 results=2 has_face=1 face_boxes=0 yolo_boxes=0
t=1831639376 agg_add model=face_yolo ch=1 frame=24 results=2 boxes=0 first=0
t=1831639376 agg_publish ch=1 frame=24 partial=0 ready=1 results=2 models=yolo,face_yolo has_face=1 face_boxes=0 yolo_boxes=0 waited_ms=73
t=1831639376 mosaic_submit ch=1 frame=24 pts_us=1000000 partial=0 results=2 has_face=1 face_boxes=0 yolo_boxes=0
t=1831639376 model_submit model=yolo ch=0 frame=28 ok=1 pending_before=2 pending_after=3
t=1831639376 decode_enqueue ch=0 frame=28 pts_us=1166666 inflight=2 max_inflight=8 queue=6
t=1831639377 mosaic_rtsp_handoff packet=21 compose_to_encode_ms=5 compose_to_rtsp_ms=5 rtsp_push_ms=0 ok=1
t=1831639380 model_submit model=yolo ch=2 frame=28 ok=1 pending_before=3 pending_after=4
t=1831639380 decode_enqueue ch=2 frame=28 pts_us=1166666 inflight=2 max_inflight=8 queue=7
t=1831639400 rknn_infer ch=1 frame=26 lock_wait_us=0 rga_pre_us=2079 run_us=32752 outputs_get_us=2332 post_us=562 release_us=2 total_us=37795 boxes=0
t=1831639400 model_output model=yolo ch=1 frame=26 pending_after=4 boxes=0
t=1831639401 rknn_infer ch=0 frame=28 lock_wait_us=0 rga_pre_us=2820 run_us=18868 outputs_get_us=2043 post_us=421 release_us=1 total_us=24174 boxes=0
t=1831639401 model_output model=yolo ch=0 frame=28 pending_after=3 boxes=0
t=1831639401 agg_first_result model=yolo ch=1 frame=26
t=1831639401 agg_add model=yolo ch=1 frame=26 results=1 boxes=0 first=1
t=1831639401 agg_publish ch=1 frame=26 partial=0 ready=1 results=1 models=yolo has_face=0 face_boxes=0 yolo_boxes=0 waited_ms=0
t=1831639401 mosaic_submit ch=1 frame=26 pts_us=1083333 partial=0 results=1 has_face=0 face_boxes=0 yolo_boxes=0
t=1831639401 agg_first_result model=yolo ch=0 frame=28
t=1831639401 agg_add model=yolo ch=0 frame=28 results=1 boxes=0 first=1
t=1831639401 agg_publish ch=0 frame=28 partial=0 ready=1 results=1 models=yolo has_face=0 face_boxes=0 yolo_boxes=0 waited_ms=0
t=1831639401 mosaic_submit ch=0 frame=28 pts_us=1166666 partial=0 results=1 has_face=0 face_boxes=0 yolo_boxes=0
t=1831639402 rknn_infer ch=3 frame=27 lock_wait_us=0 rga_pre_us=1803 run_us=31721 outputs_get_us=2179 post_us=566 release_us=1 total_us=36290 boxes=0
t=1831639402 model_output model=yolo ch=3 frame=27 pending_after=2 boxes=0
t=1831639402 agg_first_result model=yolo ch=3 frame=27
t=1831639403 agg_add model=yolo ch=3 frame=27 results=1 boxes=0 first=1
t=1831639403 model_submit model=yolo ch=1 frame=27 ok=1 pending_before=1 pending_after=2
t=1831639403 model_submit model=face_yolo ch=1 frame=27 ok=1 pending_before=3 pending_after=4
t=1831639403 decode_enqueue ch=1 frame=27 pts_us=1125000 inflight=1 max_inflight=8 queue=6
t=1831639405 rknn_infer ch=2 frame=28 lock_wait_us=0 rga_pre_us=2123 run_us=20401 outputs_get_us=2027 post_us=550 release_us=1 total_us=25124 boxes=0
t=1831639405 model_output model=yolo ch=2 frame=28 pending_after=2 boxes=0
t=1831639405 agg_first_result model=yolo ch=2 frame=28
t=1831639405 agg_add model=yolo ch=2 frame=28 results=1 boxes=0 first=1
t=1831639405 agg_publish ch=2 frame=28 partial=0 ready=1 results=1 models=yolo has_face=0 face_boxes=0 yolo_boxes=0 waited_ms=0
t=1831639405 mosaic_submit ch=2 frame=28 pts_us=1166666 partial=0 results=1 has_face=0 face_boxes=0 yolo_boxes=0
t=1831639407 model_submit model=yolo ch=3 frame=28 ok=1 pending_before=1 pending_after=2
t=1831639408 decode_enqueue ch=3 frame=28 pts_us=1166666 inflight=2 max_inflight=8 queue=6
t=1831639412 mosaic_e2e_age_ms ch0=285 ch1=215 ch2=281 ch3=254 frame=22,22,22,22
t=1831639412 mosaic_pts_select target_pts=916652 selected_pts=916666,916666,916666,916666 selected_frame=22,22,22,22
t=1831639417 mosaic_rtsp_handoff packet=22 compose_to_encode_ms=5 compose_to_rtsp_ms=5 rtsp_push_ms=0 ok=1
t=1831639418 model_submit model=yolo ch=0 frame=29 ok=1 pending_before=2 pending_after=3
t=1831639418 decode_enqueue ch=0 frame=29 pts_us=1208333 inflight=2 max_inflight=8 queue=7
t=1831639422 model_submit model=yolo ch=2 frame=29 ok=1 pending_before=3 pending_after=4
t=1831639422 decode_enqueue ch=2 frame=29 pts_us=1208333 inflight=2 max_inflight=8 queue=8
t=1831639443 rknn_infer ch=1 frame=27 lock_wait_us=0 rga_pre_us=1935 run_us=32612 outputs_get_us=2222 post_us=555 release_us=3 total_us=37351 boxes=0
t=1831639443 rknn_infer ch=3 frame=28 lock_wait_us=0 rga_pre_us=1851 run_us=31660 outputs_get_us=1292 post_us=249 release_us=0 total_us=35067 boxes=0
t=1831639443 model_output model=yolo ch=3 frame=28 pending_after=4 boxes=0
t=1831639443 model_output model=yolo ch=1 frame=27 pending_after=4 boxes=0
t=1831639443 agg_first_result model=yolo ch=3 frame=28
t=1831639443 agg_add model=yolo ch=3 frame=28 results=1 boxes=0 first=1
t=1831639443 agg_publish ch=3 frame=28 partial=0 ready=1 results=1 models=yolo has_face=0 face_boxes=0 yolo_boxes=0 waited_ms=0
t=1831639443 mosaic_submit ch=3 frame=28 pts_us=1166666 partial=0 results=1 has_face=0 face_boxes=0 yolo_boxes=0
t=1831639443 agg_first_result model=yolo ch=1 frame=27
t=1831639443 agg_add model=yolo ch=1 frame=27 results=1 boxes=0 first=1
t=1831639443 rknn_infer ch=0 frame=29 lock_wait_us=1 rga_pre_us=2200 run_us=20373 outputs_get_us=2177 post_us=585 release_us=1 total_us=25354 boxes=0
t=1831639444 model_output model=yolo ch=0 frame=29 pending_after=2 boxes=0
t=1831639444 agg_first_result model=yolo ch=0 frame=29
t=1831639444 agg_add model=yolo ch=0 frame=29 results=1 boxes=0 first=1
t=1831639444 agg_publish ch=0 frame=29 partial=0 ready=1 results=1 models=yolo has_face=0 face_boxes=0 yolo_boxes=0 waited_ms=0
t=1831639444 mosaic_submit ch=0 frame=29 pts_us=1208333 partial=0 results=1 has_face=0 face_boxes=0 yolo_boxes=0
t=1831639445 model_submit model=yolo ch=1 frame=28 ok=1 pending_before=1 pending_after=2
t=1831639445 decode_enqueue ch=1 frame=28 pts_us=1166666 inflight=2 max_inflight=8 queue=6
t=1831639447 rknn_infer ch=2 frame=29 lock_wait_us=0 rga_pre_us=1887 run_us=20585 outputs_get_us=2004 post_us=598 release_us=2 total_us=25101 boxes=0
t=1831639447 model_output model=yolo ch=2 frame=29 pending_after=2 boxes=0
t=1831639447 agg_first_result model=yolo ch=2 frame=29
t=1831639447 agg_add model=yolo ch=2 frame=29 results=1 boxes=0 first=1
t=1831639447 agg_publish ch=2 frame=29 partial=0 ready=1 results=1 models=yolo has_face=0 face_boxes=0 yolo_boxes=0 waited_ms=0
t=1831639447 mosaic_submit ch=2 frame=29 pts_us=1208333 partial=0 results=1 has_face=0 face_boxes=0 yolo_boxes=0
t=1831639449 model_submit model=yolo ch=3 frame=29 ok=1 pending_before=1 pending_after=2
t=1831639449 decode_enqueue ch=3 frame=29 pts_us=1208333 inflight=2 max_inflight=8 queue=6
t=1831639453 mosaic_e2e_age_ms ch0=285 ch1=216 ch2=282 ch3=254 frame=23,23,23,23
t=1831639454 mosaic_pts_select target_pts=958318 selected_pts=958333,958333,958333,958333 selected_frame=23,23,23,23
t=1831639458 mosaic_rtsp_handoff packet=23 compose_to_encode_ms=5 compose_to_rtsp_ms=5 rtsp_push_ms=0 ok=1
t=1831639460 model_submit model=yolo ch=0 frame=30 ok=1 pending_before=2 pending_after=3
t=1831639460 model_submit model=face_yolo ch=0 frame=30 ok=1 pending_before=4 pending_after=5
t=1831639460 decode_enqueue ch=0 frame=30 pts_us=1250000 inflight=2 max_inflight=8 queue=8
t=1831639463 model_submit model=yolo ch=2 frame=30 ok=1 pending_before=3 pending_after=4
t=1831639463 model_submit model=face_yolo ch=2 frame=30 ok=1 pending_before=5 pending_after=6
t=1831639463 decode_enqueue ch=2 frame=30 pts_us=1250000 inflight=2 max_inflight=8 queue=10
t=1831639469 rknn_infer ch=0 frame=27 lock_wait_us=1275 rga_pre_us=2042 run_us=89918 outputs_get_us=476 post_us=1801 release_us=0 total_us=95530 boxes=0
t=1831639470 model_output model=face_yolo ch=0 frame=27 pending_after=6 boxes=0
t=1831639470 agg_add model=face_yolo ch=0 frame=27 results=2 boxes=0 first=0
t=1831639470 agg_publish ch=0 frame=27 partial=0 ready=1 results=2 models=yolo,face_yolo has_face=1 face_boxes=0 yolo_boxes=0 waited_ms=108
t=1831639470 mosaic_submit ch=0 frame=27 pts_us=1125000 partial=0 results=2 has_face=1 face_boxes=0 yolo_boxes=0
t=1831639470 rknn_infer ch=2 frame=27 lock_wait_us=0 rga_pre_us=2893 run_us=88421 outputs_get_us=596 post_us=3185 release_us=1 total_us=95116 boxes=0
t=1831639471 rknn_infer ch=3 frame=27 lock_wait_us=0 rga_pre_us=2527 run_us=86563 outputs_get_us=821 post_us=4750 release_us=418 total_us=95111 boxes=0
t=1831639471 model_output model=face_yolo ch=3 frame=27 pending_after=5 boxes=0
t=1831639471 agg_add model=face_yolo ch=3 frame=27 results=2 boxes=0 first=0
t=1831639471 agg_publish ch=3 frame=27 partial=0 ready=1 results=2 models=yolo,face_yolo has_face=1 face_boxes=0 yolo_boxes=0 waited_ms=68
t=1831639471 mosaic_submit ch=3 frame=27 pts_us=1125000 partial=0 results=2 has_face=1 face_boxes=0 yolo_boxes=0
t=1831639471 model_output model=face_yolo ch=2 frame=27 pending_after=4 boxes=0
t=1831639471 agg_add model=face_yolo ch=2 frame=27 results=2 boxes=0 first=0
t=1831639471 agg_publish ch=2 frame=27 partial=0 ready=1 results=2 models=yolo,face_yolo has_face=1 face_boxes=0 yolo_boxes=0 waited_ms=110
t=1831639471 mosaic_submit ch=2 frame=27 pts_us=1125000 partial=0 results=2 has_face=1 face_boxes=0 yolo_boxes=0
t=1831639480 rknn_infer ch=1 frame=28 lock_wait_us=0 rga_pre_us=1833 run_us=32761 outputs_get_us=1033 post_us=115 release_us=0 total_us=35756 boxes=0
t=1831639480 model_output model=yolo ch=1 frame=28 pending_after=4 boxes=0
t=1831639481 agg_first_result model=yolo ch=1 frame=28
t=1831639481 agg_add model=yolo ch=1 frame=28 results=1 boxes=0 first=1
t=1831639481 agg_publish ch=1 frame=28 partial=0 ready=1 results=1 models=yolo has_face=0 face_boxes=0 yolo_boxes=0 waited_ms=0
t=1831639481 mosaic_submit ch=1 frame=28 pts_us=1166666 partial=0 results=1 has_face=0 face_boxes=0 yolo_boxes=0
t=1831639483 rknn_infer ch=0 frame=30 lock_wait_us=0 rga_pre_us=2057 run_us=18408 outputs_get_us=2170 post_us=551 release_us=1 total_us=23210 boxes=0
t=1831639483 model_output model=yolo ch=0 frame=30 pending_after=3 boxes=0
t=1831639483 agg_first_result model=yolo ch=0 frame=30
t=1831639483 agg_add model=yolo ch=0 frame=30 results=1 boxes=0 first=1
t=1831639486 rknn_infer ch=3 frame=29 lock_wait_us=0 rga_pre_us=1973 run_us=31810 outputs_get_us=2067 post_us=552 release_us=1 total_us=36425 boxes=0
t=1831639486 model_output model=yolo ch=3 frame=29 pending_after=2 boxes=0
t=1831639486 agg_first_result model=yolo ch=3 frame=29
t=1831639486 agg_add model=yolo ch=3 frame=29 results=1 boxes=0 first=1
t=1831639486 agg_publish ch=3 frame=29 partial=0 ready=1 results=1 models=yolo has_face=0 face_boxes=0 yolo_boxes=0 waited_ms=0
t=1831639486 mosaic_submit ch=3 frame=29 pts_us=1208333 partial=0 results=1 has_face=0 face_boxes=0 yolo_boxes=0
t=1831639486 model_submit model=yolo ch=1 frame=29 ok=1 pending_before=1 pending_after=2
t=1831639486 decode_enqueue ch=1 frame=29 pts_us=1208333 inflight=2 max_inflight=8 queue=5
t=1831639489 rknn_infer ch=2 frame=30 lock_wait_us=0 rga_pre_us=1996 run_us=20858 outputs_get_us=2690 post_us=606 release_us=2 total_us=26180 boxes=0
t=1831639490 model_output model=yolo ch=2 frame=30 pending_after=2 boxes=0
t=1831639490 agg_first_result model=yolo ch=2 frame=30
t=1831639490 agg_add model=yolo ch=2 frame=30 results=1 boxes=0 first=1
t=1831639491 model_submit model=yolo ch=3 frame=30 ok=1 pending_before=1 pending_after=2
t=1831639491 model_submit model=face_yolo ch=3 frame=30 ok=1 pending_before=3 pending_after=4
t=1831639491 decode_enqueue ch=3 frame=30 pts_us=1250000 inflight=1 max_inflight=8 queue=6
t=1831639494 mosaic_e2e_age_ms ch0=285 ch1=215 ch2=281 ch3=253 frame=24,24,24,24
t=1831639494 mosaic_pts_select target_pts=999984 selected_pts=1000000,1000000,1000000,1000000 selected_frame=24,24,24,24
t=1831639501 model_submit model=yolo ch=0 frame=31 ok=1 pending_before=2 pending_after=3
t=1831639501 decode_enqueue ch=0 frame=31 pts_us=1291666 inflight=2 max_inflight=8 queue=7
t=1831639505 model_submit model=yolo ch=2 frame=31 ok=1 pending_before=3 pending_after=4
t=1831639505 decode_enqueue ch=2 frame=31 pts_us=1291666 inflight=2 max_inflight=8 queue=8
t=1831639509 mosaic_rtsp_handoff packet=24 compose_to_encode_ms=4 compose_to_rtsp_ms=14 rtsp_push_ms=10 ok=1
t=1831639522 rknn_infer ch=1 frame=29 lock_wait_us=0 rga_pre_us=1781 run_us=32241 outputs_get_us=1179 post_us=155 release_us=1 total_us=35370 boxes=0
t=1831639522 model_output model=yolo ch=1 frame=29 pending_after=4 boxes=0
t=1831639522 agg_first_result model=yolo ch=1 frame=29
t=1831639522 agg_add model=yolo ch=1 frame=29 results=1 boxes=0 first=1
t=1831639522 agg_publish ch=1 frame=29 partial=0 ready=1 results=1 models=yolo has_face=0 face_boxes=0 yolo_boxes=0 waited_ms=0
t=1831639522 mosaic_submit ch=1 frame=29 pts_us=1208333 partial=0 results=1 has_face=0 face_boxes=0 yolo_boxes=0
t=1831639525 rknn_infer ch=0 frame=31 lock_wait_us=0 rga_pre_us=1952 run_us=18412 outputs_get_us=2493 post_us=617 release_us=1 total_us=23507 boxes=0
t=1831639525 model_output model=yolo ch=0 frame=31 pending_after=3 boxes=0
t=1831639525 agg_first_result model=yolo ch=0 frame=31
t=1831639525 agg_add model=yolo ch=0 frame=31 results=1 boxes=0 first=1
t=1831639525 agg_publish ch=0 frame=31 partial=0 ready=1 results=1 models=yolo has_face=0 face_boxes=0 yolo_boxes=0 waited_ms=0
t=1831639525 mosaic_submit ch=0 frame=31 pts_us=1291666 partial=0 results=1 has_face=0 face_boxes=0 yolo_boxes=0
t=1831639527 rknn_infer ch=3 frame=30 lock_wait_us=0 rga_pre_us=1847 run_us=31431 outputs_get_us=2176 post_us=637 release_us=1 total_us=36114 boxes=0
t=1831639527 model_output model=yolo ch=3 frame=30 pending_after=2 boxes=0
t=1831639527 agg_first_result model=yolo ch=3 frame=30
t=1831639527 agg_add model=yolo ch=3 frame=30 results=1 boxes=0 first=1
t=1831639528 model_submit model=yolo ch=1 frame=30 ok=1 pending_before=1 pending_after=2
t=1831639528 model_submit model=face_yolo ch=1 frame=30 ok=1 pending_before=4 pending_after=5
t=1831639528 decode_enqueue ch=1 frame=30 pts_us=1250000 inflight=2 max_inflight=8 queue=7
t=1831639530 rknn_infer ch=2 frame=31 lock_wait_us=0 rga_pre_us=2093 run_us=19930 outputs_get_us=2132 post_us=614 release_us=1 total_us=24830 boxes=0
t=1831639530 model_output model=yolo ch=2 frame=31 pending_after=2 boxes=0
t=1831639530 agg_first_result model=yolo ch=2 frame=31
t=1831639530 agg_add model=yolo ch=2 frame=31 results=1 boxes=0 first=1
t=1831639530 agg_publish ch=2 frame=31 partial=0 ready=1 results=1 models=yolo has_face=0 face_boxes=0 yolo_boxes=0 waited_ms=0
t=1831639530 mosaic_submit ch=2 frame=31 pts_us=1291666 partial=0 results=1 has_face=0 face_boxes=0 yolo_boxes=0
t=1831639532 model_submit model=yolo ch=3 frame=31 ok=1 pending_before=1 pending_after=2
t=1831639532 decode_enqueue ch=3 frame=31 pts_us=1291666 inflight=2 max_inflight=8 queue=7
t=1831639537 mosaic_e2e_age_ms ch0=285 ch1=217 ch2=281 ch3=254 frame=25,25,25,25
t=1831639537 mosaic_pts_select target_pts=1041650 selected_pts=1041666,1041666,1041666,1041666 selected_frame=25,25,25,25
t=1831639542 mosaic_rtsp_handoff packet=25 compose_to_encode_ms=5 compose_to_rtsp_ms=5 rtsp_push_ms=0 ok=1
t=1831639543 model_submit model=yolo ch=0 frame=32 ok=1 pending_before=2 pending_after=3
t=1831639543 decode_enqueue ch=0 frame=32 pts_us=1333333 inflight=2 max_inflight=8 queue=8
t=1831639547 model_submit model=yolo ch=2 frame=32 ok=1 pending_before=3 pending_after=4
t=1831639547 decode_enqueue ch=2 frame=32 pts_us=1333333 inflight=2 max_inflight=8 queue=9
t=1831639562 rknn_infer ch=0 frame=30 lock_wait_us=0 rga_pre_us=1924 run_us=87032 outputs_get_us=505 post_us=1982 release_us=1 total_us=91466 boxes=0
t=1831639562 model_output model=face_yolo ch=0 frame=30 pending_after=5 boxes=0
t=1831639563 agg_add model=face_yolo ch=0 frame=30 results=2 boxes=0 first=0
t=1831639563 agg_publish ch=0 frame=30 partial=0 ready=1 results=2 models=yolo,face_yolo has_face=1 face_boxes=0 yolo_boxes=0 waited_ms=80
t=1831639563 mosaic_submit ch=0 frame=30 pts_us=1250000 partial=0 results=2 has_face=1 face_boxes=0 yolo_boxes=0
t=1831639564 rknn_infer ch=1 frame=27 lock_wait_us=0 rga_pre_us=1978 run_us=89493 outputs_get_us=464 post_us=1831 release_us=1 total_us=93784 boxes=0
t=1831639564 model_output model=face_yolo ch=1 frame=27 pending_after=4 boxes=0
t=1831639564 rknn_infer ch=1 frame=30 lock_wait_us=0 rga_pre_us=1785 run_us=32258 outputs_get_us=1927 post_us=308 release_us=1 total_us=36296 boxes=0
t=1831639564 model_output model=yolo ch=1 frame=30 pending_after=4 boxes=0
t=1831639564 agg_add model=face_yolo ch=1 frame=27 results=2 boxes=0 first=0
t=1831639565 agg_publish ch=1 frame=27 partial=0 ready=1 results=2 models=yolo,face_yolo has_face=1 face_boxes=0 yolo_boxes=0 waited_ms=121
t=1831639565 mosaic_submit ch=1 frame=27 pts_us=1125000 partial=0 results=2 has_face=1 face_boxes=0 yolo_boxes=0
t=1831639565 agg_first_result model=yolo ch=1 frame=30
t=1831639565 agg_add model=yolo ch=1 frame=30 results=1 boxes=0 first=1
t=1831639565 rknn_infer ch=2 frame=30 lock_wait_us=0 rga_pre_us=2080 run_us=89700 outputs_get_us=556 post_us=2157 release_us=0 total_us=94513 boxes=0
t=1831639566 model_output model=face_yolo ch=2 frame=30 pending_after=3 boxes=0
t=1831639566 agg_add model=face_yolo ch=2 frame=30 results=2 boxes=0 first=0
t=1831639566 agg_publish ch=2 frame=30 partial=0 ready=1 results=2 models=yolo,face_yolo has_face=1 face_boxes=0 yolo_boxes=0 waited_ms=76
t=1831639566 mosaic_submit ch=2 frame=30 pts_us=1250000 partial=0 results=2 has_face=1 face_boxes=0 yolo_boxes=0
t=1831639568 rknn_infer ch=0 frame=32 lock_wait_us=0 rga_pre_us=2057 run_us=20344 outputs_get_us=2309 post_us=554 release_us=1 total_us=25292 boxes=0
t=1831639568 model_output model=yolo ch=0 frame=32 pending_after=3 boxes=0
t=1831639569 agg_first_result model=yolo ch=0 frame=32
t=1831639569 agg_add model=yolo ch=0 frame=32 results=1 boxes=0 first=1
t=1831639569 agg_publish ch=0 frame=32 partial=0 ready=1 results=1 models=yolo has_face=0 face_boxes=0 yolo_boxes=0 waited_ms=0
t=1831639569 mosaic_submit ch=0 frame=32 pts_us=1333333 partial=0 results=1 has_face=0 face_boxes=0 yolo_boxes=0
t=1831639569 rknn_infer ch=3 frame=31 lock_wait_us=0 rga_pre_us=1920 run_us=31961 outputs_get_us=2091 post_us=550 release_us=1 total_us=36539 boxes=0
t=1831639569 model_output model=yolo ch=3 frame=31 pending_after=2 boxes=0
t=1831639569 agg_first_result model=yolo ch=3 frame=31
t=1831639569 agg_add model=yolo ch=3 frame=31 results=1 boxes=0 first=1
t=1831639569 agg_publish ch=3 frame=31 partial=0 ready=1 results=1 models=yolo has_face=0 face_boxes=0 yolo_boxes=0 waited_ms=0
t=1831639569 mosaic_submit ch=3 frame=31 pts_us=1291666 partial=0 results=1 has_face=0 face_boxes=0 yolo_boxes=0
t=1831639570 model_submit model=yolo ch=1 frame=31 ok=1 pending_before=1 pending_after=2
t=1831639570 decode_enqueue ch=1 frame=31 pts_us=1291666 inflight=2 max_inflight=8 queue=4
t=1831639572 rknn_infer ch=2 frame=32 lock_wait_us=0 rga_pre_us=1992 run_us=20859 outputs_get_us=1969 post_us=552 release_us=2 total_us=25397 boxes=0
t=1831639572 model_output model=yolo ch=2 frame=32 pending_after=2 boxes=0
t=1831639572 agg_first_result model=yolo ch=2 frame=32
t=1831639572 agg_add model=yolo ch=2 frame=32 results=1 boxes=0 first=1
t=1831639572 agg_publish ch=2 frame=32 partial=0 ready=1 results=1 models=yolo has_face=0 face_boxes=0 yolo_boxes=0 waited_ms=0
t=1831639572 mosaic_submit ch=2 frame=32 pts_us=1333333 partial=0 results=1 has_face=0 face_boxes=0 yolo_boxes=0
t=1831639574 model_submit model=yolo ch=3 frame=32 ok=1 pending_before=1 pending_after=2
t=1831639574 decode_enqueue ch=3 frame=32 pts_us=1333333 inflight=2 max_inflight=8 queue=4
t=1831639578 mosaic_e2e_age_ms ch0=285 ch1=216 ch2=282 ch3=254 frame=26,26,26,26
t=1831639579 mosaic_pts_select target_pts=1083316 selected_pts=1083333,1083333,1083333,1083333 selected_frame=26,26,26,26
t=1831639584 mosaic_rtsp_handoff packet=26 compose_to_encode_ms=5 compose_to_rtsp_ms=6 rtsp_push_ms=1 ok=1
t=1831639585 model_submit model=yolo ch=0 frame=33 ok=1 pending_before=2 pending_after=3
t=1831639585 model_submit model=face_yolo ch=0 frame=33 ok=1 pending_before=2 pending_after=3
t=1831639585 decode_enqueue ch=0 frame=33 pts_us=1375000 inflight=1 max_inflight=8 queue=6
t=1831639588 model_submit model=yolo ch=2 frame=33 ok=1 pending_before=3 pending_after=4
t=1831639588 model_submit model=face_yolo ch=2 frame=33 ok=1 pending_before=3 pending_after=4
t=1831639588 decode_enqueue ch=2 frame=33 pts_us=1375000 inflight=1 max_inflight=8 queue=8
t=1831639607 rknn_infer ch=0 frame=33 lock_wait_us=0 rga_pre_us=2041 run_us=17210 outputs_get_us=2199 post_us=594 release_us=2 total_us=22070 boxes=0
t=1831639607 model_output model=yolo ch=0 frame=33 pending_after=4 boxes=0
t=1831639607 rknn_infer ch=1 frame=31 lock_wait_us=0 rga_pre_us=1870 run_us=33500 outputs_get_us=2024 post_us=423 release_us=2 total_us=37839 boxes=0
t=1831639608 model_output model=yolo ch=1 frame=31 pending_after=3 boxes=0
t=1831639608 agg_first_result model=yolo ch=0 frame=33
t=1831639608 agg_add model=yolo ch=0 frame=33 results=1 boxes=0 first=1
t=1831639608 agg_first_result model=yolo ch=1 frame=31
t=1831639608 agg_add model=yolo ch=1 frame=31 results=1 boxes=0 first=1
t=1831639608 agg_publish ch=1 frame=31 partial=0 ready=1 results=1 models=yolo has_face=0 face_boxes=0 yolo_boxes=0 waited_ms=0
t=1831639608 mosaic_submit ch=1 frame=31 pts_us=1291666 partial=0 results=1 has_face=0 face_boxes=0 yolo_boxes=0
t=1831639610 rknn_infer ch=3 frame=32 lock_wait_us=0 rga_pre_us=1861 run_us=31416 outputs_get_us=2071 post_us=599 release_us=2 total_us=35974 boxes=0
t=1831639610 model_output model=yolo ch=3 frame=32 pending_after=2 boxes=0
t=1831639610 agg_first_result model=yolo ch=3 frame=32
t=1831639610 agg_add model=yolo ch=3 frame=32 results=1 boxes=0 first=1
t=1831639610 agg_publish ch=3 frame=32 partial=0 ready=1 results=1 models=yolo has_face=0 face_boxes=0 yolo_boxes=0 waited_ms=0
t=1831639611 mosaic_submit ch=3 frame=32 pts_us=1333333 partial=0 results=1 has_face=0 face_boxes=0 yolo_boxes=0
t=1831639611 model_submit model=yolo ch=1 frame=32 ok=1 pending_before=1 pending_after=2
t=1831639611 decode_enqueue ch=1 frame=32 pts_us=1333333 inflight=2 max_inflight=8 queue=6
t=1831639611 rknn_infer ch=2 frame=33 lock_wait_us=0 rga_pre_us=1837 run_us=18732 outputs_get_us=2027 post_us=565 release_us=1 total_us=23182 boxes=0
t=1831639611 model_output model=yolo ch=2 frame=33 pending_after=2 boxes=0
t=1831639612 agg_first_result model=yolo ch=2 frame=33
t=1831639612 agg_add model=yolo ch=2 frame=33 results=1 boxes=0 first=1
t=1831639616 model_submit model=yolo ch=3 frame=33 ok=1 pending_before=1 pending_after=2
t=1831639616 model_submit model=face_yolo ch=3 frame=33 ok=1 pending_before=4 pending_after=5
t=1831639616 decode_enqueue ch=3 frame=33 pts_us=1375000 inflight=2 max_inflight=8 queue=7
t=1831639621 mosaic_e2e_age_ms ch0=286 ch1=217 ch2=282 ch3=254 frame=27,27,27,27
t=1831639621 mosaic_pts_select target_pts=1124982 selected_pts=1125000,1125000,1125000,1125000 selected_frame=27,27,27,27
t=1831639626 mosaic_rtsp_handoff packet=27 compose_to_encode_ms=4 compose_to_rtsp_ms=5 rtsp_push_ms=1 ok=1
t=1831639626 model_submit model=yolo ch=0 frame=34 ok=1 pending_before=2 pending_after=3
t=1831639626 decode_enqueue ch=0 frame=34 pts_us=1416666 inflight=2 max_inflight=8 queue=8
t=1831639630 model_submit model=yolo ch=2 frame=34 ok=1 pending_before=3 pending_after=4
t=1831639630 decode_enqueue ch=2 frame=34 pts_us=1416666 inflight=2 max_inflight=8 queue=9
t=1831639649 rknn_infer ch=1 frame=32 lock_wait_us=0 rga_pre_us=2068 run_us=32816 outputs_get_us=2302 post_us=557 release_us=2 total_us=37776 boxes=0
t=1831639650 model_output model=yolo ch=1 frame=32 pending_after=4 boxes=0
t=1831639650 rknn_infer ch=0 frame=34 lock_wait_us=0 rga_pre_us=1959 run_us=19097 outputs_get_us=2474 post_us=573 release_us=2 total_us=24127 boxes=0
t=1831639651 model_output model=yolo ch=0 frame=34 pending_after=3 boxes=0
t=1831639652 rknn_infer ch=3 frame=33 lock_wait_us=0 rga_pre_us=2026 run_us=31753 outputs_get_us=1999 post_us=410 release_us=2 total_us=36212 boxes=0
t=1831639652 model_output model=yolo ch=3 frame=33 pending_after=2 boxes=0
t=1831639652 agg_first_result model=yolo ch=1 frame=32
t=1831639653 agg_add model=yolo ch=1 frame=32 results=1 boxes=0 first=1
t=1831639653 agg_publish ch=1 frame=32 partial=0 ready=1 results=1 models=yolo has_face=0 face_boxes=0 yolo_boxes=0 waited_ms=0
t=1831639653 agg_publish ch=3 frame=30 partial=1 ready=0 results=1 models=yolo has_face=0 face_boxes=0 yolo_boxes=0 waited_ms=125
t=1831639653 mosaic_submit ch=1 frame=32 pts_us=1333333 partial=0 results=1 has_face=0 face_boxes=0 yolo_boxes=0
t=1831639653 mosaic_submit ch=3 frame=30 pts_us=1250000 partial=1 results=1 has_face=0 face_boxes=0 yolo_boxes=0
t=1831639653 agg_first_result model=yolo ch=0 frame=34
t=1831639653 agg_add model=yolo ch=0 frame=34 results=1 boxes=0 first=1
t=1831639653 agg_publish ch=0 frame=34 partial=0 ready=1 results=1 models=yolo has_face=0 face_boxes=0 yolo_boxes=0 waited_ms=0
t=1831639653 mosaic_submit ch=0 frame=34 pts_us=1416666 partial=0 results=1 has_face=0 face_boxes=0 yolo_boxes=0
t=1831639653 rknn_infer ch=3 frame=30 lock_wait_us=3285 rga_pre_us=1990 run_us=82975 outputs_get_us=539 post_us=1872 release_us=1 total_us=90680 boxes=0
t=1831639654 model_output model=face_yolo ch=3 frame=30 pending_after=5 boxes=0
t=1831639654 agg_first_result model=yolo ch=3 frame=33
t=1831639654 agg_add model=yolo ch=3 frame=33 results=1 boxes=0 first=1
t=1831639654 agg_submit_finished_drop model=face_yolo ch=3 frame=30 boxes=0
t=1831639654 rknn_infer ch=2 frame=34 lock_wait_us=0 rga_pre_us=2121 run_us=19530 outputs_get_us=2182 post_us=558 release_us=1 total_us=24417 boxes=0
t=1831639654 model_output model=yolo ch=2 frame=34 pending_after=1 boxes=0
t=1831639654 rknn_infer ch=1 frame=30 lock_wait_us=0 rga_pre_us=2641 run_us=85674 outputs_get_us=470 post_us=1848 release_us=1 total_us=90668 boxes=0
t=1831639655 model_output model=face_yolo ch=1 frame=30 pending_after=4 boxes=0
t=1831639655 agg_first_result model=yolo ch=2 frame=34
t=1831639655 agg_add model=yolo ch=2 frame=34 results=1 boxes=0 first=1
t=1831639655 agg_publish ch=2 frame=34 partial=0 ready=1 results=1 models=yolo has_face=0 face_boxes=0 yolo_boxes=0 waited_ms=0
t=1831639655 mosaic_submit ch=2 frame=34 pts_us=1416666 partial=0 results=1 has_face=0 face_boxes=0 yolo_boxes=0
t=1831639655 agg_add model=face_yolo ch=1 frame=30 results=2 boxes=0 first=0
t=1831639655 agg_publish ch=1 frame=30 partial=0 ready=1 results=2 models=yolo,face_yolo has_face=1 face_boxes=0 yolo_boxes=0 waited_ms=90
t=1831639655 mosaic_submit ch=1 frame=30 pts_us=1250000 partial=0 results=2 has_face=1 face_boxes=0 yolo_boxes=0
t=1831639655 model_submit model=yolo ch=1 frame=33 ok=1 pending_before=0 pending_after=1
t=1831639655 model_submit model=face_yolo ch=1 frame=33 ok=1 pending_before=3 pending_after=4
t=1831639655 decode_enqueue ch=1 frame=33 pts_us=1375000 inflight=2 max_inflight=8 queue=5
t=1831639657 model_submit model=yolo ch=3 frame=34 ok=1 pending_before=1 pending_after=2
t=1831639658 decode_enqueue ch=3 frame=34 pts_us=1416666 inflight=2 max_inflight=8 queue=6
t=1831639659 rknn_infer ch=0 frame=33 lock_wait_us=0 rga_pre_us=2250 run_us=69123 outputs_get_us=482 post_us=1851 release_us=1 total_us=73726 boxes=0
t=1831639659 model_output model=face_yolo ch=0 frame=33 pending_after=4 boxes=0
t=1831639659 agg_add model=face_yolo ch=0 frame=33 results=2 boxes=0 first=0
t=1831639659 agg_publish ch=0 frame=33 partial=0 ready=1 results=2 models=yolo,face_yolo has_face=1 face_boxes=0 yolo_boxes=0 waited_ms=51
t=1831639664 mosaic_e2e_age_ms ch0=287 ch1=219 ch2=283 ch3=256 frame=28,28,28,28
t=1831639664 mosaic_pts_select target_pts=1166648 selected_pts=1166666,1166666,1166666,1166666 selected_frame=28,28,28,28
t=1831639668 mosaic_submit ch=0 frame=33 pts_us=1375000 partial=0 results=2 has_face=1 face_boxes=0 yolo_boxes=0
t=1831639668 model_submit model=yolo ch=0 frame=35 ok=1 pending_before=2 pending_after=3
t=1831639668 decode_enqueue ch=0 frame=35 pts_us=1458333 inflight=1 max_inflight=8 queue=6
t=1831639669 mosaic_rtsp_handoff packet=28 compose_to_encode_ms=4 compose_to_rtsp_ms=4 rtsp_push_ms=0 ok=1
t=1831639672 model_submit model=yolo ch=2 frame=35 ok=1 pending_before=3 pending_after=4
t=1831639672 decode_enqueue ch=2 frame=35 pts_us=1458333 inflight=2 max_inflight=8 queue=7
t=1831639694 rknn_infer ch=3 frame=34 lock_wait_us=0 rga_pre_us=1830 run_us=31734 outputs_get_us=2211 post_us=554 release_us=2 total_us=36357 boxes=0
t=1831639694 model_output model=yolo ch=3 frame=34 pending_after=4 boxes=0
t=1831639694 rknn_infer ch=0 frame=35 lock_wait_us=0 rga_pre_us=2011 run_us=20209 outputs_get_us=2792 post_us=648 release_us=2 total_us=25690 boxes=0
t=1831639695 model_output model=yolo ch=0 frame=35 pending_after=3 boxes=0
t=1831639695 model_submit model=yolo ch=1 frame=34 ok=1 pending_before=3 pending_after=4
t=1831639695 decode_enqueue ch=1 frame=34 pts_us=1416666 inflight=2 max_inflight=8 queue=7
t=1831639695 agg_first_result model=yolo ch=3 frame=34
t=1831639695 agg_add model=yolo ch=3 frame=34 results=1 boxes=0 first=1
t=1831639695 agg_publish ch=3 frame=34 partial=0 ready=1 results=1 models=yolo has_face=0 face_boxes=0 yolo_boxes=0 waited_ms=0
t=1831639695 mosaic_submit ch=3 frame=34 pts_us=1416666 partial=0 results=1 has_face=0 face_boxes=0 yolo_boxes=0
t=1831639695 rknn_infer ch=2 frame=35 lock_wait_us=0 rga_pre_us=1986 run_us=18463 outputs_get_us=2728 post_us=689 release_us=1 total_us=23883 boxes=0
t=1831639696 model_output model=yolo ch=2 frame=35 pending_after=4 boxes=0
t=1831639696 agg_first_result model=yolo ch=0 frame=35
t=1831639696 agg_add model=yolo ch=0 frame=35 results=1 boxes=0 first=1
t=1831639696 agg_publish ch=0 frame=35 partial=0 ready=1 results=1 models=yolo has_face=0 face_boxes=0 yolo_boxes=0 waited_ms=0
t=1831639696 mosaic_submit ch=0 frame=35 pts_us=1458333 partial=0 results=1 has_face=0 face_boxes=0 yolo_boxes=0
t=1831639696 agg_first_result model=yolo ch=2 frame=35
t=1831639696 agg_add model=yolo ch=2 frame=35 results=1 boxes=0 first=1
t=1831639696 rknn_infer ch=1 frame=33 lock_wait_us=0 rga_pre_us=1889 run_us=32728 outputs_get_us=4582 post_us=1715 release_us=2 total_us=40934 boxes=0
t=1831639696 model_output model=yolo ch=1 frame=33 pending_after=2 boxes=0
t=1831639696 agg_publish ch=2 frame=35 partial=0 ready=1 results=1 models=yolo has_face=0 face_boxes=0 yolo_boxes=0 waited_ms=0
t=1831639697 mosaic_submit ch=2 frame=35 pts_us=1458333 partial=0 results=1 has_face=0 face_boxes=0 yolo_boxes=0
t=1831639697 agg_first_result model=yolo ch=1 frame=33
t=1831639697 agg_add model=yolo ch=1 frame=33 results=1 boxes=0 first=1
t=1831639699 model_submit model=yolo ch=3 frame=35 ok=1 pending_before=1 pending_after=2
t=1831639699 decode_enqueue ch=3 frame=35 pts_us=1458333 inflight=2 max_inflight=8 queue=5
t=1831639704 mosaic_e2e_age_ms ch0=286 ch1=218 ch2=283 ch3=255 frame=29,29,29,29
t=1831639705 mosaic_pts_select target_pts=1208314 selected_pts=1208333,1208333,1208333,1208333 selected_frame=29,29,29,29
t=1831639710 model_submit model=yolo ch=0 frame=36 ok=1 pending_before=2 pending_after=3
t=1831639710 mosaic_rtsp_handoff packet=29 compose_to_encode_ms=4 compose_to_rtsp_ms=5 rtsp_push_ms=1 ok=1
t=1831639710 model_submit model=face_yolo ch=0 frame=36 ok=1 pending_before=3 pending_after=4
t=1831639710 decode_enqueue ch=0 frame=36 pts_us=1500000 inflight=1 max_inflight=8 queue=7
t=1831639713 model_submit model=yolo ch=2 frame=36 ok=1 pending_before=3 pending_after=4
t=1831639713 model_submit model=face_yolo ch=2 frame=36 ok=1 pending_before=4 pending_after=5
t=1831639713 decode_enqueue ch=2 frame=36 pts_us=1500000 inflight=2 max_inflight=8 queue=9
t=1831639733 rknn_infer ch=1 frame=34 lock_wait_us=1703 rga_pre_us=1881 run_us=32418 outputs_get_us=2132 post_us=595 release_us=3 total_us=38757 boxes=0
t=1831639734 model_output model=yolo ch=1 frame=34 pending_after=4 boxes=0
t=1831639734 agg_first_result model=yolo ch=1 frame=34
t=1831639734 agg_add model=yolo ch=1 frame=34 results=1 boxes=0 first=1
t=1831639734 agg_publish ch=1 frame=34 partial=0 ready=1 results=1 models=yolo has_face=0 face_boxes=0 yolo_boxes=0 waited_ms=0
t=1831639734 rknn_infer ch=0 frame=36 lock_wait_us=0 rga_pre_us=1992 run_us=19800 outputs_get_us=2193 post_us=552 release_us=1 total_us=24558 boxes=0
t=1831639734 model_output model=yolo ch=0 frame=36 pending_after=3 boxes=0
t=1831639735 agg_publish ch=2 frame=33 partial=1 ready=0 results=1 models=yolo has_face=0 face_boxes=0 yolo_boxes=0 waited_ms=122
t=1831639735 mosaic_submit ch=1 frame=34 pts_us=1416666 partial=0 results=1 has_face=0 face_boxes=0 yolo_boxes=0
t=1831639735 mosaic_submit ch=2 frame=33 pts_us=1375000 partial=1 results=1 has_face=0 face_boxes=0 yolo_boxes=0
t=1831639735 agg_first_result model=yolo ch=0 frame=36
t=1831639735 agg_add model=yolo ch=0 frame=36 results=1 boxes=0 first=1
t=1831639735 rknn_infer ch=3 frame=35 lock_wait_us=0 rga_pre_us=2159 run_us=31322 outputs_get_us=1826 post_us=806 release_us=1 total_us=36132 boxes=0
t=1831639735 model_output model=yolo ch=3 frame=35 pending_after=2 boxes=0
t=1831639736 agg_first_result model=yolo ch=3 frame=35
t=1831639736 agg_add model=yolo ch=3 frame=35 results=1 boxes=0 first=1
t=1831639736 agg_publish ch=3 frame=35 partial=0 ready=1 results=1 models=yolo has_face=0 face_boxes=0 yolo_boxes=0 waited_ms=0
t=1831639736 mosaic_submit ch=3 frame=35 pts_us=1458333 partial=0 results=1 has_face=0 face_boxes=0 yolo_boxes=0
t=1831639736 model_submit model=yolo ch=1 frame=35 ok=1 pending_before=1 pending_after=2
t=1831639736 decode_enqueue ch=1 frame=35 pts_us=1458333 inflight=2 max_inflight=8 queue=7
t=1831639739 rknn_infer ch=2 frame=36 lock_wait_us=0 rga_pre_us=1898 run_us=20449 outputs_get_us=2388 post_us=619 release_us=2 total_us=25387 boxes=0
t=1831639739 model_output model=yolo ch=2 frame=36 pending_after=2 boxes=0
t=1831639739 agg_first_result model=yolo ch=2 frame=36
t=1831639739 agg_add model=yolo ch=2 frame=36 results=1 boxes=0 first=1
t=1831639741 model_submit model=yolo ch=3 frame=36 ok=1 pending_before=1 pending_after=2
t=1831639741 model_submit model=face_yolo ch=3 frame=36 ok=1 pending_before=5 pending_after=6
t=1831639741 decode_enqueue ch=3 frame=36 pts_us=1500000 inflight=2 max_inflight=8 queue=8
t=1831639745 mosaic_e2e_age_ms ch0=286 ch1=217 ch2=282 ch3=254 frame=30,30,30,30
t=1831639745 mosaic_pts_select target_pts=1249980 selected_pts=1250000,1250000,1250000,1250000 selected_frame=30,30,30,30
t=1831639747 rknn_infer ch=2 frame=33 lock_wait_us=0 rga_pre_us=2150 run_us=88732 outputs_get_us=548 post_us=1886 release_us=1 total_us=93344 boxes=0
t=1831639747 model_output model=face_yolo ch=2 frame=33 pending_after=6 boxes=0
t=1831639747 agg_submit_finished_drop model=face_yolo ch=2 frame=33 boxes=0
t=1831639750 rknn_infer ch=3 frame=33 lock_wait_us=0 rga_pre_us=3985 run_us=88872 outputs_get_us=497 post_us=1861 release_us=3 total_us=95247 boxes=0
t=1831639750 model_output model=face_yolo ch=3 frame=33 pending_after=5 boxes=0
t=1831639751 agg_add model=face_yolo ch=3 frame=33 results=2 boxes=0 first=0
t=1831639751 agg_publish ch=3 frame=33 partial=0 ready=1 results=2 models=yolo,face_yolo has_face=1 face_boxes=0 yolo_boxes=0 waited_ms=97
t=1831639752 mosaic_submit ch=3 frame=33 pts_us=1375000 partial=0 results=2 has_face=1 face_boxes=0 yolo_boxes=0
t=1831639752 model_submit model=yolo ch=0 frame=37 ok=1 pending_before=2 pending_after=3
t=1831639752 decode_enqueue ch=0 frame=37 pts_us=1541666 inflight=2 max_inflight=8 queue=7
t=1831639755 rknn_infer ch=1 frame=33 lock_wait_us=0 rga_pre_us=1829 run_us=91346 outputs_get_us=526 post_us=2319 release_us=1 total_us=96039 boxes=0
t=1831639755 model_output model=face_yolo ch=1 frame=33 pending_after=4 boxes=0
t=1831639755 agg_add model=face_yolo ch=1 frame=33 results=2 boxes=0 first=0
t=1831639755 agg_publish ch=1 frame=33 partial=0 ready=1 results=2 models=yolo,face_yolo has_face=1 face_boxes=0 yolo_boxes=0 waited_ms=58
t=1831639755 mosaic_submit ch=1 frame=33 pts_us=1375000 partial=0 results=2 has_face=1 face_boxes=0 yolo_boxes=0
t=1831639755 model_submit model=yolo ch=2 frame=37 ok=1 pending_before=3 pending_after=4
t=1831639755 decode_enqueue ch=2 frame=37 pts_us=1541666 inflight=2 max_inflight=8 queue=7
t=1831639760 rknn_infer ch=1 frame=35 lock_wait_us=0 rga_pre_us=2712 run_us=17144 outputs_get_us=3659 post_us=560 release_us=2 total_us=24104 boxes=0
t=1831639761 model_output model=yolo ch=1 frame=35 pending_after=4 boxes=0
t=1831639761 agg_first_result model=yolo ch=1 frame=35
t=1831639761 agg_add model=yolo ch=1 frame=35 results=1 boxes=0 first=1
t=1831639761 agg_publish ch=1 frame=35 partial=0 ready=1 results=1 models=yolo has_face=0 face_boxes=0 yolo_boxes=0 waited_ms=0
t=1831639761 mosaic_submit ch=1 frame=35 pts_us=1458333 partial=0 results=1 has_face=0 face_boxes=0 yolo_boxes=0
t=1831639762 mosaic_rtsp_handoff packet=30 compose_to_encode_ms=4 compose_to_rtsp_ms=17 rtsp_push_ms=13 ok=1
t=1831639775 rknn_infer ch=0 frame=37 lock_wait_us=0 rga_pre_us=2046 run_us=16827 outputs_get_us=925 post_us=156 release_us=1 total_us=19972 boxes=0
t=1831639775 model_output model=yolo ch=0 frame=37 pending_after=3 boxes=0
t=1831639775 agg_first_result model=yolo ch=0 frame=37
t=1831639775 agg_add model=yolo ch=0 frame=37 results=1 boxes=0 first=1
t=1831639775 agg_publish ch=0 frame=37 partial=0 ready=1 results=1 models=yolo has_face=0 face_boxes=0 yolo_boxes=0 waited_ms=0
t=1831639776 mosaic_submit ch=0 frame=37 pts_us=1541666 partial=0 results=1 has_face=0 face_boxes=0 yolo_boxes=0
t=1831639778 model_submit model=yolo ch=1 frame=36 ok=1 pending_before=2 pending_after=3
t=1831639778 model_submit model=face_yolo ch=1 frame=36 ok=1 pending_before=3 pending_after=4
t=1831639778 decode_enqueue ch=1 frame=36 pts_us=1500000 inflight=1 max_inflight=8 queue=7
t=1831639782 rknn_infer ch=2 frame=37 lock_wait_us=0 rga_pre_us=2307 run_us=20909 outputs_get_us=2477 post_us=748 release_us=2 total_us=26469 boxes=0
t=1831639782 model_output model=yolo ch=2 frame=37 pending_after=3 boxes=0
t=1831639782 agg_first_result model=yolo ch=2 frame=37
t=1831639782 agg_add model=yolo ch=2 frame=37 results=1 boxes=0 first=1
t=1831639782 rknn_infer ch=3 frame=36 lock_wait_us=0 rga_pre_us=1873 run_us=32219 outputs_get_us=2445 post_us=816 release_us=2 total_us=37384 boxes=0
t=1831639782 agg_publish ch=2 frame=37 partial=0 ready=1 results=1 models=yolo has_face=0 face_boxes=0 yolo_boxes=0 waited_ms=0
t=1831639782 model_output model=yolo ch=3 frame=36 pending_after=2 boxes=0
t=1831639783 model_submit model=yolo ch=3 frame=37 ok=1 pending_before=2 pending_after=3
t=1831639783 decode_enqueue ch=3 frame=37 pts_us=1541666 inflight=2 max_inflight=8 queue=6
t=1831639787 mosaic_e2e_age_ms ch0=285 ch1=217 ch2=281 ch3=254 frame=31,31,31,31
t=1831639787 mosaic_pts_select target_pts=1291646 selected_pts=1291666,1291666,1291666,1291666 selected_frame=31,31,31,31
t=1831639791 mosaic_submit ch=2 frame=37 pts_us=1541666 partial=0 results=1 has_face=0 face_boxes=0 yolo_boxes=0
t=1831639791 agg_first_result model=yolo ch=3 frame=36
t=1831639791 agg_add model=yolo ch=3 frame=36 results=1 boxes=0 first=1
t=1831639792 mosaic_rtsp_handoff packet=31 compose_to_encode_ms=4 compose_to_rtsp_ms=5 rtsp_push_ms=1 ok=1
t=1831639793 model_submit model=yolo ch=0 frame=38 ok=1 pending_before=2 pending_after=3
t=1831639793 decode_enqueue ch=0 frame=38 pts_us=1583333 inflight=2 max_inflight=8 queue=7
t=1831639797 model_submit model=yolo ch=2 frame=38 ok=1 pending_before=3 pending_after=4
t=1831639797 decode_enqueue ch=2 frame=38 pts_us=1583333 inflight=2 max_inflight=8 queue=8
t=1831639816 rknn_infer ch=1 frame=36 lock_wait_us=0 rga_pre_us=2058 run_us=32756 outputs_get_us=2655 post_us=612 release_us=2 total_us=38109 boxes=0
t=1831639816 model_output model=yolo ch=1 frame=36 pending_after=4 boxes=0
t=1831639816 rknn_infer ch=0 frame=38 lock_wait_us=0 rga_pre_us=2665 run_us=18031 outputs_get_us=2094 post_us=583 release_us=1 total_us=23391 boxes=0
t=1831639817 model_output model=yolo ch=0 frame=38 pending_after=3 boxes=0
t=1831639820 agg_first_result model=yolo ch=1 frame=36
t=1831639820 agg_add model=yolo ch=1 frame=36 results=1 boxes=0 first=1
t=1831639820 rknn_infer ch=2 frame=38 lock_wait_us=0 rga_pre_us=1859 run_us=18203 outputs_get_us=2653 post_us=1086 release_us=3 total_us=23833 boxes=0
t=1831639821 model_output model=yolo ch=2 frame=38 pending_after=3 boxes=0
t=1831639821 agg_first_result model=yolo ch=2 frame=38
t=1831639821 agg_add model=yolo ch=2 frame=38 results=1 boxes=0 first=1
t=1831639821 rknn_infer ch=3 frame=37 lock_wait_us=0 rga_pre_us=2116 run_us=33507 outputs_get_us=2033 post_us=550 release_us=1 total_us=38228 boxes=0
t=1831639821 model_output model=yolo ch=3 frame=37 pending_after=2 boxes=0
t=1831639821 agg_publish ch=2 frame=38 partial=0 ready=1 results=1 models=yolo has_face=0 face_boxes=0 yolo_boxes=0 waited_ms=0
t=1831639821 mosaic_submit ch=2 frame=38 pts_us=1583333 partial=0 results=1 has_face=0 face_boxes=0 yolo_boxes=0
t=1831639821 model_submit model=yolo ch=1 frame=37 ok=1 pending_before=2 pending_after=2
t=1831639822 decode_enqueue ch=1 frame=37 pts_us=1541666 inflight=2 max_inflight=8 queue=6
t=1831639822 agg_first_result model=yolo ch=0 frame=38
t=1831639822 agg_add model=yolo ch=0 frame=38 results=1 boxes=0 first=1
t=1831639822 agg_publish ch=0 frame=38 partial=0 ready=1 results=1 models=yolo has_face=0 face_boxes=0 yolo_boxes=0 waited_ms=0
t=1831639822 mosaic_submit ch=0 frame=38 pts_us=1583333 partial=0 results=1 has_face=0 face_boxes=0 yolo_boxes=0
t=1831639822 agg_first_result model=yolo ch=3 frame=37
t=1831639822 agg_add model=yolo ch=3 frame=37 results=1 boxes=0 first=1
t=1831639822 agg_publish ch=3 frame=37 partial=0 ready=1 results=1 models=yolo has_face=0 face_boxes=0 yolo_boxes=0 waited_ms=0
t=1831639822 mosaic_submit ch=3 frame=37 pts_us=1541666 partial=0 results=1 has_face=0 face_boxes=0 yolo_boxes=0
t=1831639824 model_submit model=yolo ch=3 frame=38 ok=1 pending_before=1 pending_after=2
t=1831639824 decode_enqueue ch=3 frame=38 pts_us=1583333 inflight=2 max_inflight=8 queue=6
t=1831639830 mosaic_e2e_age_ms ch0=286 ch1=218 ch2=283 ch3=255 frame=32,32,32,32
t=1831639830 mosaic_pts_select target_pts=1333312 selected_pts=1333333,1333333,1333333,1333333 selected_frame=32,32,32,32
t=1831639835 model_submit model=yolo ch=0 frame=39 ok=1 pending_before=2 pending_after=3
t=1831639835 mosaic_rtsp_handoff packet=32 compose_to_encode_ms=4 compose_to_rtsp_ms=5 rtsp_push_ms=1 ok=1
t=1831639835 model_submit model=face_yolo ch=0 frame=39 ok=1 pending_before=4 pending_after=5
t=1831639835 decode_enqueue ch=0 frame=39 pts_us=1625000 inflight=2 max_inflight=8 queue=8
t=1831639838 model_submit model=yolo ch=2 frame=39 ok=1 pending_before=3 pending_after=4
t=1831639838 model_submit model=face_yolo ch=2 frame=39 ok=1 pending_before=5 pending_after=6
t=1831639839 decode_enqueue ch=2 frame=39 pts_us=1625000 inflight=2 max_inflight=8 queue=10
t=1831639845 rknn_infer ch=0 frame=36 lock_wait_us=0 rga_pre_us=5174 run_us=90167 outputs_get_us=566 post_us=1854 release_us=1 total_us=97786 boxes=0
t=1831639845 model_output model=face_yolo ch=0 frame=36 pending_after=6 boxes=0
t=1831639846 agg_add model=face_yolo ch=0 frame=36 results=2 boxes=0 first=0
t=1831639846 agg_publish ch=0 frame=36 partial=0 ready=1 results=2 models=yolo,face_yolo has_face=1 face_boxes=0 yolo_boxes=0 waited_ms=110
t=1831639846 mosaic_submit ch=0 frame=36 pts_us=1500000 partial=0 results=2 has_face=1 face_boxes=0 yolo_boxes=0
t=1831639848 rknn_infer ch=2 frame=36 lock_wait_us=0 rga_pre_us=2361 run_us=93105 outputs_get_us=502 post_us=1837 release_us=2 total_us=97827 boxes=0
t=1831639848 model_output model=face_yolo ch=2 frame=36 pending_after=5 boxes=0
t=1831639848 agg_add model=face_yolo ch=2 frame=36 results=2 boxes=0 first=0
t=1831639849 agg_publish ch=2 frame=36 partial=0 ready=1 results=2 models=yolo,face_yolo has_face=1 face_boxes=0 yolo_boxes=0 waited_ms=109
t=1831639849 mosaic_submit ch=2 frame=36 pts_us=1500000 partial=0 results=2 has_face=1 face_boxes=0 yolo_boxes=0
t=1831639852 rknn_infer ch=3 frame=36 lock_wait_us=0 rga_pre_us=2127 run_us=92618 outputs_get_us=511 post_us=1839 release_us=1 total_us=97122 boxes=0
t=1831639853 model_output model=face_yolo ch=3 frame=36 pending_after=4 boxes=0
t=1831639853 agg_add model=face_yolo ch=3 frame=36 results=2 boxes=0 first=0
t=1831639853 agg_publish ch=3 frame=36 partial=0 ready=1 results=2 models=yolo,face_yolo has_face=1 face_boxes=0 yolo_boxes=0 waited_ms=61
t=1831639853 mosaic_submit ch=3 frame=36 pts_us=1500000 partial=0 results=2 has_face=1 face_boxes=0 yolo_boxes=0
t=1831639859 rknn_infer ch=1 frame=37 lock_wait_us=0 rga_pre_us=1934 run_us=32426 outputs_get_us=2096 post_us=558 release_us=2 total_us=37043 boxes=0
t=1831639859 model_output model=yolo ch=1 frame=37 pending_after=4 boxes=0
t=1831639859 rknn_infer ch=3 frame=38 lock_wait_us=1 rga_pre_us=2022 run_us=31603 outputs_get_us=1256 post_us=248 release_us=1 total_us=35148 boxes=0
t=1831639859 model_output model=yolo ch=3 frame=38 pending_after=3 boxes=0
t=1831639860 agg_first_result model=yolo ch=1 frame=37
t=1831639860 agg_add model=yolo ch=1 frame=37 results=1 boxes=0 first=1
t=1831639860 agg_publish ch=1 frame=37 partial=0 ready=1 results=1 models=yolo has_face=0 face_boxes=0 yolo_boxes=0 waited_ms=0
t=1831639860 agg_lock_health submit_count=130 submit_wait_avg_us=61 submit_wait_max_us=4866 submit_wait_over_500us=3 worker_count=183 worker_hold_avg_us=153 worker_hold_max_us=3376 worker_hold_over_2ms=1 queue=1 pending=1 registered=3
t=1831639860 rknn_infer ch=0 frame=39 lock_wait_us=0 rga_pre_us=2915 run_us=19101 outputs_get_us=2315 post_us=650 release_us=2 total_us=25008 boxes=0
t=1831639860 model_output model=yolo ch=0 frame=39 pending_after=2 boxes=0
t=1831639860 mosaic_submit ch=1 frame=37 pts_us=1541666 partial=0 results=1 has_face=0 face_boxes=0 yolo_boxes=0
t=1831639860 agg_first_result model=yolo ch=3 frame=38
t=1831639860 agg_add model=yolo ch=3 frame=38 results=1 boxes=0 first=1
t=1831639860 agg_publish ch=3 frame=38 partial=0 ready=1 results=1 models=yolo has_face=0 face_boxes=0 yolo_boxes=0 waited_ms=0
t=1831639860 mosaic_submit ch=3 frame=38 pts_us=1583333 partial=0 results=1 has_face=0 face_boxes=0 yolo_boxes=0
t=1831639860 agg_first_result model=yolo ch=0 frame=39
t=1831639860 agg_add model=yolo ch=0 frame=39 results=1 boxes=0 first=1
t=1831639861 model_submit model=yolo ch=1 frame=38 ok=1 pending_before=1 pending_after=2
t=1831639861 decode_enqueue ch=1 frame=38 pts_us=1583333 inflight=2 max_inflight=8 queue=5
t=1831639863 rknn_infer ch=2 frame=39 lock_wait_us=0 rga_pre_us=1892 run_us=20249 outputs_get_us=1961 post_us=576 release_us=1 total_us=24701 boxes=0
t=1831639863 model_output model=yolo ch=2 frame=39 pending_after=2 boxes=0
t=1831639863 agg_first_result model=yolo ch=2 frame=39
t=1831639863 agg_add model=yolo ch=2 frame=39 results=1 boxes=0 first=1
t=1831639866 model_submit model=yolo ch=3 frame=39 ok=1 pending_before=1 pending_after=2
t=1831639866 model_submit model=face_yolo ch=3 frame=39 ok=1 pending_before=3 pending_after=4
t=1831639866 decode_enqueue ch=3 frame=39 pts_us=1625000 inflight=1 max_inflight=8 queue=6
t=1831639870 mosaic_e2e_age_ms ch0=286 ch1=216 ch2=282 ch3=254 frame=33,33,33,33
t=1831639870 mosaic_pts_select target_pts=1374978 selected_pts=1375000,1375000,1375000,1375000 selected_frame=33,33,33,33
t=1831639875 mosaic_rtsp_handoff packet=33 compose_to_encode_ms=5 compose_to_rtsp_ms=5 rtsp_push_ms=0 ok=1
t=1831639875 encoder_health source=encoder_out in_fps=24.00 packet_fps=25.00 frame_fps=25.00 recycle_fps=25.00 pending=0 total_in=34 total_frames=34
t=1831639876 model_submit model=yolo ch=0 frame=40 ok=1 pending_before=2 pending_after=3
t=1831639877 decode_enqueue ch=0 frame=40 pts_us=1666666 inflight=2 max_inflight=8 queue=7
t=1831639880 model_submit model=yolo ch=2 frame=40 ok=1 pending_before=3 pending_after=4
t=1831639880 decode_enqueue ch=2 frame=40 pts_us=1666666 inflight=2 max_inflight=8 queue=8
t=1831639900 rknn_infer ch=1 frame=38 lock_wait_us=0 rga_pre_us=1895 run_us=32251 outputs_get_us=2046 post_us=576 release_us=1 total_us=36794 boxes=0
t=1831639900 model_output model=yolo ch=1 frame=38 pending_after=4 boxes=0
t=1831639902 rknn_infer ch=0 frame=40 lock_wait_us=0 rga_pre_us=2107 run_us=20243 outputs_get_us=2622 post_us=575 release_us=1 total_us=25572 boxes=0
t=1831639902 model_output model=yolo ch=0 frame=40 pending_after=3 boxes=0
t=1831639902 agg_first_result model=yolo ch=1 frame=38
t=1831639902 agg_add model=yolo ch=1 frame=38 results=1 boxes=0 first=1
t=1831639902 agg_publish ch=1 frame=38 partial=0 ready=1 results=1 models=yolo has_face=0 face_boxes=0 yolo_boxes=0 waited_ms=0
t=1831639903 mosaic_submit ch=1 frame=38 pts_us=1583333 partial=0 results=1 has_face=0 face_boxes=0 yolo_boxes=0
t=1831639903 agg_first_result model=yolo ch=0 frame=40
t=1831639903 agg_add model=yolo ch=0 frame=40 results=1 boxes=0 first=1
t=1831639903 agg_publish ch=0 frame=40 partial=0 ready=1 results=1 models=yolo has_face=0 face_boxes=0 yolo_boxes=0 waited_ms=0
t=1831639903 mosaic_submit ch=0 frame=40 pts_us=1666666 partial=0 results=1 has_face=0 face_boxes=0 yolo_boxes=0
t=1831639903 rknn_infer ch=3 frame=39 lock_wait_us=0 rga_pre_us=1811 run_us=31820 outputs_get_us=2357 post_us=407 release_us=1 total_us=36417 boxes=0
t=1831639903 model_submit model=yolo ch=1 frame=39 ok=1 pending_before=2 pending_after=3
t=1831639903 model_submit model=face_yolo ch=1 frame=39 ok=1 pending_before=4 pending_after=5
t=1831639903 decode_enqueue ch=1 frame=39 pts_us=1625000 inflight=2 max_inflight=8 queue=8
t=1831639903 model_output model=yolo ch=3 frame=39 pending_after=3 boxes=0
t=1831639903 agg_first_result model=yolo ch=3 frame=39
t=1831639904 agg_add model=yolo ch=3 frame=39 results=1 boxes=0 first=1
t=1831639905 rknn_infer ch=2 frame=40 lock_wait_us=0 rga_pre_us=2058 run_us=20170 outputs_get_us=1995 post_us=552 release_us=1 total_us=24798 boxes=0
t=1831639905 model_output model=yolo ch=2 frame=40 pending_after=2 boxes=0
t=1831639905 agg_first_result model=yolo ch=2 frame=40
t=1831639905 agg_add model=yolo ch=2 frame=40 results=1 boxes=0 first=1
t=1831639905 agg_publish ch=2 frame=40 partial=0 ready=1 results=1 models=yolo has_face=0 face_boxes=0 yolo_boxes=0 waited_ms=0
t=1831639905 mosaic_submit ch=2 frame=40 pts_us=1666666 partial=0 results=1 has_face=0 face_boxes=0 yolo_boxes=0
t=1831639907 model_submit model=yolo ch=3 frame=40 ok=1 pending_before=1 pending_after=2
t=1831639908 decode_enqueue ch=3 frame=40 pts_us=1666666 inflight=2 max_inflight=8 queue=7
t=1831639912 mosaic_e2e_age_ms ch0=286 ch1=218 ch2=282 ch3=255 frame=34,34,34,34
t=1831639912 mosaic_pts_select target_pts=1416644 selected_pts=1416666,1416666,1416666,1416666 selected_frame=34,34,34,34
t=1831639917 mosaic_health source=compose submit_fps=95.90 tick_fps=23.98 not_ready_fps=0.00 compose_fps=23.98 push_fps=23.98 busy_drop_fps=0.00 total_submit=157 total_tick=48 total_not_ready=13 total_compose=35 total_push=35 rga_fail=0 latest_frame=40,38,40,38 latest_pts_us=1666666,1583333,1666666,1583333
t=1831639918 zl_rtsp_health url=rtsp://127.0.0.1:8554/live/mosaic input_fps=23.98 input_us_last=457 input_us_max=35891 media_wall_diff_ms=24 total_packets=35 pts=127500 size=2426 key=0
t=1831639918 mosaic_rtsp_handoff packet=34 compose_to_encode_ms=5 compose_to_rtsp_ms=6 rtsp_push_ms=1 ok=1
t=1831639918 model_submit model=yolo ch=0 frame=41 ok=1 pending_before=2 pending_after=3
t=1831639918 decode_enqueue ch=0 frame=41 pts_us=1708333 inflight=2 max_inflight=8 queue=8
t=1831639922 model_submit model=yolo ch=2 frame=41 ok=1 pending_before=3 pending_after=4
t=1831639922 decode_enqueue ch=2 frame=41 pts_us=1708333 inflight=2 max_inflight=8 queue=9
t=1831639941 rknn_infer ch=1 frame=39 lock_wait_us=0 rga_pre_us=2007 run_us=33048 outputs_get_us=1955 post_us=411 release_us=2 total_us=37448 boxes=0
t=1831639941 model_output model=yolo ch=1 frame=39 pending_after=4 boxes=0
t=1831639941 agg_first_result model=yolo ch=1 frame=39
t=1831639941 agg_add model=yolo ch=1 frame=39 results=1 boxes=0 first=1
t=1831639941 agg_publish ch=1 frame=36 partial=1 ready=0 results=1 models=yolo has_face=0 face_boxes=0 yolo_boxes=0 waited_ms=124
t=1831639941 mosaic_submit ch=1 frame=36 pts_us=1500000 partial=1 results=1 has_face=0 face_boxes=0 yolo_boxes=0
t=1831639942 rknn_infer ch=0 frame=41 lock_wait_us=0 rga_pre_us=2027 run_us=19059 outputs_get_us=2356 post_us=555 release_us=2 total_us=24016 boxes=0
t=1831639942 model_output model=yolo ch=0 frame=41 pending_after=3 boxes=0
t=1831639942 agg_first_result model=yolo ch=0 frame=41
t=1831639942 agg_add model=yolo ch=0 frame=41 results=1 boxes=0 first=1
t=1831639942 agg_publish ch=0 frame=41 partial=0 ready=1 results=1 models=yolo has_face=0 face_boxes=0 yolo_boxes=0 waited_ms=0
t=1831639943 mosaic_submit ch=0 frame=41 pts_us=1708333 partial=0 results=1 has_face=0 face_boxes=0 yolo_boxes=0
t=1831639944 rknn_infer ch=3 frame=40 lock_wait_us=0 rga_pre_us=2011 run_us=31920 outputs_get_us=2280 post_us=552 release_us=1 total_us=36782 boxes=0
t=1831639944 model_output model=yolo ch=3 frame=40 pending_after=2 boxes=0
t=1831639945 agg_first_result model=yolo ch=3 frame=40
t=1831639945 agg_add model=yolo ch=3 frame=40 results=1 boxes=0 first=1
t=1831639945 agg_publish ch=3 frame=40 partial=0 ready=1 results=1 models=yolo has_face=0 face_boxes=0 yolo_boxes=0 waited_ms=0
t=1831639945 mosaic_submit ch=3 frame=40 pts_us=1666666 partial=0 results=1 has_face=0 face_boxes=0 yolo_boxes=0
t=1831639946 rknn_infer ch=2 frame=39 lock_wait_us=0 rga_pre_us=2040 run_us=88355 outputs_get_us=486 post_us=1818 release_us=1 total_us=92717 boxes=0
t=1831639946 model_output model=face_yolo ch=2 frame=39 pending_after=5 boxes=0
t=1831639946 agg_add model=face_yolo ch=2 frame=39 results=2 boxes=0 first=0
t=1831639946 agg_publish ch=2 frame=39 partial=0 ready=1 results=2 models=yolo,face_yolo has_face=1 face_boxes=0 yolo_boxes=0 waited_ms=82
t=1831639946 mosaic_submit ch=2 frame=39 pts_us=1625000 partial=0 results=2 has_face=1 face_boxes=0 yolo_boxes=0
t=1831639946 model_submit model=yolo ch=1 frame=40 ok=1 pending_before=1 pending_after=2
t=1831639946 decode_enqueue ch=1 frame=40 pts_us=1666666 inflight=2 max_inflight=8 queue=6
t=1831639947 rknn_infer ch=2 frame=41 lock_wait_us=0 rga_pre_us=1930 run_us=20435 outputs_get_us=1907 post_us=592 release_us=2 total_us=24889 boxes=0
t=1831639947 model_output model=yolo ch=2 frame=41 pending_after=2 boxes=0
t=1831639947 agg_first_result model=yolo ch=2 frame=41
t=1831639947 agg_add model=yolo ch=2 frame=41 results=1 boxes=0 first=1
t=1831639947 agg_publish ch=2 frame=41 partial=0 ready=1 results=1 models=yolo has_face=0 face_boxes=0 yolo_boxes=0 waited_ms=0
t=1831639947 mosaic_submit ch=2 frame=41 pts_us=1708333 partial=0 results=1 has_face=0 face_boxes=0 yolo_boxes=0
t=1831639948 rknn_infer ch=0 frame=39 lock_wait_us=0 rga_pre_us=3975 run_us=93683 outputs_get_us=491 post_us=1822 release_us=1 total_us=99985 boxes=0
t=1831639949 model_output model=face_yolo ch=0 frame=39 pending_after=4 boxes=0
t=1831639949 agg_add model=face_yolo ch=0 frame=39 results=2 boxes=0 first=0
t=1831639949 agg_publish ch=0 frame=39 partial=0 ready=1 results=2 models=yolo,face_yolo has_face=1 face_boxes=0 yolo_boxes=0 waited_ms=88
t=1831639949 rknn_infer ch=1 frame=36 lock_wait_us=0 rga_pre_us=6782 run_us=88542 outputs_get_us=498 post_us=7685 release_us=1 total_us=103527 boxes=0
t=1831639949 model_submit model=yolo ch=3 frame=41 ok=1 pending_before=1 pending_after=2
t=1831639949 decode_enqueue ch=3 frame=41 pts_us=1708333 inflight=2 max_inflight=8 queue=5
t=1831639949 model_output model=face_yolo ch=1 frame=36 pending_after=3 boxes=0
t=1831639949 agg_submit_finished_drop model=face_yolo ch=1 frame=36 boxes=0
t=1831639954 mosaic_e2e_age_ms ch0=286 ch1=218 ch2=283 ch3=255 frame=35,35,35,35
t=1831639954 mosaic_pts_select target_pts=1458310 selected_pts=1458333,1458333,1458333,1458333 selected_frame=35,35,35,35
t=1831639958 mosaic_submit ch=0 frame=39 pts_us=1625000 partial=0 results=2 has_face=1 face_boxes=0 yolo_boxes=0
t=1831639960 model_submit model=yolo ch=0 frame=42 ok=1 pending_before=2 pending_after=3
t=1831639960 model_submit model=face_yolo ch=0 frame=42 ok=1 pending_before=2 pending_after=3
t=1831639960 decode_enqueue ch=0 frame=42 pts_us=1750000 inflight=1 max_inflight=8 queue=6
t=1831639960 mosaic_rtsp_handoff packet=35 compose_to_encode_ms=5 compose_to_rtsp_ms=6 rtsp_push_ms=1 ok=1
t=1831639963 model_submit model=yolo ch=2 frame=42 ok=1 pending_before=3 pending_after=4
t=1831639963 model_submit model=face_yolo ch=2 frame=42 ok=1 pending_before=3 pending_after=4
t=1831639963 decode_enqueue ch=2 frame=42 pts_us=1750000 inflight=1 max_inflight=8 queue=8
t=1831639984 rknn_infer ch=1 frame=40 lock_wait_us=0 rga_pre_us=1952 run_us=32450 outputs_get_us=2781 post_us=611 release_us=3 total_us=37830 boxes=0
t=1831639984 model_output model=yolo ch=1 frame=40 pending_after=4 boxes=0
t=1831639984 agg_first_result model=yolo ch=1 frame=40
t=1831639984 rknn_infer ch=0 frame=42 lock_wait_us=0 rga_pre_us=2391 run_us=18545 outputs_get_us=2629 post_us=618 release_us=1 total_us=24204 boxes=0
t=1831639984 model_output model=yolo ch=0 frame=42 pending_after=3 boxes=0
t=1831639985 agg_add model=yolo ch=1 frame=40 results=1 boxes=0 first=1
t=1831639985 agg_publish ch=1 frame=40 partial=0 ready=1 results=1 models=yolo has_face=0 face_boxes=0 yolo_boxes=0 waited_ms=0
t=1831639985 mosaic_submit ch=1 frame=40 pts_us=1666666 partial=0 results=1 has_face=0 face_boxes=0 yolo_boxes=0
t=1831639985 agg_first_result model=yolo ch=0 frame=42
t=1831639985 agg_add model=yolo ch=0 frame=42 results=1 boxes=0 first=1
t=1831639986 rknn_infer ch=3 frame=41 lock_wait_us=0 rga_pre_us=2839 run_us=31512 outputs_get_us=1955 post_us=550 release_us=1 total_us=36875 boxes=0
t=1831639986 model_output model=yolo ch=3 frame=41 pending_after=2 boxes=0
t=1831639986 agg_first_result model=yolo ch=3 frame=41
t=1831639986 agg_add model=yolo ch=3 frame=41 results=1 boxes=0 first=1
t=1831639987 agg_publish ch=3 frame=41 partial=0 ready=1 results=1 models=yolo has_face=0 face_boxes=0 yolo_boxes=0 waited_ms=0
t=1831639987 mosaic_submit ch=3 frame=41 pts_us=1708333 partial=0 results=1 has_face=0 face_boxes=0 yolo_boxes=0
t=1831639987 model_submit model=yolo ch=1 frame=41 ok=1 pending_before=1 pending_after=2
t=1831639987 decode_enqueue ch=1 frame=41 pts_us=1708333 inflight=2 max_inflight=8 queue=6
t=1831639989 rknn_infer ch=2 frame=42 lock_wait_us=0 rga_pre_us=1868 run_us=21310 outputs_get_us=2061 post_us=551 release_us=1 total_us=25814 boxes=0
t=1831639989 model_output model=yolo ch=2 frame=42 pending_after=2 boxes=0
t=1831639989 agg_first_result model=yolo ch=2 frame=42
t=1831639990 agg_add model=yolo ch=2 frame=42 results=1 boxes=0 first=1
t=1831639991 model_submit model=yolo ch=3 frame=42 ok=1 pending_before=1 pending_after=2
t=1831639991 model_submit model=face_yolo ch=3 frame=42 ok=1 pending_before=4 pending_after=5
t=1831639991 decode_enqueue ch=3 frame=42 pts_us=1750000 inflight=2 max_inflight=8 queue=7
t=1831639996 mosaic_e2e_age_ms ch0=286 ch1=217 ch2=282 ch3=254 frame=36,36,36,36
t=1831639996 mosaic_pts_select target_pts=1499976 selected_pts=1500000,1500000,1500000,1500000 selected_frame=36,36,36,36
t=1831640001 model_submit model=yolo ch=0 frame=43 ok=1 pending_before=2 pending_after=3
t=1831640001 decode_enqueue ch=0 frame=43 pts_us=1791666 inflight=2 max_inflight=8 queue=8
t=1831640005 model_submit model=yolo ch=2 frame=43 ok=1 pending_before=3 pending_after=4
t=1831640005 decode_enqueue ch=2 frame=43 pts_us=1791666 inflight=2 max_inflight=8 queue=9
t=1831640011 mosaic_rtsp_handoff packet=36 compose_to_encode_ms=5 compose_to_rtsp_ms=15 rtsp_push_ms=10 ok=1
t=1831640023 rknn_infer ch=1 frame=41 lock_wait_us=0 rga_pre_us=2055 run_us=32215 outputs_get_us=1173 post_us=139 release_us=0 total_us=35599 boxes=0
t=1831640023 model_output model=yolo ch=1 frame=41 pending_after=4 boxes=0
t=1831640023 agg_first_result model=yolo ch=1 frame=41
t=1831640023 agg_add model=yolo ch=1 frame=41 results=1 boxes=0 first=1
t=1831640023 agg_publish ch=1 frame=41 partial=0 ready=1 results=1 models=yolo has_face=0 face_boxes=0 yolo_boxes=0 waited_ms=0
t=1831640023 mosaic_submit ch=1 frame=41 pts_us=1708333 partial=0 results=1 has_face=0 face_boxes=0 yolo_boxes=0
t=1831640027 rknn_infer ch=0 frame=43 lock_wait_us=0 rga_pre_us=2062 run_us=18789 outputs_get_us=3199 post_us=1119 release_us=2 total_us=25201 boxes=0
t=1831640027 model_output model=yolo ch=0 frame=43 pending_after=3 boxes=0
t=1831640027 agg_first_result model=yolo ch=0 frame=43
t=1831640027 agg_add model=yolo ch=0 frame=43 results=1 boxes=0 first=1
t=1831640027 agg_publish ch=0 frame=43 partial=0 ready=1 results=1 models=yolo has_face=0 face_boxes=0 yolo_boxes=0 waited_ms=0
t=1831640027 agg_publish ch=3 frame=39 partial=1 ready=0 results=1 models=yolo has_face=0 face_boxes=0 yolo_boxes=0 waited_ms=123
t=1831640027 mosaic_submit ch=0 frame=43 pts_us=1791666 partial=0 results=1 has_face=0 face_boxes=0 yolo_boxes=0
t=1831640027 mosaic_submit ch=3 frame=39 pts_us=1625000 partial=1 results=1 has_face=0 face_boxes=0 yolo_boxes=0
t=1831640028 model_submit model=yolo ch=1 frame=42 ok=1 pending_before=2 pending_after=3
t=1831640028 model_submit model=face_yolo ch=1 frame=42 ok=1 pending_before=5 pending_after=6
t=1831640028 decode_enqueue ch=1 frame=42 pts_us=1750000 inflight=2 max_inflight=8 queue=9
t=1831640031 rknn_infer ch=3 frame=42 lock_wait_us=0 rga_pre_us=3052 run_us=32066 outputs_get_us=4009 post_us=686 release_us=2 total_us=40041 boxes=0
t=1831640031 model_output model=yolo ch=3 frame=42 pending_after=3 boxes=0
t=1831640031 agg_first_result model=yolo ch=3 frame=42
t=1831640031 agg_add model=yolo ch=3 frame=42 results=1 boxes=0 first=1
t=1831640032 rknn_infer ch=2 frame=43 lock_wait_us=0 rga_pre_us=1877 run_us=22200 outputs_get_us=2713 post_us=569 release_us=1 total_us=27382 boxes=0
t=1831640032 model_output model=yolo ch=2 frame=43 pending_after=2 boxes=0
t=1831640032 model_submit model=yolo ch=3 frame=43 ok=1 pending_before=2 pending_after=3
t=1831640032 agg_first_result model=yolo ch=2 frame=43
t=1831640033 agg_add model=yolo ch=2 frame=43 results=1 boxes=0 first=1
t=1831640033 decode_enqueue ch=3 frame=43 pts_us=1791666 inflight=2 max_inflight=8 queue=8
t=1831640033 agg_publish ch=2 frame=43 partial=0 ready=1 results=1 models=yolo has_face=0 face_boxes=0 yolo_boxes=0 waited_ms=0
t=1831640037 mosaic_e2e_age_ms ch0=285 ch1=217 ch2=281 ch3=254 frame=37,37,37,37
t=1831640037 mosaic_pts_select target_pts=1541642 selected_pts=1541666,1541666,1541666,1541666 selected_frame=37,37,37,37
t=1831640040 rknn_infer ch=1 frame=39 lock_wait_us=0 rga_pre_us=2024 run_us=87288 outputs_get_us=519 post_us=1864 release_us=2 total_us=91725 boxes=0
t=1831640041 model_output model=face_yolo ch=1 frame=39 pending_after=6 boxes=0
t=1831640041 mosaic_submit ch=2 frame=43 pts_us=1791666 partial=0 results=1 has_face=0 face_boxes=0 yolo_boxes=0
t=1831640041 agg_add model=face_yolo ch=1 frame=39 results=2 boxes=0 first=0
t=1831640041 agg_publish ch=1 frame=39 partial=0 ready=1 results=2 models=yolo,face_yolo has_face=1 face_boxes=0 yolo_boxes=0 waited_ms=100
t=1831640042 mosaic_submit ch=1 frame=39 pts_us=1625000 partial=0 results=2 has_face=1 face_boxes=0 yolo_boxes=0
t=1831640043 mosaic_rtsp_handoff packet=37 compose_to_encode_ms=4 compose_to_rtsp_ms=6 rtsp_push_ms=2 ok=1
t=1831640044 rknn_infer ch=3 frame=39 lock_wait_us=3484 rga_pre_us=2015 run_us=89817 outputs_get_us=646 post_us=1854 release_us=1 total_us=97841 boxes=0
t=1831640044 model_output model=face_yolo ch=3 frame=39 pending_after=5 boxes=0
t=1831640044 agg_submit_finished_drop model=face_yolo ch=3 frame=39 boxes=0
t=1831640044 model_submit model=yolo ch=0 frame=44 ok=1 pending_before=2 pending_after=3
t=1831640044 decode_enqueue ch=0 frame=44 pts_us=1833333 inflight=2 max_inflight=8 queue=7
t=1831640048 rknn_infer ch=0 frame=42 lock_wait_us=0 rga_pre_us=2003 run_us=83769 outputs_get_us=571 post_us=1810 release_us=1 total_us=88181 boxes=0
t=1831640048 model_output model=face_yolo ch=0 frame=42 pending_after=4 boxes=0
t=1831640049 rknn_infer ch=1 frame=42 lock_wait_us=0 rga_pre_us=1959 run_us=17190 outputs_get_us=1254 post_us=218 release_us=1 total_us=20639 boxes=0
t=1831640049 model_output model=yolo ch=1 frame=42 pending_after=3 boxes=0
t=1831640049 agg_add model=face_yolo ch=0 frame=42 results=2 boxes=0 first=0
t=1831640049 agg_publish ch=0 frame=42 partial=0 ready=1 results=2 models=yolo,face_yolo has_face=1 face_boxes=0 yolo_boxes=0 waited_ms=63
t=1831640049 mosaic_submit ch=0 frame=42 pts_us=1750000 partial=0 results=2 has_face=1 face_boxes=0 yolo_boxes=0
t=1831640049 model_submit model=yolo ch=2 frame=44 ok=1 pending_before=3 pending_after=3
t=1831640049 decode_enqueue ch=2 frame=44 pts_us=1833333 inflight=2 max_inflight=8 queue=6
t=1831640049 agg_first_result model=yolo ch=1 frame=42
t=1831640049 agg_add model=yolo ch=1 frame=42 results=1 boxes=0 first=1
t=1831640055 rknn_infer ch=3 frame=43 lock_wait_us=0 rga_pre_us=1989 run_us=17395 outputs_get_us=2164 post_us=551 release_us=1 total_us=22122 boxes=0
t=1831640055 model_output model=yolo ch=3 frame=43 pending_after=3 boxes=0
t=1831640055 agg_first_result model=yolo ch=3 frame=43
t=1831640055 agg_add model=yolo ch=3 frame=43 results=1 boxes=0 first=1
t=1831640055 agg_publish ch=3 frame=43 partial=0 ready=1 results=1 models=yolo has_face=0 face_boxes=0 yolo_boxes=0 waited_ms=0
t=1831640055 mosaic_submit ch=3 frame=43 pts_us=1791666 partial=0 results=1 has_face=0 face_boxes=0 yolo_boxes=0
t=1831640067 rknn_infer ch=0 frame=44 lock_wait_us=0 rga_pre_us=2060 run_us=17561 outputs_get_us=2296 post_us=582 release_us=2 total_us=22525 boxes=0
t=1831640067 model_output model=yolo ch=0 frame=44 pending_after=2 boxes=0
t=1831640067 agg_first_result model=yolo ch=0 frame=44
t=1831640067 agg_add model=yolo ch=0 frame=44 results=1 boxes=0 first=1
t=1831640067 agg_publish ch=0 frame=44 partial=0 ready=1 results=1 models=yolo has_face=0 face_boxes=0 yolo_boxes=0 waited_ms=0
t=1831640067 mosaic_submit ch=0 frame=44 pts_us=1833333 partial=0 results=1 has_face=0 face_boxes=0 yolo_boxes=0
t=1831640070 model_submit model=yolo ch=1 frame=43 ok=1 pending_before=1 pending_after=2
t=1831640070 decode_enqueue ch=1 frame=43 pts_us=1791666 inflight=2 max_inflight=8 queue=5
t=1831640074 rknn_infer ch=2 frame=44 lock_wait_us=0 rga_pre_us=5709 run_us=16304 outputs_get_us=2261 post_us=556 release_us=2 total_us=24859 boxes=0
t=1831640074 model_output model=yolo ch=2 frame=44 pending_after=3 boxes=0
t=1831640074 model_submit model=yolo ch=3 frame=44 ok=1 pending_before=2 pending_after=3
t=1831640074 agg_first_result model=yolo ch=2 frame=44
t=1831640074 agg_add model=yolo ch=2 frame=44 results=1 boxes=0 first=1
t=1831640075 decode_enqueue ch=3 frame=44 pts_us=1833333 inflight=2 max_inflight=8 queue=5
t=1831640075 agg_publish ch=2 frame=44 partial=0 ready=1 results=1 models=yolo has_face=0 face_boxes=0 yolo_boxes=0 waited_ms=0
t=1831640079 mosaic_e2e_age_ms ch0=285 ch1=217 ch2=282 ch3=254 frame=38,38,38,38
t=1831640079 mosaic_pts_select target_pts=1583308 selected_pts=1583333,1583333,1583333,1583333 selected_frame=38,38,38,38
t=1831640083 mosaic_submit ch=2 frame=44 pts_us=1833333 partial=0 results=1 has_face=0 face_boxes=0 yolo_boxes=0
t=1831640084 mosaic_rtsp_handoff packet=38 compose_to_encode_ms=5 compose_to_rtsp_ms=5 rtsp_push_ms=0 ok=1
t=1831640085 model_submit model=yolo ch=0 frame=45 ok=1 pending_before=2 pending_after=3
t=1831640085 model_submit model=face_yolo ch=0 frame=45 ok=1 pending_before=3 pending_after=4
t=1831640085 decode_enqueue ch=0 frame=45 pts_us=1875000 inflight=1 max_inflight=8 queue=7
t=1831640088 model_submit model=yolo ch=2 frame=45 ok=1 pending_before=3 pending_after=4
t=1831640088 model_submit model=face_yolo ch=2 frame=45 ok=1 pending_before=4 pending_after=5
t=1831640088 decode_enqueue ch=2 frame=45 pts_us=1875000 inflight=2 max_inflight=8 queue=9
t=1831640091 rknn_infer ch=1 frame=43 lock_wait_us=0 rga_pre_us=1917 run_us=17342 outputs_get_us=1642 post_us=253 release_us=1 total_us=21178 boxes=0
t=1831640091 model_output model=yolo ch=1 frame=43 pending_after=4 boxes=0
t=1831640091 agg_first_result model=yolo ch=1 frame=43
t=1831640091 agg_add model=yolo ch=1 frame=43 results=1 boxes=0 first=1
t=1831640091 agg_publish ch=1 frame=43 partial=0 ready=1 results=1 models=yolo has_face=0 face_boxes=0 yolo_boxes=0 waited_ms=0
t=1831640091 mosaic_submit ch=1 frame=43 pts_us=1791666 partial=0 results=1 has_face=0 face_boxes=0 yolo_boxes=0
t=1831640108 rknn_infer ch=0 frame=45 lock_wait_us=0 rga_pre_us=2161 run_us=17503 outputs_get_us=2216 post_us=551 release_us=1 total_us=22458 boxes=0
t=1831640108 model_output model=yolo ch=0 frame=45 pending_after=3 boxes=0
t=1831640108 agg_first_result model=yolo ch=0 frame=45
t=1831640108 agg_add model=yolo ch=0 frame=45 results=1 boxes=0 first=1
t=1831640110 rknn_infer ch=2 frame=45 lock_wait_us=0 rga_pre_us=2168 run_us=18165 outputs_get_us=1271 post_us=246 release_us=1 total_us=21869 boxes=0
t=1831640110 model_output model=yolo ch=2 frame=45 pending_after=2 boxes=0
t=1831640110 rknn_infer ch=3 frame=44 lock_wait_us=0 rga_pre_us=1995 run_us=31581 outputs_get_us=1892 post_us=430 release_us=2 total_us=35924 boxes=0
t=1831640110 model_output model=yolo ch=3 frame=44 pending_after=1 boxes=0
t=1831640110 agg_first_result model=yolo ch=2 frame=45
t=1831640111 agg_add model=yolo ch=2 frame=45 results=1 boxes=0 first=1
t=1831640111 agg_publish ch=2 frame=42 partial=1 ready=0 results=1 models=yolo has_face=0 face_boxes=0 yolo_boxes=0 waited_ms=121
t=1831640111 mosaic_submit ch=2 frame=42 pts_us=1750000 partial=1 results=1 has_face=0 face_boxes=0 yolo_boxes=0
t=1831640111 agg_first_result model=yolo ch=3 frame=44
t=1831640111 agg_add model=yolo ch=3 frame=44 results=1 boxes=0 first=1
t=1831640111 agg_publish ch=3 frame=44 partial=0 ready=1 results=1 models=yolo has_face=0 face_boxes=0 yolo_boxes=0 waited_ms=0
t=1831640111 mosaic_submit ch=3 frame=44 pts_us=1833333 partial=0 results=1 has_face=0 face_boxes=0 yolo_boxes=0
t=1831640112 model_submit model=yolo ch=1 frame=44 ok=1 pending_before=0 pending_after=1
t=1831640112 decode_enqueue ch=1 frame=44 pts_us=1833333 inflight=2 max_inflight=8 queue=6
t=1831640116 model_submit model=yolo ch=3 frame=45 ok=1 pending_before=1 pending_after=2
t=1831640116 model_submit model=face_yolo ch=3 frame=45 ok=1 pending_before=5 pending_after=6
t=1831640116 decode_enqueue ch=3 frame=45 pts_us=1875000 inflight=2 max_inflight=8 queue=8
t=1831640124 mosaic_e2e_age_ms ch0=289 ch1=220 ch2=285 ch3=257 frame=39,39,39,39
t=1831640124 mosaic_pts_select target_pts=1624974 selected_pts=1625000,1625000,1625000,1625000 selected_frame=39,39,39,39
t=1831640126 model_submit model=yolo ch=0 frame=46 ok=1 pending_before=2 pending_after=3
t=1831640127 decode_enqueue ch=0 frame=46 pts_us=1916666 inflight=2 max_inflight=8 queue=9
t=1831640130 rknn_infer ch=1 frame=42 lock_wait_us=0 rga_pre_us=2524 run_us=75913 outputs_get_us=1259 post_us=1539 release_us=0 total_us=81258 boxes=0
t=1831640130 model_output model=face_yolo ch=1 frame=42 pending_after=6 boxes=0
t=1831640130 model_submit model=yolo ch=2 frame=46 ok=1 pending_before=3 pending_after=4
t=1831640130 agg_add model=face_yolo ch=1 frame=42 results=2 boxes=0 first=0
t=1831640130 decode_enqueue ch=2 frame=46 pts_us=1916666 inflight=2 max_inflight=8 queue=9
t=1831640130 agg_publish ch=1 frame=42 partial=0 ready=1 results=2 models=yolo,face_yolo has_face=1 face_boxes=0 yolo_boxes=0 waited_ms=80
t=1831640130 mosaic_submit ch=1 frame=42 pts_us=1750000 partial=0 results=2 has_face=1 face_boxes=0 yolo_boxes=0
t=1831640131 mosaic_rtsp_handoff packet=39 compose_to_encode_ms=6 compose_to_rtsp_ms=6 rtsp_push_ms=0 ok=1
t=1831640139 rknn_infer ch=2 frame=42 lock_wait_us=3827 rga_pre_us=4712 run_us=88225 outputs_get_us=305 post_us=733 release_us=0 total_us=97819 boxes=0
t=1831640139 model_output model=face_yolo ch=2 frame=42 pending_after=5 boxes=0
t=1831640139 agg_submit_finished_drop model=face_yolo ch=2 frame=42 boxes=0
t=1831640141 rknn_infer ch=3 frame=42 lock_wait_us=0 rga_pre_us=5053 run_us=89750 outputs_get_us=475 post_us=1836 release_us=0 total_us=97136 boxes=0
t=1831640141 model_output model=face_yolo ch=3 frame=42 pending_after=4 boxes=0
t=1831640141 agg_add model=face_yolo ch=3 frame=42 results=2 boxes=0 first=0
t=1831640141 agg_publish ch=3 frame=42 partial=0 ready=1 results=2 models=yolo,face_yolo has_face=1 face_boxes=0 yolo_boxes=0 waited_ms=109
t=1831640141 mosaic_submit ch=3 frame=42 pts_us=1750000 partial=0 results=2 has_face=1 face_boxes=0 yolo_boxes=0
t=1831640148 rknn_infer ch=1 frame=44 lock_wait_us=0 rga_pre_us=2844 run_us=32538 outputs_get_us=1217 post_us=207 release_us=1 total_us=36828 boxes=0
t=1831640148 model_output model=yolo ch=1 frame=44 pending_after=4 boxes=0
t=1831640149 rknn_infer ch=0 frame=46 lock_wait_us=0 rga_pre_us=3353 run_us=18053 outputs_get_us=1170 post_us=191 release_us=0 total_us=22784 boxes=0
t=1831640149 model_output model=yolo ch=0 frame=46 pending_after=3 boxes=0
t=1831640149 agg_first_result model=yolo ch=1 frame=44
t=1831640149 agg_add model=yolo ch=1 frame=44 results=1 boxes=0 first=1
t=1831640150 agg_publish ch=1 frame=44 partial=0 ready=1 results=1 models=yolo has_face=0 face_boxes=0 yolo_boxes=0 waited_ms=0
t=1831640150 mosaic_submit ch=1 frame=44 pts_us=1833333 partial=0 results=1 has_face=0 face_boxes=0 yolo_boxes=0
t=1831640150 agg_first_result model=yolo ch=0 frame=46
t=1831640150 agg_add model=yolo ch=0 frame=46 results=1 boxes=0 first=1
t=1831640150 agg_publish ch=0 frame=46 partial=0 ready=1 results=1 models=yolo has_face=0 face_boxes=0 yolo_boxes=0 waited_ms=0
t=1831640150 mosaic_submit ch=0 frame=46 pts_us=1916666 partial=0 results=1 has_face=0 face_boxes=0 yolo_boxes=0
t=1831640153 model_submit model=yolo ch=1 frame=45 ok=1 pending_before=2 pending_after=3
t=1831640158 model_submit model=face_yolo ch=1 frame=45 ok=1 pending_before=3 pending_after=4
t=1831640159 decode_enqueue ch=1 frame=45 pts_us=1875000 inflight=1 max_inflight=8 queue=8
t=1831640159 model_submit model=yolo ch=3 frame=46 ok=1 pending_before=3 pending_after=4
t=1831640159 decode_enqueue ch=3 frame=46 pts_us=1916666 inflight=2 max_inflight=8 queue=8
t=1831640159 rknn_infer ch=2 frame=46 lock_wait_us=0 rga_pre_us=2064 run_us=19884 outputs_get_us=1120 post_us=230 release_us=1 total_us=23317 boxes=0
t=1831640159 model_output model=yolo ch=2 frame=46 pending_after=4 boxes=0
t=1831640159 rknn_infer ch=3 frame=45 lock_wait_us=0 rga_pre_us=3392 run_us=31921 outputs_get_us=2185 post_us=551 release_us=1 total_us=38069 boxes=0
t=1831640159 agg_first_result model=yolo ch=2 frame=46
t=1831640159 agg_add model=yolo ch=2 frame=46 results=1 boxes=0 first=1
t=1831640159 model_output model=yolo ch=3 frame=45 pending_after=3 boxes=0
t=1831640159 agg_publish ch=2 frame=46 partial=0 ready=1 results=1 models=yolo has_face=0 face_boxes=0 yolo_boxes=0 waited_ms=0
t=1831640162 mosaic_e2e_age_ms ch0=285 ch1=215 ch2=281 ch3=254 frame=40,40,40,40
t=1831640162 mosaic_pts_select target_pts=1666640 selected_pts=1666666,1666666,1666666,1666666 selected_frame=40,40,40,40
t=1831640166 mosaic_submit ch=2 frame=46 pts_us=1916666 partial=0 results=1 has_face=0 face_boxes=0 yolo_boxes=0
t=1831640166 agg_first_result model=yolo ch=3 frame=45
t=1831640166 agg_add model=yolo ch=3 frame=45 results=1 boxes=0 first=1
t=1831640168 mosaic_rtsp_handoff packet=40 compose_to_encode_ms=5 compose_to_rtsp_ms=5 rtsp_push_ms=0 ok=1
t=1831640168 model_submit model=yolo ch=0 frame=47 ok=1 pending_before=2 pending_after=3
t=1831640168 decode_enqueue ch=0 frame=47 pts_us=1958333 inflight=2 max_inflight=8 queue=7
t=1831640171 model_submit model=yolo ch=2 frame=47 ok=1 pending_before=3 pending_after=4
t=1831640172 decode_enqueue ch=2 frame=47 pts_us=1958333 inflight=2 max_inflight=8 queue=8
t=1831640191 rknn_infer ch=0 frame=47 lock_wait_us=0 rga_pre_us=1875 run_us=18976 outputs_get_us=1795 post_us=209 release_us=2 total_us=22872 boxes=0
t=1831640191 model_output model=yolo ch=0 frame=47 pending_after=4 boxes=0
t=1831640191 rknn_infer ch=1 frame=45 lock_wait_us=0 rga_pre_us=1844 run_us=33139 outputs_get_us=2645 post_us=457 release_us=1 total_us=38110 boxes=0
t=1831640191 model_output model=yolo ch=1 frame=45 pending_after=3 boxes=0
t=1831640191 agg_first_result model=yolo ch=0 frame=47
t=1831640191 agg_add model=yolo ch=0 frame=47 results=1 boxes=0 first=1
t=1831640191 agg_publish ch=0 frame=47 partial=0 ready=1 results=1 models=yolo has_face=0 face_boxes=0 yolo_boxes=0 waited_ms=0
t=1831640191 mosaic_submit ch=0 frame=47 pts_us=1958333 partial=0 results=1 has_face=0 face_boxes=0 yolo_boxes=0
t=1831640192 agg_first_result model=yolo ch=1 frame=45
t=1831640192 agg_add model=yolo ch=1 frame=45 results=1 boxes=0 first=1
t=1831640195 model_submit model=yolo ch=1 frame=46 ok=1 pending_before=2 pending_after=3
t=1831640195 decode_enqueue ch=1 frame=46 pts_us=1916666 inflight=2 max_inflight=8 queue=7
t=1831640196 rknn_infer ch=3 frame=46 lock_wait_us=1488 rga_pre_us=1751 run_us=32496 outputs_get_us=2177 post_us=574 release_us=2 total_us=38515 boxes=0
t=1831640196 model_output model=yolo ch=3 frame=46 pending_after=3 boxes=0
t=1831640196 agg_first_result model=yolo ch=3 frame=46
t=1831640196 agg_add model=yolo ch=3 frame=46 results=1 boxes=0 first=1
t=1831640196 agg_publish ch=3 frame=46 partial=0 ready=1 results=1 models=yolo has_face=0 face_boxes=0 yolo_boxes=0 waited_ms=0
t=1831640196 mosaic_submit ch=3 frame=46 pts_us=1916666 partial=0 results=1 has_face=0 face_boxes=0 yolo_boxes=0
t=1831640197 rknn_infer ch=2 frame=47 lock_wait_us=0 rga_pre_us=1982 run_us=20347 outputs_get_us=2253 post_us=576 release_us=2 total_us=25178 boxes=0
t=1831640197 model_output model=yolo ch=2 frame=47 pending_after=2 boxes=0
t=1831640197 agg_first_result model=yolo ch=2 frame=47
t=1831640197 agg_add model=yolo ch=2 frame=47 results=1 boxes=0 first=1
t=1831640197 agg_publish ch=2 frame=47 partial=0 ready=1 results=1 models=yolo has_face=0 face_boxes=0 yolo_boxes=0 waited_ms=0
t=1831640197 mosaic_submit ch=2 frame=47 pts_us=1958333 partial=0 results=1 has_face=0 face_boxes=0 yolo_boxes=0
t=1831640199 model_submit model=yolo ch=3 frame=47 ok=1 pending_before=1 pending_after=2
t=1831640199 decode_enqueue ch=3 frame=47 pts_us=1958333 inflight=2 max_inflight=8 queue=6
t=1831640203 mosaic_e2e_age_ms ch0=285 ch1=217 ch2=282 ch3=254 frame=41,41,41,41
t=1831640203 mosaic_pts_select target_pts=1708306 selected_pts=1708333,1708333,1708333,1708333 selected_frame=41,41,41,41
t=1831640208 mosaic_rtsp_handoff packet=41 compose_to_encode_ms=4 compose_to_rtsp_ms=5 rtsp_push_ms=1 ok=1
t=1831640210 model_submit model=yolo ch=0 frame=48 ok=1 pending_before=2 pending_after=3
t=1831640210 model_submit model=face_yolo ch=0 frame=48 ok=1 pending_before=4 pending_after=5
t=1831640210 decode_enqueue ch=0 frame=48 pts_us=2000000 inflight=2 max_inflight=8 queue=8
t=1831640213 model_submit model=yolo ch=2 frame=48 ok=1 pending_before=3 pending_after=4
t=1831640213 model_submit model=face_yolo ch=2 frame=48 ok=1 pending_before=5 pending_after=6
t=1831640213 decode_enqueue ch=2 frame=48 pts_us=2000000 inflight=2 max_inflight=8 queue=10
t=1831640224 rknn_infer ch=2 frame=45 lock_wait_us=2320 rga_pre_us=1795 run_us=79735 outputs_get_us=216 post_us=600 release_us=1 total_us=84683 boxes=0
t=1831640224 model_output model=face_yolo ch=2 frame=45 pending_after=6 boxes=0
t=1831640224 agg_add model=face_yolo ch=2 frame=45 results=2 boxes=0 first=0
t=1831640224 agg_publish ch=2 frame=45 partial=0 ready=1 results=2 models=yolo,face_yolo has_face=1 face_boxes=0 yolo_boxes=0 waited_ms=113
t=1831640224 mosaic_submit ch=2 frame=45 pts_us=1875000 partial=0 results=2 has_face=1 face_boxes=0 yolo_boxes=0
t=1831640231 rknn_infer ch=0 frame=45 lock_wait_us=8774 rga_pre_us=1803 run_us=88248 outputs_get_us=489 post_us=1827 release_us=1 total_us=101164 boxes=0
t=1831640231 rknn_infer ch=1 frame=46 lock_wait_us=0 rga_pre_us=1811 run_us=33219 outputs_get_us=1297 post_us=211 release_us=1 total_us=36552 boxes=0
t=1831640231 model_output model=yolo ch=1 frame=46 pending_after=4 boxes=0
t=1831640231 agg_first_result model=yolo ch=1 frame=46
t=1831640232 agg_add model=yolo ch=1 frame=46 results=1 boxes=0 first=1
t=1831640232 agg_publish ch=0 frame=45 partial=1 ready=0 results=1 models=yolo has_face=0 face_boxes=0 yolo_boxes=0 waited_ms=123
t=1831640232 agg_publish ch=1 frame=46 partial=0 ready=1 results=1 models=yolo has_face=0 face_boxes=0 yolo_boxes=0 waited_ms=0
t=1831640232 mosaic_submit ch=0 frame=45 pts_us=1875000 partial=1 results=1 has_face=0 face_boxes=0 yolo_boxes=0
t=1831640232 mosaic_submit ch=1 frame=46 pts_us=1916666 partial=0 results=1 has_face=0 face_boxes=0 yolo_boxes=0
t=1831640233 rknn_infer ch=3 frame=45 lock_wait_us=0 rga_pre_us=2122 run_us=86918 outputs_get_us=479 post_us=1805 release_us=1 total_us=91346 boxes=0
t=1831640233 model_output model=face_yolo ch=3 frame=45 pending_after=5 boxes=0
t=1831640233 agg_add model=face_yolo ch=3 frame=45 results=2 boxes=0 first=0
t=1831640233 agg_publish ch=3 frame=45 partial=0 ready=1 results=2 models=yolo,face_yolo has_face=1 face_boxes=0 yolo_boxes=0 waited_ms=66
t=1831640233 mosaic_submit ch=3 frame=45 pts_us=1875000 partial=0 results=2 has_face=1 face_boxes=0 yolo_boxes=0
t=1831640234 rknn_infer ch=3 frame=47 lock_wait_us=0 rga_pre_us=1763 run_us=31793 outputs_get_us=974 post_us=115 release_us=0 total_us=34659 boxes=0
t=1831640234 model_output model=yolo ch=3 frame=47 pending_after=3 boxes=0
t=1831640234 agg_first_result model=yolo ch=3 frame=47
t=1831640234 agg_add model=yolo ch=3 frame=47 results=1 boxes=0 first=1
t=1831640234 agg_publish ch=3 frame=47 partial=0 ready=1 results=1 models=yolo has_face=0 face_boxes=0 yolo_boxes=0 waited_ms=0
t=1831640234 mosaic_submit ch=3 frame=47 pts_us=1958333 partial=0 results=1 has_face=0 face_boxes=0 yolo_boxes=0
t=1831640234 rknn_infer ch=0 frame=48 lock_wait_us=0 rga_pre_us=2363 run_us=19325 outputs_get_us=2244 post_us=551 release_us=1 total_us=24500 boxes=0
t=1831640235 model_output model=yolo ch=0 frame=48 pending_after=2 boxes=0
t=1831640235 agg_first_result model=yolo ch=0 frame=48
t=1831640235 agg_add model=yolo ch=0 frame=48 results=1 boxes=0 first=1
t=1831640235 model_output model=face_yolo ch=0 frame=45 pending_after=5 boxes=0
t=1831640235 agg_submit_finished_drop model=face_yolo ch=0 frame=45 boxes=0
t=1831640236 model_submit model=yolo ch=1 frame=47 ok=1 pending_before=1 pending_after=2
t=1831640236 decode_enqueue ch=1 frame=47 pts_us=1958333 inflight=2 max_inflight=8 queue=5
t=1831640237 rknn_infer ch=2 frame=48 lock_wait_us=0 rga_pre_us=1882 run_us=19650 outputs_get_us=2120 post_us=552 release_us=1 total_us=24228 boxes=0
t=1831640238 model_output model=yolo ch=2 frame=48 pending_after=2 boxes=0
t=1831640238 agg_first_result model=yolo ch=2 frame=48
t=1831640238 agg_add model=yolo ch=2 frame=48 results=1 boxes=0 first=1
t=1831640241 model_submit model=yolo ch=3 frame=48 ok=1 pending_before=1 pending_after=2
t=1831640241 model_submit model=face_yolo ch=3 frame=48 ok=1 pending_before=3 pending_after=4
t=1831640241 decode_enqueue ch=3 frame=48 pts_us=2000000 inflight=1 max_inflight=8 queue=6
t=1831640245 mosaic_e2e_age_ms ch0=286 ch1=217 ch2=282 ch3=254 frame=42,42,42,42
t=1831640245 mosaic_pts_select target_pts=1749972 selected_pts=1750000,1750000,1750000,1750000 selected_frame=42,42,42,42
t=1831640251 model_submit model=yolo ch=0 frame=49 ok=1 pending_before=2 pending_after=3
t=1831640252 decode_enqueue ch=0 frame=49 pts_us=2041666 inflight=2 max_inflight=8 queue=7
t=1831640255 model_submit model=yolo ch=2 frame=49 ok=1 pending_before=3 pending_after=4
t=1831640255 decode_enqueue ch=2 frame=49 pts_us=2041666 inflight=2 max_inflight=8 queue=8
t=1831640274 rknn_infer ch=1 frame=47 lock_wait_us=0 rga_pre_us=1743 run_us=33144 outputs_get_us=2442 post_us=634 release_us=2 total_us=37993 boxes=0
t=1831640274 model_output model=yolo ch=1 frame=47 pending_after=4 boxes=0
t=1831640275 rknn_infer ch=0 frame=49 lock_wait_us=0 rga_pre_us=2157 run_us=18422 outputs_get_us=2148 post_us=552 release_us=1 total_us=23298 boxes=0
t=1831640275 model_output model=yolo ch=0 frame=49 pending_after=3 boxes=0
t=1831640275 agg_first_result model=yolo ch=1 frame=47
t=1831640275 agg_add model=yolo ch=1 frame=47 results=1 boxes=0 first=1
t=1831640275 agg_publish ch=1 frame=47 partial=0 ready=1 results=1 models=yolo has_face=0 face_boxes=0 yolo_boxes=0 waited_ms=0
t=1831640275 mosaic_submit ch=1 frame=47 pts_us=1958333 partial=0 results=1 has_face=0 face_boxes=0 yolo_boxes=0
t=1831640275 agg_first_result model=yolo ch=0 frame=49
t=1831640275 agg_add model=yolo ch=0 frame=49 results=1 boxes=0 first=1
t=1831640275 agg_publish ch=0 frame=49 partial=0 ready=1 results=1 models=yolo has_face=0 face_boxes=0 yolo_boxes=0 waited_ms=0
t=1831640275 mosaic_submit ch=0 frame=49 pts_us=2041666 partial=0 results=1 has_face=0 face_boxes=0 yolo_boxes=0
t=1831640277 rknn_infer ch=3 frame=48 lock_wait_us=0 rga_pre_us=1749 run_us=32129 outputs_get_us=1892 post_us=409 release_us=2 total_us=36204 boxes=0
t=1831640277 model_output model=yolo ch=3 frame=48 pending_after=2 boxes=0
t=1831640277 agg_first_result model=yolo ch=3 frame=48
t=1831640277 agg_add model=yolo ch=3 frame=48 results=1 boxes=0 first=1
t=1831640278 rknn_infer ch=2 frame=49 lock_wait_us=0 rga_pre_us=1908 run_us=18436 outputs_get_us=2104 post_us=550 release_us=2 total_us=23016 boxes=0
t=1831640278 model_output model=yolo ch=2 frame=49 pending_after=2 boxes=0
t=1831640278 model_submit model=yolo ch=1 frame=48 ok=1 pending_before=1 pending_after=2
t=1831640278 model_submit model=face_yolo ch=1 frame=48 ok=1 pending_before=4 pending_after=5
t=1831640278 decode_enqueue ch=1 frame=48 pts_us=2000000 inflight=2 max_inflight=8 queue=6
t=1831640278 agg_first_result model=yolo ch=2 frame=49
t=1831640278 agg_add model=yolo ch=2 frame=49 results=1 boxes=0 first=1
t=1831640278 agg_publish ch=2 frame=49 partial=0 ready=1 results=1 models=yolo has_face=0 face_boxes=0 yolo_boxes=0 waited_ms=0
t=1831640278 mosaic_submit ch=2 frame=49 pts_us=2041666 partial=0 results=1 has_face=0 face_boxes=0 yolo_boxes=0
t=1831640282 model_submit model=yolo ch=3 frame=49 ok=1 pending_before=1 pending_after=2
t=1831640283 decode_enqueue ch=3 frame=49 pts_us=2041666 inflight=2 max_inflight=8 queue=7
t=1831640287 mosaic_e2e_age_ms ch0=285 ch1=217 ch2=281 ch3=254 frame=43,43,43,43
t=1831640287 mosaic_pts_select target_pts=1791638 selected_pts=1791666,1791666,1791666,1791666 selected_frame=43,43,43,43
t=1831640293 model_submit model=yolo ch=0 frame=50 ok=1 pending_before=2 pending_after=3
t=1831640293 decode_enqueue ch=0 frame=50 pts_us=2083333 inflight=2 max_inflight=8 queue=8
t=1831640296 model_submit model=yolo ch=2 frame=50 ok=1 pending_before=3 pending_after=4
t=1831640297 decode_enqueue ch=2 frame=50 pts_us=2083333 inflight=2 max_inflight=8 queue=9
t=1831640307 mosaic_rtsp_handoff packet=42 compose_to_encode_ms=5 compose_to_rtsp_ms=61 rtsp_push_ms=56 ok=1
t=1831640307 mosaic_rtsp_handoff packet=43 compose_to_encode_ms=20 compose_to_rtsp_ms=20 rtsp_push_ms=0 ok=1
t=1831640315 rknn_infer ch=0 frame=50 lock_wait_us=0 rga_pre_us=1952 run_us=18828 outputs_get_us=1349 post_us=175 release_us=1 total_us=22320 boxes=0
t=1831640315 model_output model=yolo ch=0 frame=50 pending_after=4 boxes=0
t=1831640316 agg_first_result model=yolo ch=0 frame=50
t=1831640316 agg_add model=yolo ch=0 frame=50 results=1 boxes=0 first=1
t=1831640316 agg_publish ch=0 frame=50 partial=0 ready=1 results=1 models=yolo has_face=0 face_boxes=0 yolo_boxes=0 waited_ms=0
t=1831640316 agg_publish ch=1 frame=45 partial=1 ready=0 results=1 models=yolo has_face=0 face_boxes=0 yolo_boxes=0 waited_ms=124
t=1831640316 mosaic_submit ch=0 frame=50 pts_us=2083333 partial=0 results=1 has_face=0 face_boxes=0 yolo_boxes=0
t=1831640316 mosaic_submit ch=1 frame=45 pts_us=1875000 partial=1 results=1 has_face=0 face_boxes=0 yolo_boxes=0
t=1831640316 rknn_infer ch=1 frame=45 lock_wait_us=7764 rga_pre_us=1798 run_us=80834 outputs_get_us=545 post_us=1287 release_us=0 total_us=92248 boxes=0
t=1831640316 model_output model=face_yolo ch=1 frame=45 pending_after=5 boxes=0
t=1831640316 agg_submit_finished_drop model=face_yolo ch=1 frame=45 boxes=0
t=1831640316 rknn_infer ch=1 frame=48 lock_wait_us=0 rga_pre_us=1997 run_us=33016 outputs_get_us=2510 post_us=574 release_us=1 total_us=38114 boxes=0
t=1831640316 model_output model=yolo ch=1 frame=48 pending_after=3 boxes=0
t=1831640316 agg_first_result model=yolo ch=1 frame=48
t=1831640316 agg_add model=yolo ch=1 frame=48 results=1 boxes=0 first=1
t=1831640320 model_submit model=yolo ch=1 frame=49 ok=1 pending_before=2 pending_after=3
t=1831640320 decode_enqueue ch=1 frame=49 pts_us=2041666 inflight=2 max_inflight=8 queue=7
t=1831640320 rknn_infer ch=3 frame=49 lock_wait_us=0 rga_pre_us=1882 run_us=32544 outputs_get_us=2226 post_us=586 release_us=3 total_us=37267 boxes=0
t=1831640320 model_output model=yolo ch=3 frame=49 pending_after=3 boxes=0
t=1831640320 agg_first_result model=yolo ch=3 frame=49
t=1831640320 agg_add model=yolo ch=3 frame=49 results=1 boxes=0 first=1
t=1831640320 agg_publish ch=3 frame=49 partial=0 ready=1 results=1 models=yolo has_face=0 face_boxes=0 yolo_boxes=0 waited_ms=0
t=1831640320 mosaic_submit ch=3 frame=49 pts_us=2041666 partial=0 results=1 has_face=0 face_boxes=0 yolo_boxes=0
t=1831640321 rknn_infer ch=2 frame=50 lock_wait_us=0 rga_pre_us=2291 run_us=19065 outputs_get_us=2470 post_us=751 release_us=2 total_us=24603 boxes=0
t=1831640321 model_output model=yolo ch=2 frame=50 pending_after=2 boxes=0
t=1831640321 agg_first_result model=yolo ch=2 frame=50
t=1831640321 agg_add model=yolo ch=2 frame=50 results=1 boxes=0 first=1
t=1831640321 agg_publish ch=2 frame=50 partial=0 ready=1 results=1 models=yolo has_face=0 face_boxes=0 yolo_boxes=0 waited_ms=0
t=1831640321 mosaic_submit ch=2 frame=50 pts_us=2083333 partial=0 results=1 has_face=0 face_boxes=0 yolo_boxes=0
t=1831640324 model_submit model=yolo ch=3 frame=50 ok=1 pending_before=1 pending_after=2
t=1831640324 decode_enqueue ch=3 frame=50 pts_us=2083333 inflight=2 max_inflight=8 queue=6
t=1831640325 rknn_infer ch=0 frame=48 lock_wait_us=0 rga_pre_us=4741 run_us=85002 outputs_get_us=550 post_us=2285 release_us=4 total_us=92613 boxes=0
t=1831640326 model_output model=face_yolo ch=0 frame=48 pending_after=4 boxes=0
t=1831640326 agg_add model=face_yolo ch=0 frame=48 results=2 boxes=0 first=0
t=1831640326 agg_publish ch=0 frame=48 partial=0 ready=1 results=2 models=yolo,face_yolo has_face=1 face_boxes=0 yolo_boxes=0 waited_ms=91
t=1831640328 mosaic_e2e_age_ms ch0=284 ch1=217 ch2=279 ch3=254 frame=44,44,44,44
t=1831640328 mosaic_pts_select target_pts=1833304 selected_pts=1833333,1833333,1833333,1833333 selected_frame=44,44,44,44
t=1831640333 mosaic_submit ch=0 frame=48 pts_us=2000000 partial=0 results=2 has_face=1 face_boxes=0 yolo_boxes=0
t=1831640333 mosaic_rtsp_handoff packet=44 compose_to_encode_ms=4 compose_to_rtsp_ms=5 rtsp_push_ms=1 ok=1
t=1831640335 model_submit model=yolo ch=0 frame=51 ok=1 pending_before=2 pending_after=3
t=1831640335 model_submit model=face_yolo ch=0 frame=51 ok=1 pending_before=3 pending_after=4
t=1831640335 decode_enqueue ch=0 frame=51 pts_us=2125000 inflight=1 max_inflight=8 queue=7
t=1831640336 rknn_infer ch=2 frame=48 lock_wait_us=0 rga_pre_us=1820 run_us=97274 outputs_get_us=525 post_us=1840 release_us=0 total_us=101480 boxes=0
t=1831640336 model_output model=face_yolo ch=2 frame=48 pending_after=4 boxes=0
t=1831640337 agg_add model=face_yolo ch=2 frame=48 results=2 boxes=0 first=0
t=1831640337 agg_publish ch=2 frame=48 partial=0 ready=1 results=2 models=yolo,face_yolo has_face=1 face_boxes=0 yolo_boxes=0 waited_ms=99
t=1831640337 mosaic_submit ch=2 frame=48 pts_us=2000000 partial=0 results=2 has_face=1 face_boxes=0 yolo_boxes=0
t=1831640338 model_submit model=yolo ch=2 frame=51 ok=1 pending_before=3 pending_after=4
t=1831640338 model_submit model=face_yolo ch=2 frame=51 ok=1 pending_before=3 pending_after=4
t=1831640338 decode_enqueue ch=2 frame=51 pts_us=2125000 inflight=1 max_inflight=8 queue=8
t=1831640356 rknn_infer ch=1 frame=49 lock_wait_us=0 rga_pre_us=1814 run_us=32770 outputs_get_us=1511 post_us=305 release_us=1 total_us=36420 boxes=0
t=1831640356 model_output model=yolo ch=1 frame=49 pending_after=4 boxes=0
t=1831640356 agg_first_result model=yolo ch=1 frame=49
t=1831640356 agg_add model=yolo ch=1 frame=49 results=1 boxes=0 first=1
t=1831640357 agg_publish ch=1 frame=49 partial=0 ready=1 results=1 models=yolo has_face=0 face_boxes=0 yolo_boxes=0 waited_ms=0
t=1831640357 mosaic_submit ch=1 frame=49 pts_us=2041666 partial=0 results=1 has_face=0 face_boxes=0 yolo_boxes=0
t=1831640359 rknn_infer ch=0 frame=51 lock_wait_us=0 rga_pre_us=1997 run_us=18387 outputs_get_us=3213 post_us=1054 release_us=3 total_us=24684 boxes=0
t=1831640360 model_output model=yolo ch=0 frame=51 pending_after=3 boxes=0
t=1831640360 agg_first_result model=yolo ch=0 frame=51
t=1831640360 agg_add model=yolo ch=0 frame=51 results=1 boxes=0 first=1
t=1831640362 rknn_infer ch=3 frame=50 lock_wait_us=0 rga_pre_us=2005 run_us=31961 outputs_get_us=3093 post_us=989 release_us=3 total_us=38081 boxes=0
t=1831640362 model_output model=yolo ch=3 frame=50 pending_after=2 boxes=0
t=1831640363 agg_first_result model=yolo ch=3 frame=50
t=1831640363 agg_add model=yolo ch=3 frame=50 results=1 boxes=0 first=1
t=1831640363 agg_publish ch=3 frame=50 partial=0 ready=1 results=1 models=yolo has_face=0 face_boxes=0 yolo_boxes=0 waited_ms=0
t=1831640363 mosaic_submit ch=3 frame=50 pts_us=2083333 partial=0 results=1 has_face=0 face_boxes=0 yolo_boxes=0
t=1831640363 model_submit model=yolo ch=1 frame=50 ok=1 pending_before=1 pending_after=2
t=1831640363 decode_enqueue ch=1 frame=50 pts_us=2083333 inflight=2 max_inflight=8 queue=6
t=1831640363 rknn_infer ch=2 frame=51 lock_wait_us=0 rga_pre_us=1893 run_us=18728 outputs_get_us=3292 post_us=1112 release_us=2 total_us=25050 boxes=0
t=1831640364 model_output model=yolo ch=2 frame=51 pending_after=2 boxes=0
t=1831640364 agg_first_result model=yolo ch=2 frame=51
t=1831640364 agg_add model=yolo ch=2 frame=51 results=1 boxes=0 first=1
t=1831640366 model_submit model=yolo ch=3 frame=51 ok=1 pending_before=1 pending_after=2
t=1831640366 model_submit model=face_yolo ch=3 frame=51 ok=1 pending_before=4 pending_after=5
t=1831640366 decode_enqueue ch=3 frame=51 pts_us=2125000 inflight=2 max_inflight=8 queue=7
t=1831640370 mosaic_e2e_age_ms ch0=285 ch1=216 ch2=281 ch3=254 frame=45,45,45,45
t=1831640370 mosaic_pts_select target_pts=1874970 selected_pts=1875000,1875000,1875000,1875000 selected_frame=45,45,45,45
t=1831640375 mosaic_rtsp_handoff packet=45 compose_to_encode_ms=5 compose_to_rtsp_ms=5 rtsp_push_ms=0 ok=1
t=1831640376 model_submit model=yolo ch=0 frame=52 ok=1 pending_before=2 pending_after=3
t=1831640377 decode_enqueue ch=0 frame=52 pts_us=2166666 inflight=2 max_inflight=8 queue=8
t=1831640380 model_submit model=yolo ch=2 frame=52 ok=1 pending_before=3 pending_after=4
t=1831640380 decode_enqueue ch=2 frame=52 pts_us=2166666 inflight=2 max_inflight=8 queue=9
t=1831640400 rknn_infer ch=3 frame=48 lock_wait_us=0 rga_pre_us=1966 run_us=80363 outputs_get_us=430 post_us=1043 release_us=0 total_us=83820 boxes=0
t=1831640400 model_output model=face_yolo ch=3 frame=48 pending_after=5 boxes=0
t=1831640400 agg_add model=face_yolo ch=3 frame=48 results=2 boxes=0 first=0
t=1831640400 agg_publish ch=3 frame=48 partial=0 ready=1 results=2 models=yolo,face_yolo has_face=1 face_boxes=0 yolo_boxes=0 waited_ms=123
t=1831640401 mosaic_submit ch=3 frame=48 pts_us=2000000 partial=0 results=2 has_face=1 face_boxes=0 yolo_boxes=0
t=1831640401 rknn_infer ch=1 frame=50 lock_wait_us=0 rga_pre_us=1901 run_us=32642 outputs_get_us=2762 post_us=613 release_us=2 total_us=37953 boxes=0
t=1831640401 model_output model=yolo ch=1 frame=50 pending_after=4 boxes=0
t=1831640401 agg_first_result model=yolo ch=1 frame=50
t=1831640402 agg_add model=yolo ch=1 frame=50 results=1 boxes=0 first=1
t=1831640402 agg_publish ch=1 frame=50 partial=0 ready=1 results=1 models=yolo has_face=0 face_boxes=0 yolo_boxes=0 waited_ms=0
t=1831640402 mosaic_submit ch=1 frame=50 pts_us=2083333 partial=0 results=1 has_face=0 face_boxes=0 yolo_boxes=0
t=1831640403 model_submit model=yolo ch=1 frame=51 ok=1 pending_before=3 pending_after=4
t=1831640403 model_submit model=face_yolo ch=1 frame=51 ok=1 pending_before=4 pending_after=5
t=1831640403 decode_enqueue ch=1 frame=51 pts_us=2125000 inflight=2 max_inflight=8 queue=9
t=1831640403 rknn_infer ch=0 frame=52 lock_wait_us=0 rga_pre_us=2126 run_us=19750 outputs_get_us=3881 post_us=1221 release_us=3 total_us=27012 boxes=0
t=1831640404 model_output model=yolo ch=0 frame=52 pending_after=4 boxes=0
t=1831640404 agg_first_result model=yolo ch=0 frame=52
t=1831640404 agg_add model=yolo ch=0 frame=52 results=1 boxes=0 first=1
t=1831640404 rknn_infer ch=3 frame=51 lock_wait_us=0 rga_pre_us=1936 run_us=31831 outputs_get_us=3518 post_us=599 release_us=1 total_us=37907 boxes=0
t=1831640404 model_output model=yolo ch=3 frame=51 pending_after=3 boxes=0
t=1831640404 agg_publish ch=0 frame=52 partial=0 ready=1 results=1 models=yolo has_face=0 face_boxes=0 yolo_boxes=0 waited_ms=0
t=1831640404 mosaic_submit ch=0 frame=52 pts_us=2166666 partial=0 results=1 has_face=0 face_boxes=0 yolo_boxes=0
t=1831640405 agg_first_result model=yolo ch=3 frame=51
t=1831640405 agg_add model=yolo ch=3 frame=51 results=1 boxes=0 first=1
t=1831640405 rknn_infer ch=2 frame=52 lock_wait_us=0 rga_pre_us=2046 run_us=18764 outputs_get_us=3405 post_us=550 release_us=1 total_us=24784 boxes=0
t=1831640405 model_output model=yolo ch=2 frame=52 pending_after=2 boxes=0
t=1831640405 agg_first_result model=yolo ch=2 frame=52
t=1831640405 agg_add model=yolo ch=2 frame=52 results=1 boxes=0 first=1
t=1831640405 agg_publish ch=2 frame=52 partial=0 ready=1 results=1 models=yolo has_face=0 face_boxes=0 yolo_boxes=0 waited_ms=0
t=1831640406 mosaic_submit ch=2 frame=52 pts_us=2166666 partial=0 results=1 has_face=0 face_boxes=0 yolo_boxes=0
t=1831640407 model_submit model=yolo ch=3 frame=52 ok=1 pending_before=1 pending_after=2
t=1831640407 decode_enqueue ch=3 frame=52 pts_us=2166666 inflight=2 max_inflight=8 queue=7
t=1831640413 mosaic_e2e_age_ms ch0=286 ch1=218 ch2=282 ch3=255 frame=46,46,46,46
t=1831640413 mosaic_pts_select target_pts=1916636 selected_pts=1916666,1916666,1916666,1916666 selected_frame=46,46,46,46
t=1831640418 mosaic_rtsp_handoff packet=46 compose_to_encode_ms=4 compose_to_rtsp_ms=5 rtsp_push_ms=1 ok=1
t=1831640418 model_submit model=yolo ch=0 frame=53 ok=1 pending_before=2 pending_after=3
t=1831640418 decode_enqueue ch=0 frame=53 pts_us=2208333 inflight=2 max_inflight=8 queue=8
t=1831640420 rknn_infer ch=1 frame=48 lock_wait_us=0 rga_pre_us=2370 run_us=88163 outputs_get_us=641 post_us=2525 release_us=1 total_us=93731 boxes=0
t=1831640420 model_output model=face_yolo ch=1 frame=48 pending_after=5 boxes=0
t=1831640420 agg_add model=face_yolo ch=1 frame=48 results=2 boxes=0 first=0
t=1831640420 agg_publish ch=1 frame=48 partial=0 ready=1 results=2 models=yolo,face_yolo has_face=1 face_boxes=0 yolo_boxes=0 waited_ms=103
t=1831640420 mosaic_submit ch=1 frame=48 pts_us=2000000 partial=0 results=2 has_face=1 face_boxes=0 yolo_boxes=0
t=1831640422 model_submit model=yolo ch=2 frame=53 ok=1 pending_before=3 pending_after=4
t=1831640422 decode_enqueue ch=2 frame=53 pts_us=2208333 inflight=2 max_inflight=8 queue=8
t=1831640440 rknn_infer ch=1 frame=51 lock_wait_us=0 rga_pre_us=2133 run_us=33030 outputs_get_us=1378 post_us=328 release_us=2 total_us=36891 boxes=0
t=1831640440 model_output model=yolo ch=1 frame=51 pending_after=4 boxes=0
t=1831640440 agg_first_result model=yolo ch=1 frame=51
t=1831640440 agg_add model=yolo ch=1 frame=51 results=1 boxes=0 first=1
t=1831640441 rknn_infer ch=0 frame=51 lock_wait_us=0 rga_pre_us=1910 run_us=99771 outputs_get_us=488 post_us=1894 release_us=1 total_us=104092 boxes=0
t=1831640441 model_output model=face_yolo ch=0 frame=51 pending_after=4 boxes=0
t=1831640441 agg_add model=face_yolo ch=0 frame=51 results=2 boxes=0 first=0
t=1831640441 agg_publish ch=0 frame=51 partial=0 ready=1 results=2 models=yolo,face_yolo has_face=1 face_boxes=0 yolo_boxes=0 waited_ms=81
t=1831640441 mosaic_submit ch=0 frame=51 pts_us=2125000 partial=0 results=2 has_face=1 face_boxes=0 yolo_boxes=0
t=1831640442 rknn_infer ch=0 frame=53 lock_wait_us=0 rga_pre_us=2139 run_us=19017 outputs_get_us=2356 post_us=553 release_us=2 total_us=24090 boxes=0
t=1831640442 model_output model=yolo ch=0 frame=53 pending_after=3 boxes=0
t=1831640442 agg_first_result model=yolo ch=0 frame=53
t=1831640442 agg_add model=yolo ch=0 frame=53 results=1 boxes=0 first=1
t=1831640442 agg_publish ch=0 frame=53 partial=0 ready=1 results=1 models=yolo has_face=0 face_boxes=0 yolo_boxes=0 waited_ms=0
t=1831640442 mosaic_submit ch=0 frame=53 pts_us=2208333 partial=0 results=1 has_face=0 face_boxes=0 yolo_boxes=0
t=1831640444 rknn_infer ch=3 frame=52 lock_wait_us=0 rga_pre_us=2156 run_us=32088 outputs_get_us=2078 post_us=553 release_us=2 total_us=36900 boxes=0
t=1831640444 model_output model=yolo ch=3 frame=52 pending_after=2 boxes=0
t=1831640445 agg_first_result model=yolo ch=3 frame=52
t=1831640445 agg_add model=yolo ch=3 frame=52 results=1 boxes=0 first=1
t=1831640445 agg_publish ch=3 frame=52 partial=0 ready=1 results=1 models=yolo has_face=0 face_boxes=0 yolo_boxes=0 waited_ms=0
t=1831640445 mosaic_submit ch=3 frame=52 pts_us=2166666 partial=0 results=1 has_face=0 face_boxes=0 yolo_boxes=0
t=1831640445 model_submit model=yolo ch=1 frame=52 ok=1 pending_before=1 pending_after=2
t=1831640445 decode_enqueue ch=1 frame=52 pts_us=2166666 inflight=2 max_inflight=8 queue=5
t=1831640446 rknn_infer ch=2 frame=53 lock_wait_us=0 rga_pre_us=3842 run_us=17470 outputs_get_us=2467 post_us=617 release_us=1 total_us=24423 boxes=0
t=1831640446 model_output model=yolo ch=2 frame=53 pending_after=2 boxes=0
t=1831640446 agg_first_result model=yolo ch=2 frame=53
t=1831640446 agg_add model=yolo ch=2 frame=53 results=1 boxes=0 first=1
t=1831640447 agg_publish ch=2 frame=53 partial=0 ready=1 results=1 models=yolo has_face=0 face_boxes=0 yolo_boxes=0 waited_ms=0
t=1831640447 mosaic_submit ch=2 frame=53 pts_us=2208333 partial=0 results=1 has_face=0 face_boxes=0 yolo_boxes=0
t=1831640449 model_submit model=yolo ch=3 frame=53 ok=1 pending_before=1 pending_after=2
t=1831640449 decode_enqueue ch=3 frame=53 pts_us=2208333 inflight=2 max_inflight=8 queue=5
t=1831640453 mosaic_e2e_age_ms ch0=285 ch1=217 ch2=282 ch3=254 frame=47,47,47,47
t=1831640453 mosaic_pts_select target_pts=1958302 selected_pts=1958333,1958333,1958333,1958333 selected_frame=47,47,47,47
t=1831640458 mosaic_rtsp_handoff packet=47 compose_to_encode_ms=5 compose_to_rtsp_ms=5 rtsp_push_ms=0 ok=1
t=1831640460 model_submit model=yolo ch=0 frame=54 ok=1 pending_before=2 pending_after=3
t=1831640460 model_submit model=face_yolo ch=0 frame=54 ok=1 pending_before=3 pending_after=4
t=1831640460 decode_enqueue ch=0 frame=54 pts_us=2250000 inflight=1 max_inflight=8 queue=7
t=1831640463 model_submit model=yolo ch=2 frame=54 ok=1 pending_before=3 pending_after=4
t=1831640463 model_submit model=face_yolo ch=2 frame=54 ok=1 pending_before=4 pending_after=5
t=1831640463 decode_enqueue ch=2 frame=54 pts_us=2250000 inflight=2 max_inflight=8 queue=9
t=1831640482 rknn_infer ch=1 frame=52 lock_wait_us=0 rga_pre_us=1910 run_us=32491 outputs_get_us=1889 post_us=428 release_us=2 total_us=36743 boxes=0
t=1831640482 model_output model=yolo ch=1 frame=52 pending_after=4 boxes=0
t=1831640482 agg_first_result model=yolo ch=1 frame=52
t=1831640482 agg_add model=yolo ch=1 frame=52 results=1 boxes=0 first=1
t=1831640482 agg_publish ch=1 frame=52 partial=0 ready=1 results=1 models=yolo has_face=0 face_boxes=0 yolo_boxes=0 waited_ms=0
t=1831640483 mosaic_submit ch=1 frame=52 pts_us=2166666 partial=0 results=1 has_face=0 face_boxes=0 yolo_boxes=0
t=1831640483 rknn_infer ch=0 frame=54 lock_wait_us=0 rga_pre_us=2097 run_us=18823 outputs_get_us=2201 post_us=598 release_us=2 total_us=23747 boxes=0
t=1831640484 model_output model=yolo ch=0 frame=54 pending_after=3 boxes=0
t=1831640484 agg_first_result model=yolo ch=0 frame=54
t=1831640484 agg_add model=yolo ch=0 frame=54 results=1 boxes=0 first=1
t=1831640486 rknn_infer ch=3 frame=53 lock_wait_us=0 rga_pre_us=1940 run_us=31632 outputs_get_us=2251 post_us=557 release_us=2 total_us=36409 boxes=0
t=1831640486 model_output model=yolo ch=3 frame=53 pending_after=2 boxes=0
t=1831640486 agg_first_result model=yolo ch=3 frame=53
t=1831640486 agg_add model=yolo ch=3 frame=53 results=1 boxes=0 first=1
t=1831640486 agg_publish ch=2 frame=51 partial=1 ready=0 results=1 models=yolo has_face=0 face_boxes=0 yolo_boxes=0 waited_ms=122
t=1831640486 agg_publish ch=3 frame=53 partial=0 ready=1 results=1 models=yolo has_face=0 face_boxes=0 yolo_boxes=0 waited_ms=0
t=1831640486 mosaic_submit ch=2 frame=51 pts_us=2125000 partial=1 results=1 has_face=0 face_boxes=0 yolo_boxes=0
t=1831640486 model_submit model=yolo ch=1 frame=53 ok=1 pending_before=1 pending_after=2
t=1831640486 decode_enqueue ch=1 frame=53 pts_us=2208333 inflight=2 max_inflight=8 queue=7
t=1831640486 mosaic_submit ch=3 frame=53 pts_us=2208333 partial=0 results=1 has_face=0 face_boxes=0 yolo_boxes=0
t=1831640487 rknn_infer ch=2 frame=54 lock_wait_us=0 rga_pre_us=2109 run_us=17995 outputs_get_us=2865 post_us=678 release_us=2 total_us=23671 boxes=0
t=1831640487 model_output model=yolo ch=2 frame=54 pending_after=2 boxes=0
t=1831640487 agg_first_result model=yolo ch=2 frame=54
t=1831640487 agg_add model=yolo ch=2 frame=54 results=1 boxes=0 first=1
t=1831640488 rknn_infer ch=2 frame=51 lock_wait_us=0 rga_pre_us=1977 run_us=83757 outputs_get_us=723 post_us=1669 release_us=1 total_us=88144 boxes=0
t=1831640488 model_output model=face_yolo ch=2 frame=51 pending_after=5 boxes=0
t=1831640489 agg_submit_finished_drop model=face_yolo ch=2 frame=51 boxes=0
t=1831640491 model_submit model=yolo ch=3 frame=54 ok=1 pending_before=1 pending_after=2
t=1831640491 model_submit model=face_yolo ch=3 frame=54 ok=1 pending_before=4 pending_after=5
t=1831640491 decode_enqueue ch=3 frame=54 pts_us=2250000 inflight=2 max_inflight=8 queue=7
t=1831640495 mosaic_e2e_age_ms ch0=286 ch1=217 ch2=282 ch3=254 frame=48,48,48,48
t=1831640496 mosaic_pts_select target_pts=1999968 selected_pts=2000000,2000000,2000000,2000000 selected_frame=48,48,48,48
t=1831640501 model_submit model=yolo ch=0 frame=55 ok=1 pending_before=2 pending_after=3
t=1831640501 decode_enqueue ch=0 frame=55 pts_us=2291666 inflight=2 max_inflight=8 queue=8
t=1831640507 model_submit model=yolo ch=2 frame=55 ok=1 pending_before=3 pending_after=4
t=1831640507 decode_enqueue ch=2 frame=55 pts_us=2291666 inflight=2 max_inflight=8 queue=9
t=1831640507 rknn_infer ch=1 frame=53 lock_wait_us=0 rga_pre_us=2043 run_us=17138 outputs_get_us=1175 post_us=200 release_us=1 total_us=20573 boxes=0
t=1831640507 model_output model=yolo ch=1 frame=53 pending_after=4 boxes=0
t=1831640507 rknn_infer ch=3 frame=51 lock_wait_us=0 rga_pre_us=3276 run_us=81417 outputs_get_us=519 post_us=1935 release_us=1 total_us=87205 boxes=0
t=1831640507 agg_first_result model=yolo ch=1 frame=53
t=1831640507 agg_add model=yolo ch=1 frame=53 results=1 boxes=0 first=1
t=1831640507 model_output model=face_yolo ch=3 frame=51 pending_after=5 boxes=0
t=1831640507 agg_publish ch=1 frame=53 partial=0 ready=1 results=1 models=yolo has_face=0 face_boxes=0 yolo_boxes=0 waited_ms=0
t=1831640508 mosaic_submit ch=1 frame=53 pts_us=2208333 partial=0 results=1 has_face=0 face_boxes=0 yolo_boxes=0
t=1831640508 agg_add model=face_yolo ch=3 frame=51 results=2 boxes=0 first=0
t=1831640508 agg_publish ch=3 frame=51 partial=0 ready=1 results=2 models=yolo,face_yolo has_face=1 face_boxes=0 yolo_boxes=0 waited_ms=103
t=1831640508 mosaic_submit ch=3 frame=51 pts_us=2125000 partial=0 results=2 has_face=1 face_boxes=0 yolo_boxes=0
t=1831640512 rknn_infer ch=3 frame=54 lock_wait_us=0 rga_pre_us=1816 run_us=16759 outputs_get_us=2399 post_us=555 release_us=1 total_us=21560 boxes=0
t=1831640513 model_output model=yolo ch=3 frame=54 pending_after=3 boxes=0
t=1831640513 agg_first_result model=yolo ch=3 frame=54
t=1831640513 agg_add model=yolo ch=3 frame=54 results=1 boxes=0 first=1
t=1831640528 model_submit model=yolo ch=1 frame=54 ok=1 pending_before=2 pending_after=3
t=1831640528 model_submit model=face_yolo ch=1 frame=54 ok=1 pending_before=4 pending_after=5
t=1831640528 decode_enqueue ch=1 frame=54 pts_us=2250000 inflight=2 max_inflight=8 queue=8
t=1831640528 rknn_infer ch=2 frame=55 lock_wait_us=0 rga_pre_us=2023 run_us=16513 outputs_get_us=1945 post_us=410 release_us=2 total_us=20917 boxes=0
t=1831640528 model_output model=yolo ch=2 frame=55 pending_after=3 boxes=0
t=1831640528 rknn_infer ch=0 frame=55 lock_wait_us=0 rga_pre_us=1901 run_us=17016 outputs_get_us=1988 post_us=419 release_us=1 total_us=21347 boxes=0
t=1831640528 agg_first_result model=yolo ch=2 frame=55
t=1831640529 agg_add model=yolo ch=2 frame=55 results=1 boxes=0 first=1
t=1831640529 model_output model=yolo ch=0 frame=55 pending_after=2 boxes=0
t=1831640529 agg_publish ch=2 frame=55 partial=0 ready=1 results=1 models=yolo has_face=0 face_boxes=0 yolo_boxes=0 waited_ms=0
t=1831640529 mosaic_submit ch=2 frame=55 pts_us=2291666 partial=0 results=1 has_face=0 face_boxes=0 yolo_boxes=0
t=1831640529 agg_first_result model=yolo ch=0 frame=55
t=1831640529 agg_add model=yolo ch=0 frame=55 results=1 boxes=0 first=1
t=1831640529 agg_publish ch=0 frame=55 partial=0 ready=1 results=1 models=yolo has_face=0 face_boxes=0 yolo_boxes=0 waited_ms=0
t=1831640529 mosaic_submit ch=0 frame=55 pts_us=2291666 partial=0 results=1 has_face=0 face_boxes=0 yolo_boxes=0
t=1831640532 model_submit model=yolo ch=3 frame=55 ok=1 pending_before=1 pending_after=2
t=1831640533 decode_enqueue ch=3 frame=55 pts_us=2291666 inflight=2 max_inflight=8 queue=7
t=1831640537 mosaic_e2e_age_ms ch0=285 ch1=217 ch2=281 ch3=254 frame=49,49,49,49
t=1831640537 mosaic_pts_select target_pts=2041634 selected_pts=2041666,2041666,2041666,2041666 selected_frame=49,49,49,49
t=1831640538 rknn_infer ch=1 frame=51 lock_wait_us=0 rga_pre_us=5407 run_us=89055 outputs_get_us=608 post_us=2117 release_us=1 total_us=97210 boxes=0
t=1831640538 model_output model=face_yolo ch=1 frame=51 pending_after=5 boxes=0
t=1831640539 agg_add model=face_yolo ch=1 frame=51 results=2 boxes=0 first=0
t=1831640539 agg_publish ch=1 frame=51 partial=0 ready=1 results=2 models=yolo,face_yolo has_face=1 face_boxes=0 yolo_boxes=0 waited_ms=98
t=1831640541 mosaic_submit ch=1 frame=51 pts_us=2125000 partial=0 results=2 has_face=1 face_boxes=0 yolo_boxes=0
t=1831640543 model_submit model=yolo ch=0 frame=56 ok=1 pending_before=2 pending_after=3
t=1831640543 decode_enqueue ch=0 frame=56 pts_us=2333333 inflight=2 max_inflight=8 queue=7
t=1831640546 model_submit model=yolo ch=2 frame=56 ok=1 pending_before=3 pending_after=4
t=1831640547 decode_enqueue ch=2 frame=56 pts_us=2333333 inflight=2 max_inflight=8 queue=8
t=1831640548 mosaic_rtsp_handoff packet=48 compose_to_encode_ms=4 compose_to_rtsp_ms=52 rtsp_push_ms=48 ok=1
t=1831640549 mosaic_rtsp_handoff packet=49 compose_to_encode_ms=11 compose_to_rtsp_ms=11 rtsp_push_ms=0 ok=1
t=1831640566 rknn_infer ch=1 frame=54 lock_wait_us=0 rga_pre_us=1995 run_us=32339 outputs_get_us=2806 post_us=590 release_us=2 total_us=37757 boxes=0
t=1831640566 model_output model=yolo ch=1 frame=54 pending_after=4 boxes=0
t=1831640567 rknn_infer ch=0 frame=56 lock_wait_us=0 rga_pre_us=1866 run_us=18604 outputs_get_us=2200 post_us=571 release_us=1 total_us=23257 boxes=0
t=1831640567 agg_first_result model=yolo ch=1 frame=54
t=1831640567 model_output model=yolo ch=0 frame=56 pending_after=3 boxes=0
t=1831640567 agg_add model=yolo ch=1 frame=54 results=1 boxes=0 first=1
t=1831640567 agg_first_result model=yolo ch=0 frame=56
t=1831640567 agg_add model=yolo ch=0 frame=56 results=1 boxes=0 first=1
t=1831640567 agg_publish ch=0 frame=56 partial=0 ready=1 results=1 models=yolo has_face=0 face_boxes=0 yolo_boxes=0 waited_ms=0
t=1831640567 mosaic_submit ch=0 frame=56 pts_us=2333333 partial=0 results=1 has_face=0 face_boxes=0 yolo_boxes=0
t=1831640570 model_submit model=yolo ch=1 frame=55 ok=1 pending_before=2 pending_after=3
t=1831640570 decode_enqueue ch=1 frame=55 pts_us=2291666 inflight=2 max_inflight=8 queue=7
t=1831640571 rknn_infer ch=3 frame=55 lock_wait_us=0 rga_pre_us=1875 run_us=33721 outputs_get_us=2180 post_us=553 release_us=2 total_us=38358 boxes=0
t=1831640571 model_output model=yolo ch=3 frame=55 pending_after=3 boxes=0
t=1831640571 agg_first_result model=yolo ch=3 frame=55
t=1831640571 agg_add model=yolo ch=3 frame=55 results=1 boxes=0 first=1
t=1831640571 agg_publish ch=3 frame=55 partial=0 ready=1 results=1 models=yolo has_face=0 face_boxes=0 yolo_boxes=0 waited_ms=0
t=1831640571 mosaic_submit ch=3 frame=55 pts_us=2291666 partial=0 results=1 has_face=0 face_boxes=0 yolo_boxes=0
t=1831640573 rknn_infer ch=0 frame=54 lock_wait_us=0 rga_pre_us=2487 run_us=80208 outputs_get_us=522 post_us=1297 release_us=0 total_us=84532 boxes=0
t=1831640573 model_output model=face_yolo ch=0 frame=54 pending_after=4 boxes=0
t=1831640573 agg_add model=face_yolo ch=0 frame=54 results=2 boxes=0 first=0
t=1831640574 agg_publish ch=0 frame=54 partial=0 ready=1 results=2 models=yolo,face_yolo has_face=1 face_boxes=0 yolo_boxes=0 waited_ms=89
t=1831640574 model_submit model=yolo ch=3 frame=56 ok=1 pending_before=2 pending_after=3
t=1831640574 decode_enqueue ch=3 frame=56 pts_us=2333333 inflight=2 max_inflight=8 queue=6
t=1831640574 rknn_infer ch=2 frame=56 lock_wait_us=0 rga_pre_us=1861 run_us=23095 outputs_get_us=2308 post_us=656 release_us=3 total_us=27953 boxes=0
t=1831640575 model_output model=yolo ch=2 frame=56 pending_after=3 boxes=0
t=1831640579 mosaic_e2e_age_ms ch0=286 ch1=216 ch2=283 ch3=255 frame=50,50,50,50
t=1831640580 mosaic_pts_select target_pts=2083300 selected_pts=2083333,2083333,2083333,2083333 selected_frame=50,50,50,50
t=1831640584 mosaic_submit ch=0 frame=54 pts_us=2250000 partial=0 results=2 has_face=1 face_boxes=0 yolo_boxes=0
t=1831640584 agg_first_result model=yolo ch=2 frame=56
t=1831640584 agg_add model=yolo ch=2 frame=56 results=1 boxes=0 first=1
t=1831640584 agg_publish ch=2 frame=56 partial=0 ready=1 results=1 models=yolo has_face=0 face_boxes=0 yolo_boxes=0 waited_ms=0
t=1831640584 mosaic_rtsp_handoff packet=50 compose_to_encode_ms=5 compose_to_rtsp_ms=5 rtsp_push_ms=0 ok=1
t=1831640584 mosaic_submit ch=2 frame=56 pts_us=2333333 partial=0 results=1 has_face=0 face_boxes=0 yolo_boxes=0
t=1831640585 model_submit model=yolo ch=0 frame=57 ok=1 pending_before=2 pending_after=3
t=1831640585 model_submit model=face_yolo ch=0 frame=57 ok=1 pending_before=3 pending_after=4
t=1831640585 decode_enqueue ch=0 frame=57 pts_us=2375000 inflight=1 max_inflight=8 queue=7
t=1831640586 rknn_infer ch=2 frame=54 lock_wait_us=0 rga_pre_us=1704 run_us=74941 outputs_get_us=564 post_us=1354 release_us=1 total_us=78583 boxes=0
t=1831640586 model_output model=face_yolo ch=2 frame=54 pending_after=4 boxes=0
t=1831640587 agg_add model=face_yolo ch=2 frame=54 results=2 boxes=0 first=0
t=1831640587 agg_publish ch=2 frame=54 partial=0 ready=1 results=2 models=yolo,face_yolo has_face=1 face_boxes=0 yolo_boxes=0 waited_ms=99
t=1831640587 mosaic_submit ch=2 frame=54 pts_us=2250000 partial=0 results=2 has_face=1 face_boxes=0 yolo_boxes=0
t=1831640588 model_submit model=yolo ch=2 frame=57 ok=1 pending_before=3 pending_after=4
t=1831640588 model_submit model=face_yolo ch=2 frame=57 ok=1 pending_before=3 pending_after=4
t=1831640588 decode_enqueue ch=2 frame=57 pts_us=2375000 inflight=1 max_inflight=8 queue=8
t=1831640613 rknn_infer ch=0 frame=57 lock_wait_us=0 rga_pre_us=2071 run_us=19729 outputs_get_us=4486 post_us=1640 release_us=4 total_us=27974 boxes=0
t=1831640613 model_submit model=yolo ch=1 frame=56 ok=1 pending_before=4 pending_after=5
t=1831640614 decode_enqueue ch=1 frame=56 pts_us=2333333 inflight=3 max_inflight=8 queue=9
t=1831640614 model_output model=yolo ch=0 frame=57 pending_after=5 boxes=0
t=1831640615 rknn_infer ch=1 frame=55 lock_wait_us=0 rga_pre_us=2076 run_us=33431 outputs_get_us=5462 post_us=1844 release_us=3 total_us=42851 boxes=0
t=1831640615 model_output model=yolo ch=1 frame=55 pending_after=4 boxes=0
t=1831640616 agg_first_result model=yolo ch=0 frame=57
t=1831640617 agg_add model=yolo ch=0 frame=57 results=1 boxes=0 first=1
t=1831640617 model_submit model=yolo ch=3 frame=57 ok=1 pending_before=3 pending_after=4
t=1831640617 model_submit model=face_yolo ch=3 frame=57 ok=1 pending_before=4 pending_after=5
t=1831640617 agg_first_result model=yolo ch=1 frame=55
t=1831640618 decode_enqueue ch=3 frame=57 pts_us=2375000 inflight=3 max_inflight=8 queue=9
t=1831640618 agg_add model=yolo ch=1 frame=55 results=1 boxes=0 first=1
t=1831640618 agg_publish ch=1 frame=55 partial=0 ready=1 results=1 models=yolo has_face=0 face_boxes=0 yolo_boxes=0 waited_ms=0
t=1831640621 mosaic_e2e_age_ms ch0=286 ch1=217 ch2=282 ch3=254 frame=51,51,51,51
t=1831640621 mosaic_pts_select target_pts=2124966 selected_pts=2125000,2125000,2125000,2125000 selected_frame=51,51,51,51
t=1831640623 rknn_infer ch=3 frame=56 lock_wait_us=0 rga_pre_us=1881 run_us=39482 outputs_get_us=4918 post_us=1639 release_us=3 total_us=47963 boxes=0
t=1831640623 model_output model=yolo ch=3 frame=56 pending_after=4 boxes=0
t=1831640631 mosaic_submit ch=1 frame=55 pts_us=2291666 partial=0 results=1 has_face=0 face_boxes=0 yolo_boxes=0
t=1831640631 mosaic_rtsp_handoff packet=51 compose_to_encode_ms=5 compose_to_rtsp_ms=5 rtsp_push_ms=0 ok=1
t=1831640631 agg_first_result model=yolo ch=3 frame=56
t=1831640632 agg_add model=yolo ch=3 frame=56 results=1 boxes=0 first=1
t=1831640632 rknn_infer ch=2 frame=57 lock_wait_us=0 rga_pre_us=1872 run_us=33831 outputs_get_us=4700 post_us=1891 release_us=4 total_us=42338 boxes=0
t=1831640632 model_submit model=yolo ch=0 frame=58 ok=1 pending_before=4 pending_after=5
t=1831640632 decode_enqueue ch=0 frame=58 pts_us=2416666 inflight=2 max_inflight=8 queue=10
t=1831640632 agg_publish ch=3 frame=56 partial=0 ready=1 results=1 models=yolo has_face=0 face_boxes=0 yolo_boxes=0 waited_ms=0
t=1831640633 model_output model=yolo ch=2 frame=57 pending_after=5 boxes=0
t=1831640633 model_submit model=yolo ch=2 frame=58 ok=1 pending_before=5 pending_after=6
t=1831640634 decode_enqueue ch=2 frame=58 pts_us=2416666 inflight=2 max_inflight=8 queue=9
t=1831640634 mosaic_submit ch=3 frame=56 pts_us=2333333 partial=0 results=1 has_face=0 face_boxes=0 yolo_boxes=0
t=1831640634 agg_first_result model=yolo ch=2 frame=57
t=1831640634 agg_add model=yolo ch=2 frame=57 results=1 boxes=0 first=1
t=1831640634 agg_publish ch=3 frame=54 partial=1 ready=0 results=1 models=yolo has_face=0 face_boxes=0 yolo_boxes=0 waited_ms=121
t=1831640635 mosaic_submit ch=3 frame=54 pts_us=2250000 partial=1 results=1 has_face=0 face_boxes=0 yolo_boxes=0
t=1831640642 rknn_infer ch=3 frame=54 lock_wait_us=0 rga_pre_us=2070 run_us=97240 outputs_get_us=1065 post_us=2783 release_us=1 total_us=103187 boxes=0
t=1831640642 model_output model=face_yolo ch=3 frame=54 pending_after=5 boxes=0
t=1831640642 agg_submit_finished_drop model=face_yolo ch=3 frame=54 boxes=0
t=1831640653 model_submit model=yolo ch=1 frame=57 ok=1 pending_before=4 pending_after=5
t=1831640653 model_submit model=face_yolo ch=1 frame=57 ok=1 pending_before=4 pending_after=5
t=1831640653 decode_enqueue ch=1 frame=57 pts_us=2375000 inflight=3 max_inflight=8 queue=10
t=1831640655 rknn_infer ch=1 frame=54 lock_wait_us=0 rga_pre_us=1860 run_us=77552 outputs_get_us=549 post_us=1369 release_us=1 total_us=81348 boxes=0
t=1831640655 model_output model=face_yolo ch=1 frame=54 pending_after=5 boxes=0
t=1831640655 agg_add model=face_yolo ch=1 frame=54 results=2 boxes=0 first=0
t=1831640655 agg_publish ch=1 frame=54 partial=0 ready=1 results=2 models=yolo,face_yolo has_face=1 face_boxes=0 yolo_boxes=0 waited_ms=88
t=1831640655 mosaic_submit ch=1 frame=54 pts_us=2250000 partial=0 results=2 has_face=1 face_boxes=0 yolo_boxes=0
t=1831640657 model_submit model=yolo ch=3 frame=58 ok=1 pending_before=5 pending_after=6
t=1831640658 decode_enqueue ch=3 frame=58 pts_us=2416666 inflight=2 max_inflight=8 queue=10
t=1831640662 rknn_infer ch=3 frame=57 lock_wait_us=5511 rga_pre_us=2816 run_us=31997 outputs_get_us=3048 post_us=695 release_us=2 total_us=44099 boxes=0
t=1831640662 model_output model=yolo ch=3 frame=57 pending_after=6 boxes=0
t=1831640662 rknn_infer ch=2 frame=58 lock_wait_us=0 rga_pre_us=2603 run_us=22782 outputs_get_us=2509 post_us=585 release_us=1 total_us=28499 boxes=0
t=1831640662 model_output model=yolo ch=2 frame=58 pending_after=5 boxes=0
t=1831640662 mosaic_e2e_age_ms ch0=285 ch1=216 ch2=281 ch3=254 frame=52,52,52,52
t=1831640662 mosaic_pts_select target_pts=2166632 selected_pts=2166666,2166666,2166666,2166666 selected_frame=52,52,52,52
t=1831640662 agg_first_result model=yolo ch=3 frame=57
t=1831640662 agg_add model=yolo ch=3 frame=57 results=1 boxes=0 first=1
t=1831640662 agg_first_result model=yolo ch=2 frame=58
t=1831640662 agg_add model=yolo ch=2 frame=58 results=1 boxes=0 first=1
t=1831640662 agg_publish ch=2 frame=58 partial=0 ready=1 results=1 models=yolo has_face=0 face_boxes=0 yolo_boxes=0 waited_ms=0
t=1831640666 mosaic_submit ch=2 frame=58 pts_us=2416666 partial=0 results=1 has_face=0 face_boxes=0 yolo_boxes=0
t=1831640667 mosaic_rtsp_handoff packet=52 compose_to_encode_ms=5 compose_to_rtsp_ms=5 rtsp_push_ms=0 ok=1
t=1831640668 model_submit model=yolo ch=0 frame=59 ok=1 pending_before=4 pending_after=5
t=1831640668 decode_enqueue ch=0 frame=59 pts_us=2458333 inflight=3 max_inflight=8 queue=9
t=1831640671 rknn_infer ch=0 frame=57 lock_wait_us=0 rga_pre_us=1987 run_us=80927 outputs_get_us=555 post_us=1261 release_us=0 total_us=84745 boxes=0
t=1831640672 model_submit model=yolo ch=2 frame=59 ok=1 pending_before=5 pending_after=6
t=1831640672 decode_enqueue ch=2 frame=59 pts_us=2458333 inflight=2 max_inflight=8 queue=10
t=1831640672 model_output model=face_yolo ch=0 frame=57 pending_after=4 boxes=0
t=1831640672 rknn_infer ch=1 frame=56 lock_wait_us=127 rga_pre_us=18427 run_us=33019 outputs_get_us=3577 post_us=1193 release_us=4 total_us=56987 boxes=0
t=1831640672 agg_add model=face_yolo ch=0 frame=57 results=2 boxes=0 first=0
t=1831640672 agg_publish ch=0 frame=57 partial=0 ready=1 results=2 models=yolo,face_yolo has_face=1 face_boxes=0 yolo_boxes=0 waited_ms=57
t=1831640672 mosaic_submit ch=0 frame=57 pts_us=2375000 partial=0 results=2 has_face=1 face_boxes=0 yolo_boxes=0
t=1831640672 model_output model=yolo ch=1 frame=56 pending_after=6 boxes=0
t=1831640672 agg_first_result model=yolo ch=1 frame=56
t=1831640673 agg_add model=yolo ch=1 frame=56 results=1 boxes=0 first=1
t=1831640673 agg_publish ch=1 frame=56 partial=0 ready=1 results=1 models=yolo has_face=0 face_boxes=0 yolo_boxes=0 waited_ms=0
t=1831640673 mosaic_submit ch=1 frame=56 pts_us=2333333 partial=0 results=1 has_face=0 face_boxes=0 yolo_boxes=0
t=1831640673 rknn_infer ch=0 frame=58 lock_wait_us=0 rga_pre_us=3430 run_us=33427 outputs_get_us=4297 post_us=769 release_us=2 total_us=41965 boxes=0
t=1831640673 model_output model=yolo ch=0 frame=58 pending_after=5 boxes=0
t=1831640673 agg_first_result model=yolo ch=0 frame=58
t=1831640673 agg_add model=yolo ch=0 frame=58 results=1 boxes=0 first=1
t=1831640673 agg_publish ch=0 frame=58 partial=0 ready=1 results=1 models=yolo has_face=0 face_boxes=0 yolo_boxes=0 waited_ms=0
t=1831640673 mosaic_submit ch=0 frame=58 pts_us=2416666 partial=0 results=1 has_face=0 face_boxes=0 yolo_boxes=0
t=1831640695 model_submit model=yolo ch=1 frame=58 ok=1 pending_before=4 pending_after=5
t=1831640695 decode_enqueue ch=1 frame=58 pts_us=2416666 inflight=2 max_inflight=8 queue=8
t=1831640699 model_submit model=yolo ch=3 frame=59 ok=1 pending_before=5 pending_after=6
t=1831640700 decode_enqueue ch=3 frame=59 pts_us=2458333 inflight=3 max_inflight=8 queue=9
t=1831640704 mosaic_e2e_age_ms ch0=285 ch1=217 ch2=282 ch3=254 frame=53,53,53,53
t=1831640704 mosaic_pts_select target_pts=2208298 selected_pts=2208333,2208333,2208333,2208333 selected_frame=53,53,53,53
t=1831640709 mosaic_rtsp_handoff packet=53 compose_to_encode_ms=4 compose_to_rtsp_ms=5 rtsp_push_ms=1 ok=1
t=1831640709 rknn_infer ch=1 frame=57 lock_wait_us=10060 rga_pre_us=2204 run_us=31978 outputs_get_us=2483 post_us=602 release_us=2 total_us=47352 boxes=0
t=1831640709 model_output model=yolo ch=1 frame=57 pending_after=6 boxes=0
t=1831640709 agg_first_result model=yolo ch=1 frame=57
t=1831640710 agg_add model=yolo ch=1 frame=57 results=1 boxes=0 first=1
t=1831640710 rknn_infer ch=0 frame=59 lock_wait_us=820 rga_pre_us=2474 run_us=31150 outputs_get_us=2135 post_us=589 release_us=2 total_us=37185 boxes=0
t=1831640710 model_output model=yolo ch=0 frame=59 pending_after=6 boxes=0
t=1831640710 model_submit model=yolo ch=0 frame=60 ok=1 pending_before=5 pending_after=6
t=1831640710 model_submit model=face_yolo ch=0 frame=60 ok=1 pending_before=3 pending_after=4
t=1831640710 decode_enqueue ch=0 frame=60 pts_us=2500000 inflight=2 max_inflight=8 queue=9
t=1831640710 agg_first_result model=yolo ch=0 frame=59
t=1831640711 rknn_infer ch=3 frame=58 lock_wait_us=0 rga_pre_us=1838 run_us=32482 outputs_get_us=9925 post_us=3755 release_us=3 total_us=48018 boxes=0
t=1831640711 model_output model=yolo ch=3 frame=58 pending_after=5 boxes=0
t=1831640711 rknn_infer ch=2 frame=59 lock_wait_us=0 rga_pre_us=1821 run_us=23027 outputs_get_us=8168 post_us=4470 release_us=4 total_us=37516 boxes=0
t=1831640711 model_output model=yolo ch=2 frame=59 pending_after=5 boxes=0
t=1831640711 agg_add model=yolo ch=0 frame=59 results=1 boxes=0 first=1
t=1831640712 agg_publish ch=0 frame=59 partial=0 ready=1 results=1 models=yolo has_face=0 face_boxes=0 yolo_boxes=0 waited_ms=1
t=1831640712 mosaic_submit ch=0 frame=59 pts_us=2458333 partial=0 results=1 has_face=0 face_boxes=0 yolo_boxes=0
t=1831640712 agg_first_result model=yolo ch=3 frame=58
t=1831640712 agg_add model=yolo ch=3 frame=58 results=1 boxes=0 first=1
t=1831640712 agg_publish ch=3 frame=58 partial=0 ready=1 results=1 models=yolo has_face=0 face_boxes=0 yolo_boxes=0 waited_ms=0
t=1831640712 mosaic_submit ch=3 frame=58 pts_us=2416666 partial=0 results=1 has_face=0 face_boxes=0 yolo_boxes=0
t=1831640712 agg_first_result model=yolo ch=2 frame=59
t=1831640712 agg_add model=yolo ch=2 frame=59 results=1 boxes=0 first=1
t=1831640712 agg_publish ch=2 frame=59 partial=0 ready=1 results=1 models=yolo has_face=0 face_boxes=0 yolo_boxes=0 waited_ms=0
t=1831640712 mosaic_submit ch=2 frame=59 pts_us=2458333 partial=0 results=1 has_face=0 face_boxes=0 yolo_boxes=0
t=1831640713 model_submit model=yolo ch=2 frame=60 ok=1 pending_before=3 pending_after=4
t=1831640713 model_submit model=face_yolo ch=2 frame=60 ok=1 pending_before=4 pending_after=5
t=1831640713 decode_enqueue ch=2 frame=60 pts_us=2500000 inflight=2 max_inflight=8 queue=9
t=1831640737 rknn_infer ch=2 frame=57 lock_wait_us=0 rga_pre_us=2138 run_us=90355 outputs_get_us=512 post_us=1961 release_us=1 total_us=95009 boxes=0
t=1831640737 model_output model=face_yolo ch=2 frame=57 pending_after=5 boxes=0
t=1831640737 agg_add model=face_yolo ch=2 frame=57 results=2 boxes=0 first=0
t=1831640738 agg_publish ch=2 frame=57 partial=0 ready=1 results=2 models=yolo,face_yolo has_face=1 face_boxes=0 yolo_boxes=0 waited_ms=103
t=1831640738 mosaic_submit ch=2 frame=57 pts_us=2375000 partial=0 results=2 has_face=1 face_boxes=0 yolo_boxes=0
t=1831640738 model_submit model=yolo ch=1 frame=59 ok=1 pending_before=4 pending_after=5
t=1831640738 decode_enqueue ch=1 frame=59 pts_us=2458333 inflight=3 max_inflight=8 queue=9
t=1831640739 rknn_infer ch=3 frame=57 lock_wait_us=0 rga_pre_us=2080 run_us=79472 outputs_get_us=720 post_us=1690 release_us=0 total_us=83982 boxes=0
t=1831640739 model_output model=face_yolo ch=3 frame=57 pending_after=4 boxes=0
t=1831640739 agg_add model=face_yolo ch=3 frame=57 results=2 boxes=0 first=0
t=1831640739 agg_publish ch=3 frame=57 partial=0 ready=1 results=2 models=yolo,face_yolo has_face=1 face_boxes=0 yolo_boxes=0 waited_ms=77
t=1831640741 model_submit model=yolo ch=3 frame=60 ok=1 pending_before=5 pending_after=6
t=1831640741 model_submit model=face_yolo ch=3 frame=60 ok=1 pending_before=3 pending_after=4
t=1831640741 decode_enqueue ch=3 frame=60 pts_us=2500000 inflight=2 max_inflight=8 queue=10
t=1831640745 mosaic_e2e_age_ms ch0=286 ch1=217 ch2=282 ch3=254 frame=54,54,54,54
t=1831640745 mosaic_pts_select target_pts=2249964 selected_pts=2250000,2250000,2250000,2250000 selected_frame=54,54,54,54
t=1831640748 rknn_infer ch=3 frame=59 lock_wait_us=1134 rga_pre_us=1932 run_us=32138 outputs_get_us=2225 post_us=590 release_us=2 total_us=38045 boxes=0
t=1831640748 model_output model=yolo ch=3 frame=59 pending_after=6 boxes=0
t=1831640749 rknn_infer ch=1 frame=58 lock_wait_us=0 rga_pre_us=2241 run_us=34227 outputs_get_us=2335 post_us=621 release_us=1 total_us=39443 boxes=0
t=1831640749 model_output model=yolo ch=1 frame=58 pending_after=5 boxes=0
t=1831640750 mosaic_submit ch=3 frame=57 pts_us=2375000 partial=0 results=2 has_face=1 face_boxes=0 yolo_boxes=0
t=1831640750 agg_first_result model=yolo ch=3 frame=59
t=1831640750 agg_add model=yolo ch=3 frame=59 results=1 boxes=0 first=1
t=1831640750 agg_publish ch=3 frame=59 partial=0 ready=1 results=1 models=yolo has_face=0 face_boxes=0 yolo_boxes=0 waited_ms=0
t=1831640750 mosaic_submit ch=3 frame=59 pts_us=2458333 partial=0 results=1 has_face=0 face_boxes=0 yolo_boxes=0
t=1831640750 agg_first_result model=yolo ch=1 frame=58
t=1831640750 agg_add model=yolo ch=1 frame=58 results=1 boxes=0 first=1
t=1831640750 agg_publish ch=1 frame=58 partial=0 ready=1 results=1 models=yolo has_face=0 face_boxes=0 yolo_boxes=0 waited_ms=0
t=1831640751 mosaic_submit ch=1 frame=58 pts_us=2416666 partial=0 results=1 has_face=0 face_boxes=0 yolo_boxes=0
t=1831640751 rknn_infer ch=1 frame=57 lock_wait_us=0 rga_pre_us=1988 run_us=75610 outputs_get_us=396 post_us=917 release_us=1 total_us=78922 boxes=0
t=1831640751 model_output model=face_yolo ch=1 frame=57 pending_after=4 boxes=0
t=1831640751 agg_add model=face_yolo ch=1 frame=57 results=2 boxes=0 first=0
t=1831640751 agg_publish ch=1 frame=57 partial=0 ready=1 results=2 models=yolo,face_yolo has_face=1 face_boxes=0 yolo_boxes=0 waited_ms=41
t=1831640751 mosaic_submit ch=1 frame=57 pts_us=2375000 partial=0 results=2 has_face=1 face_boxes=0 yolo_boxes=0
t=1831640751 model_submit model=yolo ch=0 frame=61 ok=1 pending_before=4 pending_after=5
t=1831640751 decode_enqueue ch=0 frame=61 pts_us=2541666 inflight=2 max_inflight=8 queue=8
t=1831640755 model_submit model=yolo ch=2 frame=61 ok=1 pending_before=5 pending_after=6
t=1831640755 decode_enqueue ch=2 frame=61 pts_us=2541666 inflight=2 max_inflight=8 queue=9
t=1831640755 rknn_infer ch=0 frame=60 lock_wait_us=0 rga_pre_us=1895 run_us=34795 outputs_get_us=5772 post_us=1170 release_us=2 total_us=43659 boxes=0
t=1831640755 model_output model=yolo ch=0 frame=60 pending_after=6 boxes=0
t=1831640756 agg_first_result model=yolo ch=0 frame=60
t=1831640756 agg_add model=yolo ch=0 frame=60 results=1 boxes=0 first=1
t=1831640756 rknn_infer ch=2 frame=60 lock_wait_us=0 rga_pre_us=2212 run_us=33671 outputs_get_us=5655 post_us=1168 release_us=2 total_us=42723 boxes=0
t=1831640756 model_output model=yolo ch=2 frame=60 pending_after=5 boxes=0
t=1831640756 agg_first_result model=yolo ch=2 frame=60
t=1831640756 agg_add model=yolo ch=2 frame=60 results=1 boxes=0 first=1
t=1831640761 mosaic_rtsp_handoff packet=54 compose_to_encode_ms=5 compose_to_rtsp_ms=16 rtsp_push_ms=11 ok=1
t=1831640778 model_submit model=yolo ch=1 frame=60 ok=1 pending_before=4 pending_after=5
t=1831640778 model_submit model=face_yolo ch=1 frame=60 ok=1 pending_before=3 pending_after=4
t=1831640778 decode_enqueue ch=1 frame=60 pts_us=2500000 inflight=2 max_inflight=8 queue=9
t=1831640782 model_submit model=yolo ch=3 frame=61 ok=1 pending_before=5 pending_after=6
t=1831640783 decode_enqueue ch=3 frame=61 pts_us=2541666 inflight=2 max_inflight=8 queue=10
t=1831640787 mosaic_e2e_age_ms ch0=285 ch1=217 ch2=280 ch3=254 frame=55,55,55,55
t=1831640787 mosaic_pts_select target_pts=2291630 selected_pts=2291666,2291666,2291666,2291666 selected_frame=55,55,55,55
t=1831640787 rknn_infer ch=1 frame=59 lock_wait_us=542 rga_pre_us=2893 run_us=32314 outputs_get_us=2232 post_us=596 release_us=2 total_us=38605 boxes=0
t=1831640787 model_output model=yolo ch=1 frame=59 pending_after=6 boxes=0
t=1831640788 agg_first_result model=yolo ch=1 frame=59
t=1831640788 rknn_infer ch=3 frame=60 lock_wait_us=0 rga_pre_us=2097 run_us=32171 outputs_get_us=3719 post_us=607 release_us=2 total_us=38612 boxes=0
t=1831640788 agg_add model=yolo ch=1 frame=59 results=1 boxes=0 first=1
t=1831640788 model_output model=yolo ch=3 frame=60 pending_after=5 boxes=0
t=1831640788 agg_publish ch=1 frame=59 partial=0 ready=1 results=1 models=yolo has_face=0 face_boxes=0 yolo_boxes=0 waited_ms=0
t=1831640791 mosaic_submit ch=1 frame=59 pts_us=2458333 partial=0 results=1 has_face=0 face_boxes=0 yolo_boxes=0
t=1831640791 agg_first_result model=yolo ch=3 frame=60
t=1831640792 agg_add model=yolo ch=3 frame=60 results=1 boxes=0 first=1
t=1831640792 mosaic_rtsp_handoff packet=55 compose_to_encode_ms=4 compose_to_rtsp_ms=5 rtsp_push_ms=1 ok=1
t=1831640793 model_submit model=yolo ch=0 frame=62 ok=1 pending_before=4 pending_after=5
t=1831640793 decode_enqueue ch=0 frame=62 pts_us=2583333 inflight=3 max_inflight=8 queue=9
t=1831640794 rknn_infer ch=0 frame=61 lock_wait_us=0 rga_pre_us=2702 run_us=29701 outputs_get_us=4387 post_us=1179 release_us=3 total_us=37997 boxes=0
t=1831640794 model_output model=yolo ch=0 frame=61 pending_after=5 boxes=0
t=1831640794 agg_first_result model=yolo ch=0 frame=61
t=1831640794 agg_add model=yolo ch=0 frame=61 results=1 boxes=0 first=1
t=1831640794 agg_publish ch=0 frame=61 partial=0 ready=1 results=1 models=yolo has_face=0 face_boxes=0 yolo_boxes=0 waited_ms=0
t=1831640794 mosaic_submit ch=0 frame=61 pts_us=2541666 partial=0 results=1 has_face=0 face_boxes=0 yolo_boxes=0
t=1831640795 rknn_infer ch=2 frame=61 lock_wait_us=0 rga_pre_us=1917 run_us=26086 outputs_get_us=9864 post_us=789 release_us=4 total_us=38687 boxes=0
t=1831640795 model_output model=yolo ch=2 frame=61 pending_after=4 boxes=0
t=1831640795 agg_first_result model=yolo ch=2 frame=61
t=1831640795 agg_add model=yolo ch=2 frame=61 results=1 boxes=0 first=1
t=1831640795 agg_publish ch=2 frame=61 partial=0 ready=1 results=1 models=yolo has_face=0 face_boxes=0 yolo_boxes=0 waited_ms=0
t=1831640795 mosaic_submit ch=2 frame=61 pts_us=2541666 partial=0 results=1 has_face=0 face_boxes=0 yolo_boxes=0
t=1831640796 model_submit model=yolo ch=2 frame=62 ok=1 pending_before=3 pending_after=4
t=1831640797 decode_enqueue ch=2 frame=62 pts_us=2583333 inflight=2 max_inflight=8 queue=8
t=1831640820 model_submit model=yolo ch=1 frame=61 ok=1 pending_before=4 pending_after=5
t=1831640820 decode_enqueue ch=1 frame=61 pts_us=2541666 inflight=2 max_inflight=8 queue=9
t=1831640824 model_submit model=yolo ch=3 frame=62 ok=1 pending_before=5 pending_after=6
t=1831640824 decode_enqueue ch=3 frame=62 pts_us=2583333 inflight=3 max_inflight=8 queue=10
t=1831640828 rknn_infer ch=2 frame=60 lock_wait_us=0 rga_pre_us=1959 run_us=85490 outputs_get_us=543 post_us=1259 release_us=0 total_us=89284 boxes=0
t=1831640829 model_output model=face_yolo ch=2 frame=60 pending_after=4 boxes=0
t=1831640830 mosaic_e2e_age_ms ch0=287 ch1=217 ch2=284 ch3=256 frame=56,56,56,56
t=1831640830 mosaic_pts_select target_pts=2333296 selected_pts=2333333,2333333,2333333,2333333 selected_frame=56,56,56,56
t=1831640831 rknn_infer ch=3 frame=61 lock_wait_us=0 rga_pre_us=2003 run_us=32610 outputs_get_us=5981 post_us=1754 release_us=5 total_us=42380 boxes=0
t=1831640831 model_output model=yolo ch=3 frame=61 pending_after=6 boxes=0
t=1831640831 rknn_infer ch=3 frame=60 lock_wait_us=0 rga_pre_us=1749 run_us=76023 outputs_get_us=613 post_us=1352 release_us=0 total_us=79750 boxes=0
t=1831640831 model_output model=face_yolo ch=3 frame=60 pending_after=3 boxes=0
t=1831640833 rknn_infer ch=1 frame=60 lock_wait_us=0 rga_pre_us=3880 run_us=32518 outputs_get_us=5603 post_us=3202 release_us=6 total_us=45234 boxes=0
t=1831640833 rknn_infer ch=0 frame=60 lock_wait_us=0 rga_pre_us=2269 run_us=87781 outputs_get_us=966 post_us=4410 release_us=1 total_us=95469 boxes=0
t=1831640833 model_output model=face_yolo ch=0 frame=60 pending_after=2 boxes=0
t=1831640833 agg_add model=face_yolo ch=2 frame=60 results=2 boxes=0 first=0
t=1831640834 agg_publish ch=2 frame=60 partial=0 ready=1 results=2 models=yolo,face_yolo has_face=1 face_boxes=0 yolo_boxes=0 waited_ms=77
t=1831640835 model_output model=yolo ch=1 frame=60 pending_after=5 boxes=0
t=1831640835 model_submit model=yolo ch=0 frame=63 ok=1 pending_before=5 pending_after=6
t=1831640835 mosaic_submit ch=2 frame=60 pts_us=2500000 partial=0 results=2 has_face=1 face_boxes=0 yolo_boxes=0
t=1831640835 model_submit model=face_yolo ch=0 frame=63 ok=1 pending_before=1 pending_after=2
t=1831640835 decode_enqueue ch=0 frame=63 pts_us=2625000 inflight=3 max_inflight=8 queue=7
t=1831640835 agg_first_result model=yolo ch=3 frame=61
t=1831640837 mosaic_rtsp_handoff packet=56 compose_to_encode_ms=5 compose_to_rtsp_ms=6 rtsp_push_ms=1 ok=1
t=1831640837 agg_add model=yolo ch=3 frame=61 results=1 boxes=0 first=1
t=1831640838 agg_publish ch=3 frame=61 partial=0 ready=1 results=1 models=yolo has_face=0 face_boxes=0 yolo_boxes=0 waited_ms=2
t=1831640838 mosaic_submit ch=3 frame=61 pts_us=2541666 partial=0 results=1 has_face=0 face_boxes=0 yolo_boxes=0
t=1831640838 agg_add model=face_yolo ch=3 frame=60 results=2 boxes=0 first=0
t=1831640838 agg_publish ch=3 frame=60 partial=0 ready=1 results=2 models=yolo,face_yolo has_face=1 face_boxes=0 yolo_boxes=0 waited_ms=46
t=1831640838 mosaic_submit ch=3 frame=60 pts_us=2500000 partial=0 results=2 has_face=1 face_boxes=0 yolo_boxes=0
t=1831640839 model_submit model=yolo ch=2 frame=63 ok=1 pending_before=5 pending_after=6
t=1831640839 agg_add model=face_yolo ch=0 frame=60 results=2 boxes=0 first=0
t=1831640839 model_submit model=face_yolo ch=2 frame=63 ok=1 pending_before=2 pending_after=3
t=1831640839 decode_enqueue ch=2 frame=63 pts_us=2625000 inflight=2 max_inflight=8 queue=9
t=1831640840 agg_publish ch=0 frame=60 partial=0 ready=1 results=2 models=yolo,face_yolo has_face=1 face_boxes=0 yolo_boxes=0 waited_ms=83
t=1831640840 mosaic_submit ch=0 frame=60 pts_us=2500000 partial=0 results=2 has_face=1 face_boxes=0 yolo_boxes=0
t=1831640840 agg_first_result model=yolo ch=1 frame=60
t=1831640840 agg_add model=yolo ch=1 frame=60 results=1 boxes=0 first=1
t=1831640840 rknn_infer ch=0 frame=62 lock_wait_us=0 rga_pre_us=2042 run_us=31753 outputs_get_us=10788 post_us=1256 release_us=4 total_us=45871 boxes=0
t=1831640841 model_output model=yolo ch=0 frame=62 pending_after=6 boxes=0
t=1831640841 agg_first_result model=yolo ch=0 frame=62
t=1831640841 agg_add model=yolo ch=0 frame=62 results=1 boxes=0 first=1
t=1831640841 rknn_infer ch=2 frame=62 lock_wait_us=0 rga_pre_us=1897 run_us=23157 outputs_get_us=16806 post_us=1899 release_us=3 total_us=43799 boxes=0
t=1831640841 model_output model=yolo ch=2 frame=62 pending_after=5 boxes=0
t=1831640841 agg_publish ch=0 frame=62 partial=0 ready=1 results=1 models=yolo has_face=0 face_boxes=0 yolo_boxes=0 waited_ms=0
t=1831640841 mosaic_submit ch=0 frame=62 pts_us=2583333 partial=0 results=1 has_face=0 face_boxes=0 yolo_boxes=0
t=1831640841 agg_first_result model=yolo ch=2 frame=62
t=1831640841 agg_add model=yolo ch=2 frame=62 results=1 boxes=0 first=1
t=1831640841 agg_publish ch=2 frame=62 partial=0 ready=1 results=1 models=yolo has_face=0 face_boxes=0 yolo_boxes=0 waited_ms=0
t=1831640841 mosaic_submit ch=2 frame=62 pts_us=2583333 partial=0 results=1 has_face=0 face_boxes=0 yolo_boxes=0
t=1831640861 model_submit model=yolo ch=1 frame=62 ok=1 pending_before=4 pending_after=5
t=1831640861 decode_enqueue ch=1 frame=62 pts_us=2583333 inflight=3 max_inflight=8 queue=8
t=1831640862 agg_lock_health submit_count=126 submit_wait_avg_us=42 submit_wait_max_us=815 submit_wait_over_500us=3 worker_count=174 worker_hold_avg_us=207 worker_hold_max_us=2769 worker_hold_over_2ms=1 queue=0 pending=1 registered=5
t=1831640866 model_submit model=yolo ch=3 frame=63 ok=1 pending_before=5 pending_after=6
t=1831640866 model_submit model=face_yolo ch=3 frame=63 ok=1 pending_before=3 pending_after=4
t=1831640866 decode_enqueue ch=3 frame=63 pts_us=2625000 inflight=2 max_inflight=8 queue=10
t=1831640870 mosaic_e2e_age_ms ch0=286 ch1=217 ch2=282 ch3=254 frame=57,57,57,57
t=1831640871 mosaic_pts_select target_pts=2374962 selected_pts=2375000,2375000,2375000,2375000 selected_frame=57,57,57,57
t=1831640873 rknn_infer ch=3 frame=62 lock_wait_us=0 rga_pre_us=3230 run_us=32301 outputs_get_us=2291 post_us=604 release_us=2 total_us=38452 boxes=0
t=1831640873 model_output model=yolo ch=3 frame=62 pending_after=6 boxes=0
t=1831640874 agg_first_result model=yolo ch=3 frame=62
t=1831640874 agg_add model=yolo ch=3 frame=62 results=1 boxes=0 first=1
t=1831640874 agg_publish ch=3 frame=62 partial=0 ready=1 results=1 models=yolo has_face=0 face_boxes=0 yolo_boxes=0 waited_ms=0
t=1831640874 rknn_infer ch=1 frame=61 lock_wait_us=3725 rga_pre_us=2823 run_us=33139 outputs_get_us=2521 post_us=590 release_us=1 total_us=42816 boxes=0
t=1831640874 model_output model=yolo ch=1 frame=61 pending_after=5 boxes=0
t=1831640875 mosaic_submit ch=3 frame=62 pts_us=2583333 partial=0 results=1 has_face=0 face_boxes=0 yolo_boxes=0
t=1831640875 agg_first_result model=yolo ch=1 frame=61
t=1831640875 agg_add model=yolo ch=1 frame=61 results=1 boxes=0 first=1
t=1831640875 agg_publish ch=1 frame=61 partial=0 ready=1 results=1 models=yolo has_face=0 face_boxes=0 yolo_boxes=0 waited_ms=0
t=1831640875 mosaic_submit ch=1 frame=61 pts_us=2541666 partial=0 results=1 has_face=0 face_boxes=0 yolo_boxes=0
t=1831640876 mosaic_rtsp_handoff packet=57 compose_to_encode_ms=5 compose_to_rtsp_ms=5 rtsp_push_ms=0 ok=1
t=1831640876 encoder_health source=encoder_out in_fps=24.00 packet_fps=24.00 frame_fps=24.00 recycle_fps=24.00 pending=0 total_in=58 total_frames=58
t=1831640876 model_submit model=yolo ch=0 frame=64 ok=1 pending_before=4 pending_after=5
t=1831640876 decode_enqueue ch=0 frame=64 pts_us=2666666 inflight=2 max_inflight=8 queue=9
t=1831640880 model_submit model=yolo ch=2 frame=64 ok=1 pending_before=5 pending_after=6
t=1831640880 decode_enqueue ch=2 frame=64 pts_us=2666666 inflight=2 max_inflight=8 queue=10
t=1831640881 rknn_infer ch=2 frame=63 lock_wait_us=0 rga_pre_us=2214 run_us=30509 outputs_get_us=4866 post_us=1790 release_us=2 total_us=39404 boxes=0
t=1831640881 model_output model=yolo ch=2 frame=63 pending_after=6 boxes=0
t=1831640881 agg_first_result model=yolo ch=2 frame=63
t=1831640881 agg_add model=yolo ch=2 frame=63 results=1 boxes=0 first=1
t=1831640881 rknn_infer ch=0 frame=63 lock_wait_us=0 rga_pre_us=2246 run_us=31461 outputs_get_us=5575 post_us=918 release_us=2 total_us=40225 boxes=0
t=1831640881 model_output model=yolo ch=0 frame=63 pending_after=5 boxes=0
t=1831640881 agg_first_result model=yolo ch=0 frame=63
t=1831640881 agg_add model=yolo ch=0 frame=63 results=1 boxes=0 first=1
t=1831640903 model_submit model=yolo ch=1 frame=63 ok=1 pending_before=4 pending_after=5
t=1831640904 model_submit model=face_yolo ch=1 frame=63 ok=1 pending_before=4 pending_after=5
t=1831640904 decode_enqueue ch=1 frame=63 pts_us=2625000 inflight=3 max_inflight=8 queue=10
t=1831640907 model_submit model=yolo ch=3 frame=64 ok=1 pending_before=5 pending_after=6
t=1831640908 decode_enqueue ch=3 frame=64 pts_us=2666666 inflight=2 max_inflight=8 queue=11
t=1831640912 mosaic_e2e_age_ms ch0=285 ch1=217 ch2=281 ch3=254 frame=58,58,58,58
t=1831640912 mosaic_pts_select target_pts=2416628 selected_pts=2416666,2416666,2416666,2416666 selected_frame=58,58,58,58
t=1831640913 rknn_infer ch=3 frame=63 lock_wait_us=0 rga_pre_us=2082 run_us=32524 outputs_get_us=3616 post_us=660 release_us=2 total_us=38916 boxes=0
t=1831640913 model_output model=yolo ch=3 frame=63 pending_after=6 boxes=0
t=1831640913 agg_first_result model=yolo ch=3 frame=63
t=1831640913 agg_add model=yolo ch=3 frame=63 results=1 boxes=0 first=1
t=1831640915 rknn_infer ch=1 frame=62 lock_wait_us=3024 rga_pre_us=2313 run_us=32408 outputs_get_us=2576 post_us=662 release_us=2 total_us=41009 boxes=0
t=1831640916 model_output model=yolo ch=1 frame=62 pending_after=5 boxes=0
t=1831640917 agg_first_result model=yolo ch=1 frame=62
t=1831640917 agg_add model=yolo ch=1 frame=62 results=1 boxes=0 first=1
t=1831640917 agg_publish ch=1 frame=62 partial=0 ready=1 results=1 models=yolo has_face=0 face_boxes=0 yolo_boxes=0 waited_ms=0
t=1831640917 mosaic_rtsp_handoff packet=58 compose_to_encode_ms=4 compose_to_rtsp_ms=5 rtsp_push_ms=1 ok=1
t=1831640917 mosaic_submit ch=1 frame=62 pts_us=2583333 partial=0 results=1 has_face=0 face_boxes=0 yolo_boxes=0
t=1831640917 mosaic_health source=submit submit_fps=94.00 tick_fps=24.00 not_ready_fps=0.00 compose_fps=24.00 push_fps=24.00 busy_drop_fps=0.00 total_submit=251 total_tick=72 total_not_ready=13 total_compose=59 total_push=59 rga_fail=0 latest_frame=62,62,62,62 latest_pts_us=2583333,2583333,2583333,2583333
t=1831640918 model_submit model=yolo ch=0 frame=65 ok=1 pending_before=4 pending_after=5
t=1831640918 decode_enqueue ch=0 frame=65 pts_us=2708333 inflight=3 max_inflight=8 queue=10
t=1831640920 rknn_infer ch=0 frame=64 lock_wait_us=550 rga_pre_us=2185 run_us=31251 outputs_get_us=3498 post_us=1373 release_us=3 total_us=38890 boxes=0
t=1831640920 model_output model=yolo ch=0 frame=64 pending_after=5 boxes=0
t=1831640920 agg_first_result model=yolo ch=0 frame=64
t=1831640920 agg_add model=yolo ch=0 frame=64 results=1 boxes=0 first=1
t=1831640920 agg_publish ch=0 frame=64 partial=0 ready=1 results=1 models=yolo has_face=0 face_boxes=0 yolo_boxes=0 waited_ms=0
t=1831640920 mosaic_submit ch=0 frame=64 pts_us=2666666 partial=0 results=1 has_face=0 face_boxes=0 yolo_boxes=0
t=1831640921 rknn_infer ch=2 frame=64 lock_wait_us=0 rga_pre_us=2001 run_us=25883 outputs_get_us=11320 post_us=555 release_us=2 total_us=39789 boxes=0
t=1831640921 model_output model=yolo ch=2 frame=64 pending_after=4 boxes=0
t=1831640921 agg_first_result model=yolo ch=2 frame=64
t=1831640921 agg_add model=yolo ch=2 frame=64 results=1 boxes=0 first=1
t=1831640921 agg_publish ch=2 frame=64 partial=0 ready=1 results=1 models=yolo has_face=0 face_boxes=0 yolo_boxes=0 waited_ms=0
t=1831640922 mosaic_submit ch=2 frame=64 pts_us=2666666 partial=0 results=1 has_face=0 face_boxes=0 yolo_boxes=0
t=1831640922 model_submit model=yolo ch=2 frame=65 ok=1 pending_before=3 pending_after=4
t=1831640922 decode_enqueue ch=2 frame=65 pts_us=2708333 inflight=3 max_inflight=8 queue=9
t=1831640923 rknn_infer ch=1 frame=60 lock_wait_us=4675 rga_pre_us=1923 run_us=86736 outputs_get_us=400 post_us=966 release_us=0 total_us=94719 boxes=0
t=1831640923 model_output model=face_yolo ch=1 frame=60 pending_after=5 boxes=0
t=1831640924 agg_add model=face_yolo ch=1 frame=60 results=2 boxes=0 first=0
t=1831640924 agg_publish ch=1 frame=60 partial=0 ready=1 results=2 models=yolo,face_yolo has_face=1 face_boxes=0 yolo_boxes=0 waited_ms=83
t=1831640924 mosaic_submit ch=1 frame=60 pts_us=2500000 partial=0 results=2 has_face=1 face_boxes=0 yolo_boxes=0
t=1831640925 rknn_infer ch=0 frame=63 lock_wait_us=0 rga_pre_us=2403 run_us=86077 outputs_get_us=334 post_us=770 release_us=0 total_us=89602 boxes=0
t=1831640925 model_output model=face_yolo ch=0 frame=63 pending_after=4 boxes=0
t=1831640925 agg_add model=face_yolo ch=0 frame=63 results=2 boxes=0 first=0
t=1831640925 agg_publish ch=0 frame=63 partial=0 ready=1 results=2 models=yolo,face_yolo has_face=1 face_boxes=0 yolo_boxes=0 waited_ms=43
t=1831640925 mosaic_submit ch=0 frame=63 pts_us=2625000 partial=0 results=2 has_face=1 face_boxes=0 yolo_boxes=0
t=1831640928 rknn_infer ch=2 frame=63 lock_wait_us=0 rga_pre_us=2018 run_us=84512 outputs_get_us=501 post_us=1826 release_us=1 total_us=88878 boxes=0
t=1831640928 model_output model=face_yolo ch=2 frame=63 pending_after=3 boxes=0
t=1831640928 agg_add model=face_yolo ch=2 frame=63 results=2 boxes=0 first=0
t=1831640928 agg_publish ch=2 frame=63 partial=0 ready=1 results=2 models=yolo,face_yolo has_face=1 face_boxes=0 yolo_boxes=0 waited_ms=47
t=1831640928 mosaic_submit ch=2 frame=63 pts_us=2625000 partial=0 results=2 has_face=1 face_boxes=0 yolo_boxes=0
t=1831640945 model_submit model=yolo ch=1 frame=64 ok=1 pending_before=4 pending_after=5
t=1831640945 decode_enqueue ch=1 frame=64 pts_us=2666666 inflight=2 max_inflight=8 queue=7
t=1831640949 model_submit model=yolo ch=3 frame=65 ok=1 pending_before=5 pending_after=6
t=1831640949 decode_enqueue ch=3 frame=65 pts_us=2708333 inflight=3 max_inflight=8 queue=8
t=1831640953 mosaic_e2e_age_ms ch0=285 ch1=215 ch2=282 ch3=254 frame=59,59,59,59
t=1831640954 mosaic_pts_select target_pts=2458294 selected_pts=2458333,2458333,2458333,2458333 selected_frame=59,59,59,59
t=1831640954 rknn_infer ch=3 frame=64 lock_wait_us=0 rga_pre_us=2604 run_us=31769 outputs_get_us=2123 post_us=568 release_us=2 total_us=37087 boxes=0
t=1831640954 model_output model=yolo ch=3 frame=64 pending_after=6 boxes=0
t=1831640954 agg_first_result model=yolo ch=3 frame=64
t=1831640954 agg_add model=yolo ch=3 frame=64 results=1 boxes=0 first=1
t=1831640954 agg_publish ch=3 frame=64 partial=0 ready=1 results=1 models=yolo has_face=0 face_boxes=0 yolo_boxes=0 waited_ms=0
t=1831640955 rknn_infer ch=1 frame=63 lock_wait_us=3387 rga_pre_us=2889 run_us=32452 outputs_get_us=2614 post_us=694 release_us=2 total_us=42060 boxes=0
t=1831640955 model_output model=yolo ch=1 frame=63 pending_after=5 boxes=0
t=1831640957 rknn_infer ch=2 frame=65 lock_wait_us=0 rga_pre_us=2044 run_us=30641 outputs_get_us=1997 post_us=585 release_us=1 total_us=35294 boxes=0
t=1831640957 model_output model=yolo ch=2 frame=65 pending_after=4 boxes=0
t=1831640958 mosaic_submit ch=3 frame=64 pts_us=2666666 partial=0 results=1 has_face=0 face_boxes=0 yolo_boxes=0
t=1831640958 agg_first_result model=yolo ch=1 frame=63
t=1831640958 agg_add model=yolo ch=1 frame=63 results=1 boxes=0 first=1
t=1831640958 agg_first_result model=yolo ch=2 frame=65
t=1831640958 agg_add model=yolo ch=2 frame=65 results=1 boxes=0 first=1
t=1831640958 agg_publish ch=2 frame=65 partial=0 ready=1 results=1 models=yolo has_face=0 face_boxes=0 yolo_boxes=0 waited_ms=0
t=1831640958 mosaic_submit ch=2 frame=65 pts_us=2708333 partial=0 results=1 has_face=0 face_boxes=0 yolo_boxes=0
t=1831640958 zl_rtsp_health url=rtsp://127.0.0.1:8554/live/mosaic input_fps=24.04 input_us_last=378 input_us_max=56219 media_wall_diff_ms=26 total_packets=60 pts=221250 size=818 key=0
t=1831640958 mosaic_rtsp_handoff packet=59 compose_to_encode_ms=5 compose_to_rtsp_ms=5 rtsp_push_ms=0 ok=1
t=1831640960 model_submit model=yolo ch=0 frame=66 ok=1 pending_before=3 pending_after=4
t=1831640960 model_submit model=face_yolo ch=0 frame=66 ok=1 pending_before=2 pending_after=3
t=1831640960 decode_enqueue ch=0 frame=66 pts_us=2750000 inflight=2 max_inflight=8 queue=7
t=1831640960 rknn_infer ch=0 frame=65 lock_wait_us=0 rga_pre_us=2825 run_us=34504 outputs_get_us=2210 post_us=590 release_us=1 total_us=40156 boxes=0
t=1831640960 model_output model=yolo ch=0 frame=65 pending_after=4 boxes=0
t=1831640960 agg_first_result model=yolo ch=0 frame=65
t=1831640960 agg_add model=yolo ch=0 frame=65 results=1 boxes=0 first=1
t=1831640960 agg_publish ch=0 frame=65 partial=0 ready=1 results=1 models=yolo has_face=0 face_boxes=0 yolo_boxes=0 waited_ms=0
t=1831640961 mosaic_submit ch=0 frame=65 pts_us=2708333 partial=0 results=1 has_face=0 face_boxes=0 yolo_boxes=0
t=1831640963 model_submit model=yolo ch=2 frame=66 ok=1 pending_before=3 pending_after=4
t=1831640963 model_submit model=face_yolo ch=2 frame=66 ok=1 pending_before=3 pending_after=4
t=1831640963 decode_enqueue ch=2 frame=66 pts_us=2750000 inflight=1 max_inflight=8 queue=8
t=1831640986 model_submit model=yolo ch=1 frame=65 ok=1 pending_before=4 pending_after=5
t=1831640986 decode_enqueue ch=1 frame=65 pts_us=2708333 inflight=3 max_inflight=8 queue=9
t=1831640991 model_submit model=yolo ch=3 frame=66 ok=1 pending_before=5 pending_after=6
t=1831640991 model_submit model=face_yolo ch=3 frame=66 ok=1 pending_before=4 pending_after=5
t=1831640991 decode_enqueue ch=3 frame=66 pts_us=2750000 inflight=3 max_inflight=8 queue=11
t=1831640993 rknn_infer ch=3 frame=65 lock_wait_us=0 rga_pre_us=2204 run_us=31476 outputs_get_us=3333 post_us=777 release_us=3 total_us=37810 boxes=0
t=1831640993 rknn_infer ch=2 frame=66 lock_wait_us=0 rga_pre_us=1873 run_us=24620 outputs_get_us=2603 post_us=856 release_us=1 total_us=29978 boxes=0
t=1831640994 model_output model=yolo ch=3 frame=65 pending_after=6 boxes=0
t=1831640994 model_output model=yolo ch=2 frame=66 pending_after=6 boxes=0
t=1831640994 agg_first_result model=yolo ch=3 frame=65
t=1831640994 agg_add model=yolo ch=3 frame=65 results=1 boxes=0 first=1
t=1831640994 agg_publish ch=3 frame=65 partial=0 ready=1 results=1 models=yolo has_face=0 face_boxes=0 yolo_boxes=0 waited_ms=0
t=1831640995 mosaic_e2e_age_ms ch0=286 ch1=217 ch2=282 ch3=254 frame=60,60,60,60
t=1831640995 mosaic_pts_select target_pts=2499960 selected_pts=2500000,2500000,2500000,2500000 selected_frame=60,60,60,60
t=1831640997 rknn_infer ch=1 frame=64 lock_wait_us=6559 rga_pre_us=2175 run_us=32022 outputs_get_us=2112 post_us=553 release_us=1 total_us=43445 boxes=0
t=1831640997 model_output model=yolo ch=1 frame=64 pending_after=4 boxes=0
t=1831640999 mosaic_submit ch=3 frame=65 pts_us=2708333 partial=0 results=1 has_face=0 face_boxes=0 yolo_boxes=0
t=1831641000 agg_first_result model=yolo ch=2 frame=66
t=1831641000 agg_add model=yolo ch=2 frame=66 results=1 boxes=0 first=1
t=1831641000 agg_first_result model=yolo ch=1 frame=64
t=1831641000 agg_add model=yolo ch=1 frame=64 results=1 boxes=0 first=1
t=1831641000 agg_publish ch=1 frame=64 partial=0 ready=1 results=1 models=yolo has_face=0 face_boxes=0 yolo_boxes=0 waited_ms=0
t=1831641000 mosaic_submit ch=1 frame=64 pts_us=2666666 partial=0 results=1 has_face=0 face_boxes=0 yolo_boxes=0
t=1831641001 rknn_infer ch=0 frame=66 lock_wait_us=0 rga_pre_us=3195 run_us=34329 outputs_get_us=2298 post_us=555 release_us=1 total_us=40404 boxes=0
t=1831641001 model_output model=yolo ch=0 frame=66 pending_after=3 boxes=0
t=1831641001 agg_first_result model=yolo ch=0 frame=66
t=1831641001 agg_add model=yolo ch=0 frame=66 results=1 boxes=0 first=1
t=1831641001 model_submit model=yolo ch=0 frame=67 ok=1 pending_before=2 pending_after=3
t=1831641001 decode_enqueue ch=0 frame=67 pts_us=2791666 inflight=2 max_inflight=8 queue=8
t=1831641002 rknn_infer ch=1 frame=63 lock_wait_us=0 rga_pre_us=1756 run_us=73636 outputs_get_us=439 post_us=1060 release_us=0 total_us=76905 boxes=0
t=1831641002 model_output model=face_yolo ch=1 frame=63 pending_after=5 boxes=0
t=1831641002 agg_add model=face_yolo ch=1 frame=63 results=2 boxes=0 first=0
t=1831641002 agg_publish ch=1 frame=63 partial=0 ready=1 results=2 models=yolo,face_yolo has_face=1 face_boxes=0 yolo_boxes=0 waited_ms=43
t=1831641002 mosaic_submit ch=1 frame=63 pts_us=2625000 partial=0 results=2 has_face=1 face_boxes=0 yolo_boxes=0
t=1831641005 model_submit model=yolo ch=2 frame=67 ok=1 pending_before=3 pending_after=4
t=1831641005 decode_enqueue ch=2 frame=67 pts_us=2791666 inflight=2 max_inflight=8 queue=8
t=1831641005 rknn_infer ch=3 frame=63 lock_wait_us=0 rga_pre_us=1865 run_us=78370 outputs_get_us=456 post_us=1073 release_us=0 total_us=81782 boxes=0
t=1831641005 model_output model=face_yolo ch=3 frame=63 pending_after=4 boxes=0
t=1831641006 agg_add model=face_yolo ch=3 frame=63 results=2 boxes=0 first=0
t=1831641006 agg_publish ch=3 frame=63 partial=0 ready=1 results=2 models=yolo,face_yolo has_face=1 face_boxes=0 yolo_boxes=0 waited_ms=92
t=1831641006 mosaic_submit ch=3 frame=63 pts_us=2625000 partial=0 results=2 has_face=1 face_boxes=0 yolo_boxes=0
t=1831641012 mosaic_rtsp_handoff packet=60 compose_to_encode_ms=4 compose_to_rtsp_ms=17 rtsp_push_ms=13 ok=1
t=1831641028 model_submit model=yolo ch=1 frame=66 ok=1 pending_before=4 pending_after=5
t=1831641028 model_submit model=face_yolo ch=1 frame=66 ok=1 pending_before=3 pending_after=4
t=1831641028 decode_enqueue ch=1 frame=66 pts_us=2750000 inflight=2 max_inflight=8 queue=9
t=1831641032 model_submit model=yolo ch=3 frame=67 ok=1 pending_before=5 pending_after=6
t=1831641033 decode_enqueue ch=3 frame=67 pts_us=2791666 inflight=2 max_inflight=8 queue=10
t=1831641036 rknn_infer ch=0 frame=67 lock_wait_us=0 rga_pre_us=1919 run_us=29412 outputs_get_us=2316 post_us=551 release_us=1 total_us=34218 boxes=0
t=1831641036 model_output model=yolo ch=0 frame=67 pending_after=6 boxes=0
t=1831641036 rknn_infer ch=1 frame=65 lock_wait_us=3784 rga_pre_us=2000 run_us=32261 outputs_get_us=3153 post_us=798 release_us=2 total_us=42021 boxes=0
t=1831641036 model_output model=yolo ch=1 frame=65 pending_after=5 boxes=0
t=1831641036 agg_first_result model=yolo ch=0 frame=67
t=1831641036 agg_add model=yolo ch=0 frame=67 results=1 boxes=0 first=1
t=1831641036 agg_publish ch=0 frame=67 partial=0 ready=1 results=1 models=yolo has_face=0 face_boxes=0 yolo_boxes=0 waited_ms=0
t=1831641037 mosaic_e2e_age_ms ch0=285 ch1=217 ch2=281 ch3=254 frame=61,61,61,61
t=1831641037 mosaic_pts_select target_pts=2541626 selected_pts=2541666,2541666,2541666,2541666 selected_frame=61,61,61,61
t=1831641040 rknn_infer ch=2 frame=67 lock_wait_us=0 rga_pre_us=1997 run_us=30289 outputs_get_us=2023 post_us=590 release_us=2 total_us=34925 boxes=0
t=1831641040 model_output model=yolo ch=2 frame=67 pending_after=4 boxes=0
t=1831641041 mosaic_submit ch=0 frame=67 pts_us=2791666 partial=0 results=1 has_face=0 face_boxes=0 yolo_boxes=0
t=1831641041 agg_first_result model=yolo ch=1 frame=65
t=1831641041 agg_add model=yolo ch=1 frame=65 results=1 boxes=0 first=1
t=1831641041 agg_publish ch=1 frame=65 partial=0 ready=1 results=1 models=yolo has_face=0 face_boxes=0 yolo_boxes=0 waited_ms=0
t=1831641041 mosaic_submit ch=1 frame=65 pts_us=2708333 partial=0 results=1 has_face=0 face_boxes=0 yolo_boxes=0
t=1831641042 agg_first_result model=yolo ch=2 frame=67
t=1831641042 agg_add model=yolo ch=2 frame=67 results=1 boxes=0 first=1
t=1831641042 agg_publish ch=2 frame=67 partial=0 ready=1 results=1 models=yolo has_face=0 face_boxes=0 yolo_boxes=0 waited_ms=0
t=1831641042 mosaic_rtsp_handoff packet=61 compose_to_encode_ms=4 compose_to_rtsp_ms=5 rtsp_push_ms=1 ok=1
t=1831641042 mosaic_submit ch=2 frame=67 pts_us=2791666 partial=0 results=1 has_face=0 face_boxes=0 yolo_boxes=0
t=1831641043 model_submit model=yolo ch=0 frame=68 ok=1 pending_before=3 pending_after=4
t=1831641043 decode_enqueue ch=0 frame=68 pts_us=2833333 inflight=2 max_inflight=8 queue=8
t=1831641043 rknn_infer ch=3 frame=66 lock_wait_us=0 rga_pre_us=8382 run_us=38115 outputs_get_us=1972 post_us=591 release_us=2 total_us=49084 boxes=0
t=1831641043 model_output model=yolo ch=3 frame=66 pending_after=4 boxes=0
t=1831641043 agg_first_result model=yolo ch=3 frame=66
t=1831641043 agg_add model=yolo ch=3 frame=66 results=1 boxes=0 first=1
t=1831641044 rknn_infer ch=0 frame=66 lock_wait_us=0 rga_pre_us=2355 run_us=77798 outputs_get_us=501 post_us=3173 release_us=2 total_us=83846 boxes=0
t=1831641044 model_output model=face_yolo ch=0 frame=66 pending_after=4 boxes=0
t=1831641044 agg_add model=face_yolo ch=0 frame=66 results=2 boxes=0 first=0
t=1831641044 agg_publish ch=0 frame=66 partial=0 ready=1 results=2 models=yolo,face_yolo has_face=1 face_boxes=0 yolo_boxes=0 waited_ms=42
t=1831641044 mosaic_submit ch=0 frame=66 pts_us=2750000 partial=0 results=2 has_face=1 face_boxes=0 yolo_boxes=0
t=1831641046 model_submit model=yolo ch=2 frame=68 ok=1 pending_before=3 pending_after=4
t=1831641047 decode_enqueue ch=2 frame=68 pts_us=2833333 inflight=2 max_inflight=8 queue=7
t=1831641070 model_submit model=yolo ch=1 frame=67 ok=1 pending_before=4 pending_after=5
t=1831641070 decode_enqueue ch=1 frame=67 pts_us=2791666 inflight=2 max_inflight=8 queue=8
t=1831641074 model_submit model=yolo ch=3 frame=68 ok=1 pending_before=5 pending_after=6
t=1831641074 decode_enqueue ch=3 frame=68 pts_us=2833333 inflight=3 max_inflight=8 queue=9
t=1831641078 rknn_infer ch=1 frame=66 lock_wait_us=2 rga_pre_us=7634 run_us=32078 outputs_get_us=2218 post_us=553 release_us=1 total_us=42510 boxes=0
t=1831641078 model_output model=yolo ch=1 frame=66 pending_after=6 boxes=0
t=1831641079 mosaic_e2e_age_ms ch0=285 ch1=217 ch2=282 ch3=254 frame=62,62,62,62
t=1831641079 agg_first_result model=yolo ch=1 frame=66
t=1831641079 agg_add model=yolo ch=1 frame=66 results=1 boxes=0 first=1
t=1831641079 mosaic_pts_select target_pts=2583292 selected_pts=2583333,2583333,2583333,2583333 selected_frame=62,62,62,62
t=1831641080 rknn_infer ch=3 frame=67 lock_wait_us=7120 rga_pre_us=2006 run_us=31447 outputs_get_us=2920 post_us=681 release_us=3 total_us=44201 boxes=0
t=1831641080 model_output model=yolo ch=3 frame=67 pending_after=5 boxes=0
t=1831641081 agg_first_result model=yolo ch=3 frame=67
t=1831641081 agg_add model=yolo ch=3 frame=67 results=1 boxes=0 first=1
t=1831641081 agg_publish ch=3 frame=67 partial=0 ready=1 results=1 models=yolo has_face=0 face_boxes=0 yolo_boxes=0 waited_ms=0
t=1831641082 rknn_infer ch=0 frame=68 lock_wait_us=0 rga_pre_us=2181 run_us=33505 outputs_get_us=2141 post_us=552 release_us=1 total_us=38403 boxes=0
t=1831641082 model_output model=yolo ch=0 frame=68 pending_after=4 boxes=0
t=1831641083 mosaic_submit ch=3 frame=67 pts_us=2791666 partial=0 results=1 has_face=0 face_boxes=0 yolo_boxes=0
t=1831641083 agg_first_result model=yolo ch=0 frame=68
t=1831641083 agg_add model=yolo ch=0 frame=68 results=1 boxes=0 first=1
t=1831641083 agg_publish ch=0 frame=68 partial=0 ready=1 results=1 models=yolo has_face=0 face_boxes=0 yolo_boxes=0 waited_ms=0
t=1831641083 mosaic_submit ch=0 frame=68 pts_us=2833333 partial=0 results=1 has_face=0 face_boxes=0 yolo_boxes=0
t=1831641083 mosaic_rtsp_handoff packet=62 compose_to_encode_ms=4 compose_to_rtsp_ms=4 rtsp_push_ms=0 ok=1
t=1831641085 model_submit model=yolo ch=0 frame=69 ok=1 pending_before=3 pending_after=4
t=1831641085 model_submit model=face_yolo ch=0 frame=69 ok=1 pending_before=3 pending_after=4
t=1831641085 decode_enqueue ch=0 frame=69 pts_us=2875000 inflight=1 max_inflight=8 queue=8
t=1831641085 rknn_infer ch=2 frame=68 lock_wait_us=0 rga_pre_us=1819 run_us=33943 outputs_get_us=2439 post_us=555 release_us=1 total_us=38782 boxes=0
t=1831641085 model_output model=yolo ch=2 frame=68 pending_after=4 boxes=0
t=1831641085 agg_first_result model=yolo ch=2 frame=68
t=1831641085 agg_add model=yolo ch=2 frame=68 results=1 boxes=0 first=1
t=1831641086 agg_publish ch=2 frame=68 partial=0 ready=1 results=1 models=yolo has_face=0 face_boxes=0 yolo_boxes=0 waited_ms=0
t=1831641086 mosaic_submit ch=2 frame=68 pts_us=2833333 partial=0 results=1 has_face=0 face_boxes=0 yolo_boxes=0
t=1831641088 model_submit model=yolo ch=2 frame=69 ok=1 pending_before=3 pending_after=4
t=1831641088 model_submit model=face_yolo ch=2 frame=69 ok=1 pending_before=4 pending_after=5
t=1831641088 decode_enqueue ch=2 frame=69 pts_us=2875000 inflight=2 max_inflight=8 queue=9
t=1831641092 rknn_infer ch=2 frame=66 lock_wait_us=3705 rga_pre_us=1877 run_us=83403 outputs_get_us=387 post_us=871 release_us=0 total_us=90257 boxes=0
t=1831641092 model_output model=face_yolo ch=2 frame=66 pending_after=5 boxes=0
t=1831641092 agg_add model=face_yolo ch=2 frame=66 results=2 boxes=0 first=0
t=1831641092 agg_publish ch=2 frame=66 partial=0 ready=1 results=2 models=yolo,face_yolo has_face=1 face_boxes=0 yolo_boxes=0 waited_ms=92
t=1831641092 mosaic_submit ch=2 frame=66 pts_us=2750000 partial=0 results=2 has_face=1 face_boxes=0 yolo_boxes=0
t=1831641096 rknn_infer ch=3 frame=66 lock_wait_us=0 rga_pre_us=2114 run_us=85619 outputs_get_us=530 post_us=1924 release_us=1 total_us=90207 boxes=0
t=1831641096 model_output model=face_yolo ch=3 frame=66 pending_after=4 boxes=0
t=1831641096 agg_add model=face_yolo ch=3 frame=66 results=2 boxes=0 first=0
t=1831641096 agg_publish ch=3 frame=66 partial=0 ready=1 results=2 models=yolo,face_yolo has_face=1 face_boxes=0 yolo_boxes=0 waited_ms=52
t=1831641096 mosaic_submit ch=3 frame=66 pts_us=2750000 partial=0 results=2 has_face=1 face_boxes=0 yolo_boxes=0
t=1831641111 model_submit model=yolo ch=1 frame=68 ok=1 pending_before=4 pending_after=5
t=1831641111 decode_enqueue ch=1 frame=68 pts_us=2833333 inflight=3 max_inflight=8 queue=8
t=1831641116 model_submit model=yolo ch=3 frame=69 ok=1 pending_before=5 pending_after=6
t=1831641116 model_submit model=face_yolo ch=3 frame=69 ok=1 pending_before=3 pending_after=4
t=1831641116 decode_enqueue ch=3 frame=69 pts_us=2875000 inflight=2 max_inflight=8 queue=10
t=1831641118 rknn_infer ch=3 frame=68 lock_wait_us=0 rga_pre_us=2135 run_us=31385 outputs_get_us=3406 post_us=698 release_us=2 total_us=37651 boxes=0
t=1831641119 model_output model=yolo ch=3 frame=68 pending_after=6 boxes=0
t=1831641119 rknn_infer ch=2 frame=69 lock_wait_us=0 rga_pre_us=1879 run_us=24984 outputs_get_us=2750 post_us=695 release_us=1 total_us=30325 boxes=0
t=1831641119 model_output model=yolo ch=2 frame=69 pending_after=5 boxes=0
t=1831641119 agg_first_result model=yolo ch=3 frame=68
t=1831641119 agg_add model=yolo ch=3 frame=68 results=1 boxes=0 first=1
t=1831641119 agg_publish ch=3 frame=68 partial=0 ready=1 results=1 models=yolo has_face=0 face_boxes=0 yolo_boxes=0 waited_ms=0
t=1831641120 mosaic_e2e_age_ms ch0=286 ch1=217 ch2=282 ch3=254 frame=63,63,63,63
t=1831641120 mosaic_pts_select target_pts=2624958 selected_pts=2625000,2625000,2625000,2625000 selected_frame=63,63,63,63
t=1831641122 rknn_infer ch=1 frame=67 lock_wait_us=0 rga_pre_us=8563 run_us=32133 outputs_get_us=2080 post_us=552 release_us=1 total_us=43352 boxes=0
t=1831641122 model_output model=yolo ch=1 frame=67 pending_after=4 boxes=0
t=1831641124 mosaic_submit ch=3 frame=68 pts_us=2833333 partial=0 results=1 has_face=0 face_boxes=0 yolo_boxes=0
t=1831641125 agg_first_result model=yolo ch=2 frame=69
t=1831641125 agg_add model=yolo ch=2 frame=69 results=1 boxes=0 first=1
t=1831641125 agg_first_result model=yolo ch=1 frame=67
t=1831641125 agg_add model=yolo ch=1 frame=67 results=1 boxes=0 first=1
t=1831641125 agg_publish ch=1 frame=67 partial=0 ready=1 results=1 models=yolo has_face=0 face_boxes=0 yolo_boxes=0 waited_ms=0
t=1831641125 mosaic_submit ch=1 frame=67 pts_us=2791666 partial=0 results=1 has_face=0 face_boxes=0 yolo_boxes=0
t=1831641125 mosaic_rtsp_handoff packet=63 compose_to_encode_ms=4 compose_to_rtsp_ms=5 rtsp_push_ms=1 ok=1
t=1831641125 rknn_infer ch=0 frame=69 lock_wait_us=0 rga_pre_us=1893 run_us=35088 outputs_get_us=2053 post_us=555 release_us=1 total_us=39611 boxes=0
t=1831641125 model_output model=yolo ch=0 frame=69 pending_after=3 boxes=0
t=1831641125 agg_first_result model=yolo ch=0 frame=69
t=1831641125 agg_add model=yolo ch=0 frame=69 results=1 boxes=0 first=1
t=1831641126 model_submit model=yolo ch=0 frame=70 ok=1 pending_before=2 pending_after=3
t=1831641126 decode_enqueue ch=0 frame=70 pts_us=2916666 inflight=2 max_inflight=8 queue=7
t=1831641129 rknn_infer ch=1 frame=66 lock_wait_us=0 rga_pre_us=1781 run_us=80554 outputs_get_us=538 post_us=1919 release_us=1 total_us=84819 boxes=0
t=1831641129 model_output model=face_yolo ch=1 frame=66 pending_after=4 boxes=0
t=1831641129 agg_add model=face_yolo ch=1 frame=66 results=2 boxes=0 first=0
t=1831641130 agg_publish ch=1 frame=66 partial=0 ready=1 results=2 models=yolo,face_yolo has_face=1 face_boxes=0 yolo_boxes=0 waited_ms=50
t=1831641130 mosaic_submit ch=1 frame=66 pts_us=2750000 partial=0 results=2 has_face=1 face_boxes=0 yolo_boxes=0
t=1831641130 model_submit model=yolo ch=2 frame=70 ok=1 pending_before=3 pending_after=4
t=1831641130 decode_enqueue ch=2 frame=70 pts_us=2916666 inflight=2 max_inflight=8 queue=7
t=1831641153 model_submit model=yolo ch=1 frame=69 ok=1 pending_before=4 pending_after=5
t=1831641153 model_submit model=face_yolo ch=1 frame=69 ok=1 pending_before=3 pending_after=4
t=1831641153 decode_enqueue ch=1 frame=69 pts_us=2875000 inflight=2 max_inflight=8 queue=9
t=1831641157 model_submit model=yolo ch=3 frame=70 ok=1 pending_before=5 pending_after=6
t=1831641158 decode_enqueue ch=3 frame=70 pts_us=2916666 inflight=2 max_inflight=8 queue=10
t=1831641160 rknn_infer ch=0 frame=70 lock_wait_us=0 rga_pre_us=2247 run_us=28680 outputs_get_us=2194 post_us=657 release_us=2 total_us=33806 boxes=0
t=1831641160 model_output model=yolo ch=0 frame=70 pending_after=6 boxes=0
t=1831641160 rknn_infer ch=1 frame=68 lock_wait_us=3338 rga_pre_us=2151 run_us=32099 outputs_get_us=3305 post_us=648 release_us=2 total_us=41560 boxes=0
t=1831641160 agg_first_result model=yolo ch=0 frame=70
t=1831641160 agg_add model=yolo ch=0 frame=70 results=1 boxes=0 first=1
t=1831641161 agg_publish ch=0 frame=70 partial=0 ready=1 results=1 models=yolo has_face=0 face_boxes=0 yolo_boxes=0 waited_ms=0
t=1831641161 model_output model=yolo ch=1 frame=68 pending_after=5 boxes=0
t=1831641163 mosaic_e2e_age_ms ch0=286 ch1=218 ch2=282 ch3=255 frame=64,64,64,64
t=1831641163 mosaic_pts_select target_pts=2666624 selected_pts=2666666,2666666,2666666,2666666 selected_frame=64,64,64,64
t=1831641164 rknn_infer ch=2 frame=70 lock_wait_us=0 rga_pre_us=1937 run_us=29840 outputs_get_us=2086 post_us=551 release_us=1 total_us=34436 boxes=0
t=1831641164 model_output model=yolo ch=2 frame=70 pending_after=4 boxes=0
t=1831641168 rknn_infer ch=3 frame=69 lock_wait_us=0 rga_pre_us=2004 run_us=37615 outputs_get_us=2009 post_us=554 release_us=1 total_us=42209 boxes=0
t=1831641168 mosaic_submit ch=0 frame=70 pts_us=2916666 partial=0 results=1 has_face=0 face_boxes=0 yolo_boxes=0
t=1831641168 agg_first_result model=yolo ch=1 frame=68
t=1831641168 agg_add model=yolo ch=1 frame=68 results=1 boxes=0 first=1
t=1831641168 model_output model=yolo ch=3 frame=69 pending_after=3 boxes=0
t=1831641168 agg_publish ch=1 frame=68 partial=0 ready=1 results=1 models=yolo has_face=0 face_boxes=0 yolo_boxes=0 waited_ms=0
t=1831641168 mosaic_submit ch=1 frame=68 pts_us=2833333 partial=0 results=1 has_face=0 face_boxes=0 yolo_boxes=0
t=1831641168 model_submit model=yolo ch=0 frame=71 ok=1 pending_before=3 pending_after=3
t=1831641168 decode_enqueue ch=0 frame=71 pts_us=2958333 inflight=2 max_inflight=8 queue=7
t=1831641168 agg_first_result model=yolo ch=2 frame=70
t=1831641168 agg_add model=yolo ch=2 frame=70 results=1 boxes=0 first=1
t=1831641168 agg_publish ch=2 frame=70 partial=0 ready=1 results=1 models=yolo has_face=0 face_boxes=0 yolo_boxes=0 waited_ms=0
t=1831641168 mosaic_submit ch=2 frame=70 pts_us=2916666 partial=0 results=1 has_face=0 face_boxes=0 yolo_boxes=0
t=1831641169 mosaic_rtsp_handoff packet=64 compose_to_encode_ms=5 compose_to_rtsp_ms=5 rtsp_push_ms=0 ok=1
t=1831641169 agg_first_result model=yolo ch=3 frame=69
t=1831641169 agg_add model=yolo ch=3 frame=69 results=1 boxes=0 first=1
t=1831641172 model_submit model=yolo ch=2 frame=71 ok=1 pending_before=3 pending_after=4
t=1831641172 decode_enqueue ch=2 frame=71 pts_us=2958333 inflight=2 max_inflight=8 queue=8
t=1831641177 rknn_infer ch=0 frame=69 lock_wait_us=0 rga_pre_us=1812 run_us=82173 outputs_get_us=273 post_us=700 release_us=0 total_us=84972 boxes=0
t=1831641177 model_output model=face_yolo ch=0 frame=69 pending_after=4 boxes=0
t=1831641177 agg_add model=face_yolo ch=0 frame=69 results=2 boxes=0 first=0
t=1831641178 agg_publish ch=0 frame=69 partial=0 ready=1 results=2 models=yolo,face_yolo has_face=1 face_boxes=0 yolo_boxes=0 waited_ms=52
t=1831641178 mosaic_submit ch=0 frame=69 pts_us=2875000 partial=0 results=2 has_face=1 face_boxes=0 yolo_boxes=0
t=1831641195 model_submit model=yolo ch=1 frame=70 ok=1 pending_before=4 pending_after=5
t=1831641195 decode_enqueue ch=1 frame=70 pts_us=2916666 inflight=2 max_inflight=8 queue=8
t=1831641199 model_submit model=yolo ch=3 frame=71 ok=1 pending_before=5 pending_after=6
t=1831641199 decode_enqueue ch=3 frame=71 pts_us=2958333 inflight=3 max_inflight=8 queue=9
t=1831641201 rknn_infer ch=2 frame=69 lock_wait_us=0 rga_pre_us=1910 run_us=96088 outputs_get_us=1091 post_us=5691 release_us=2 total_us=104814 boxes=0
t=1831641201 model_output model=face_yolo ch=2 frame=69 pending_after=3 boxes=0
t=1831641203 mosaic_e2e_age_ms ch0=285 ch1=217 ch2=282 ch3=254 frame=65,65,65,65
t=1831641203 mosaic_pts_select target_pts=2708290 selected_pts=2708333,2708333,2708333,2708333 selected_frame=65,65,65,65
t=1831641204 rknn_infer ch=1 frame=69 lock_wait_us=201 rga_pre_us=7112 run_us=33836 outputs_get_us=2352 post_us=556 release_us=2 total_us=44085 boxes=0
t=1831641205 model_output model=yolo ch=1 frame=69 pending_after=6 boxes=0
t=1831641205 agg_first_result model=yolo ch=1 frame=69
t=1831641205 agg_add model=yolo ch=1 frame=69 results=1 boxes=0 first=1
t=1831641206 rknn_infer ch=3 frame=70 lock_wait_us=7014 rga_pre_us=2054 run_us=32975 outputs_get_us=2757 post_us=605 release_us=1 total_us=45445 boxes=0
t=1831641206 model_output model=yolo ch=3 frame=70 pending_after=5 boxes=0
t=1831641206 agg_first_result model=yolo ch=3 frame=70
t=1831641206 agg_add model=yolo ch=3 frame=70 results=1 boxes=0 first=1
t=1831641206 agg_publish ch=3 frame=70 partial=0 ready=1 results=1 models=yolo has_face=0 face_boxes=0 yolo_boxes=0 waited_ms=0
t=1831641208 mosaic_submit ch=3 frame=70 pts_us=2916666 partial=0 results=1 has_face=0 face_boxes=0 yolo_boxes=0
t=1831641209 agg_add model=face_yolo ch=2 frame=69 results=2 boxes=0 first=0
t=1831641209 agg_publish ch=2 frame=69 partial=0 ready=1 results=2 models=yolo,face_yolo has_face=1 face_boxes=0 yolo_boxes=0 waited_ms=84
t=1831641209 mosaic_submit ch=2 frame=69 pts_us=2875000 partial=0 results=2 has_face=1 face_boxes=0 yolo_boxes=0
t=1831641210 model_submit model=yolo ch=0 frame=72 ok=1 pending_before=4 pending_after=5
t=1831641210 model_submit model=face_yolo ch=0 frame=72 ok=1 pending_before=2 pending_after=3
t=1831641210 decode_enqueue ch=0 frame=72 pts_us=3000000 inflight=2 max_inflight=8 queue=8
t=1831641212 rknn_infer ch=2 frame=71 lock_wait_us=0 rga_pre_us=1863 run_us=34893 outputs_get_us=2916 post_us=562 release_us=1 total_us=40266 boxes=0
t=1831641212 model_output model=yolo ch=2 frame=71 pending_after=5 boxes=0
t=1831641212 agg_first_result model=yolo ch=2 frame=71
t=1831641212 agg_add model=yolo ch=2 frame=71 results=1 boxes=0 first=1
t=1831641212 agg_publish ch=2 frame=71 partial=0 ready=1 results=1 models=yolo has_face=0 face_boxes=0 yolo_boxes=0 waited_ms=0
t=1831641212 mosaic_submit ch=2 frame=71 pts_us=2958333 partial=0 results=1 has_face=0 face_boxes=0 yolo_boxes=0
t=1831641212 rknn_infer ch=0 frame=71 lock_wait_us=0 rga_pre_us=1879 run_us=35166 outputs_get_us=2182 post_us=554 release_us=1 total_us=39805 boxes=0
t=1831641213 rknn_infer ch=3 frame=69 lock_wait_us=0 rga_pre_us=1962 run_us=74132 outputs_get_us=464 post_us=1987 release_us=1 total_us=78559 boxes=0
t=1831641213 model_output model=face_yolo ch=3 frame=69 pending_after=3 boxes=0
t=1831641213 model_output model=yolo ch=0 frame=71 pending_after=4 boxes=0
t=1831641213 mosaic_rtsp_handoff packet=65 compose_to_encode_ms=5 compose_to_rtsp_ms=5 rtsp_push_ms=0 ok=1
t=1831641213 model_submit model=yolo ch=2 frame=72 ok=1 pending_before=3 pending_after=4
t=1831641213 model_submit model=face_yolo ch=2 frame=72 ok=1 pending_before=2 pending_after=3
t=1831641213 decode_enqueue ch=2 frame=72 pts_us=3000000 inflight=1 max_inflight=8 queue=7
t=1831641214 agg_add model=face_yolo ch=3 frame=69 results=2 boxes=0 first=0
t=1831641214 agg_publish ch=3 frame=69 partial=0 ready=1 results=2 models=yolo,face_yolo has_face=1 face_boxes=0 yolo_boxes=0 waited_ms=45
t=1831641214 mosaic_submit ch=3 frame=69 pts_us=2875000 partial=0 results=2 has_face=1 face_boxes=0 yolo_boxes=0
t=1831641214 agg_first_result model=yolo ch=0 frame=71
t=1831641214 agg_add model=yolo ch=0 frame=71 results=1 boxes=0 first=1
t=1831641214 agg_publish ch=0 frame=71 partial=0 ready=1 results=1 models=yolo has_face=0 face_boxes=0 yolo_boxes=0 waited_ms=0
t=1831641214 mosaic_submit ch=0 frame=71 pts_us=2958333 partial=0 results=1 has_face=0 face_boxes=0 yolo_boxes=0
t=1831641236 model_submit model=yolo ch=1 frame=71 ok=1 pending_before=4 pending_after=5
t=1831641237 decode_enqueue ch=1 frame=71 pts_us=2958333 inflight=3 max_inflight=8 queue=8
t=1831641241 model_submit model=yolo ch=3 frame=72 ok=1 pending_before=5 pending_after=6
t=1831641241 model_submit model=face_yolo ch=3 frame=72 ok=1 pending_before=3 pending_after=4
t=1831641241 decode_enqueue ch=3 frame=72 pts_us=3000000 inflight=2 max_inflight=8 queue=10
t=1831641243 rknn_infer ch=3 frame=71 lock_wait_us=0 rga_pre_us=2051 run_us=31662 outputs_get_us=2471 post_us=592 release_us=2 total_us=36805 boxes=0
t=1831641243 model_output model=yolo ch=3 frame=71 pending_after=6 boxes=0
t=1831641243 agg_first_result model=yolo ch=3 frame=71
t=1831641243 agg_add model=yolo ch=3 frame=71 results=1 boxes=0 first=1
t=1831641244 agg_publish ch=3 frame=71 partial=0 ready=1 results=1 models=yolo has_face=0 face_boxes=0 yolo_boxes=0 waited_ms=0
t=1831641246 mosaic_e2e_age_ms ch0=286 ch1=217 ch2=282 ch3=254 frame=66,66,66,66
t=1831641246 mosaic_pts_select target_pts=2749956 selected_pts=2750000,2750000,2750000,2750000 selected_frame=66,66,66,66
t=1831641251 mosaic_submit ch=3 frame=71 pts_us=2958333 partial=0 results=1 has_face=0 face_boxes=0 yolo_boxes=0
t=1831641251 model_submit model=yolo ch=0 frame=73 ok=1 pending_before=5 pending_after=6
t=1831641251 decode_enqueue ch=0 frame=73 pts_us=3041666 inflight=2 max_inflight=8 queue=10
t=1831641253 rknn_infer ch=1 frame=69 lock_wait_us=0 rga_pre_us=1979 run_us=72680 outputs_get_us=245 post_us=588 release_us=0 total_us=75506 boxes=0
t=1831641253 model_output model=face_yolo ch=1 frame=69 pending_after=4 boxes=0
t=1831641253 agg_add model=face_yolo ch=1 frame=69 results=2 boxes=0 first=0
t=1831641253 agg_publish ch=1 frame=69 partial=0 ready=1 results=2 models=yolo,face_yolo has_face=1 face_boxes=0 yolo_boxes=0 waited_ms=48
t=1831641253 mosaic_submit ch=1 frame=69 pts_us=2875000 partial=0 results=2 has_face=1 face_boxes=0 yolo_boxes=0
t=1831641255 model_submit model=yolo ch=2 frame=73 ok=1 pending_before=6 pending_after=7
t=1831641255 decode_enqueue ch=2 frame=73 pts_us=3041666 inflight=2 max_inflight=8 queue=10
t=1831641257 rknn_infer ch=1 frame=70 lock_wait_us=0 rga_pre_us=9044 run_us=39786 outputs_get_us=2445 post_us=590 release_us=2 total_us=51891 boxes=0
t=1831641257 model_output model=yolo ch=1 frame=70 pending_after=7 boxes=0
t=1831641257 agg_first_result model=yolo ch=1 frame=70
t=1831641257 agg_add model=yolo ch=1 frame=70 results=1 boxes=0 first=1
t=1831641257 agg_publish ch=1 frame=70 partial=0 ready=1 results=1 models=yolo has_face=0 face_boxes=0 yolo_boxes=0 waited_ms=0
t=1831641257 mosaic_submit ch=1 frame=70 pts_us=2916666 partial=0 results=1 has_face=0 face_boxes=0 yolo_boxes=0
t=1831641259 mosaic_rtsp_handoff packet=66 compose_to_encode_ms=5 compose_to_rtsp_ms=13 rtsp_push_ms=8 ok=1
t=1831641267 rknn_infer ch=0 frame=72 lock_wait_us=433 rga_pre_us=1968 run_us=44390 outputs_get_us=8348 post_us=113 release_us=0 total_us=55268 boxes=0
t=1831641268 model_output model=yolo ch=0 frame=72 pending_after=6 boxes=0
t=1831641268 agg_first_result model=yolo ch=0 frame=72
t=1831641268 agg_add model=yolo ch=0 frame=72 results=1 boxes=0 first=1
t=1831641268 rknn_infer ch=2 frame=72 lock_wait_us=0 rga_pre_us=2122 run_us=45768 outputs_get_us=6876 post_us=114 release_us=0 total_us=54897 boxes=0
t=1831641268 model_output model=yolo ch=2 frame=72 pending_after=5 boxes=0
t=1831641268 agg_first_result model=yolo ch=2 frame=72
t=1831641268 agg_add model=yolo ch=2 frame=72 results=1 boxes=0 first=1
t=1831641278 model_submit model=yolo ch=1 frame=72 ok=1 pending_before=4 pending_after=5
t=1831641278 model_submit model=face_yolo ch=1 frame=72 ok=1 pending_before=3 pending_after=4
t=1831641278 decode_enqueue ch=1 frame=72 pts_us=3000000 inflight=2 max_inflight=8 queue=9
t=1831641282 model_submit model=yolo ch=3 frame=73 ok=1 pending_before=5 pending_after=6
t=1831641282 decode_enqueue ch=3 frame=73 pts_us=3041666 inflight=2 max_inflight=8 queue=10
t=1831641287 mosaic_e2e_age_ms ch0=285 ch1=217 ch2=281 ch3=254 frame=67,67,67,67
t=1831641287 mosaic_pts_select target_pts=2791622 selected_pts=2791666,2791666,2791666,2791666 selected_frame=67,67,67,67
t=1831641293 mosaic_rtsp_handoff packet=67 compose_to_encode_ms=4 compose_to_rtsp_ms=6 rtsp_push_ms=2 ok=1
t=1831641293 model_submit model=yolo ch=0 frame=74 ok=1 pending_before=6 pending_after=7
t=1831641293 decode_enqueue ch=0 frame=74 pts_us=3083333 inflight=3 max_inflight=8 queue=11
t=1831641295 rknn_infer ch=2 frame=73 lock_wait_us=0 rga_pre_us=1815 run_us=22998 outputs_get_us=1679 post_us=212 release_us=2 total_us=26727 boxes=0
t=1831641295 model_output model=yolo ch=2 frame=73 pending_after=7 boxes=0
t=1831641295 agg_first_result model=yolo ch=2 frame=73
t=1831641295 agg_add model=yolo ch=2 frame=73 results=1 boxes=0 first=1
t=1831641295 agg_publish ch=2 frame=73 partial=0 ready=1 results=1 models=yolo has_face=0 face_boxes=0 yolo_boxes=0 waited_ms=0
t=1831641295 mosaic_submit ch=2 frame=73 pts_us=3041666 partial=0 results=1 has_face=0 face_boxes=0 yolo_boxes=0
t=1831641296 rknn_infer ch=3 frame=72 lock_wait_us=0 rga_pre_us=2735 run_us=32836 outputs_get_us=2986 post_us=610 release_us=2 total_us=39192 boxes=0
t=1831641296 rknn_infer ch=1 frame=71 lock_wait_us=13349 rga_pre_us=1910 run_us=33963 outputs_get_us=2923 post_us=557 release_us=2 total_us=52723 boxes=0
t=1831641296 model_output model=yolo ch=1 frame=71 pending_after=6 boxes=0
t=1831641296 model_submit model=yolo ch=2 frame=74 ok=1 pending_before=5 pending_after=6
t=1831641296 decode_enqueue ch=2 frame=74 pts_us=3083333 inflight=2 max_inflight=8 queue=10
t=1831641297 agg_first_result model=yolo ch=1 frame=71
t=1831641297 agg_add model=yolo ch=1 frame=71 results=1 boxes=0 first=1
t=1831641297 agg_publish ch=1 frame=71 partial=0 ready=1 results=1 models=yolo has_face=0 face_boxes=0 yolo_boxes=0 waited_ms=0
t=1831641297 mosaic_submit ch=1 frame=71 pts_us=2958333 partial=0 results=1 has_face=0 face_boxes=0 yolo_boxes=0
t=1831641297 rknn_infer ch=0 frame=73 lock_wait_us=0 rga_pre_us=2204 run_us=25687 outputs_get_us=1202 post_us=207 release_us=0 total_us=29318 boxes=0
t=1831641297 model_output model=yolo ch=3 frame=72 pending_after=6 boxes=0
t=1831641297 agg_first_result model=yolo ch=3 frame=72
t=1831641297 agg_add model=yolo ch=3 frame=72 results=1 boxes=0 first=1
t=1831641297 model_output model=yolo ch=0 frame=73 pending_after=6 boxes=0
t=1831641297 agg_first_result model=yolo ch=0 frame=73
t=1831641297 agg_add model=yolo ch=0 frame=73 results=1 boxes=0 first=1
t=1831641297 agg_publish ch=0 frame=73 partial=0 ready=1 results=1 models=yolo has_face=0 face_boxes=0 yolo_boxes=0 waited_ms=0
t=1831641297 mosaic_submit ch=0 frame=73 pts_us=3041666 partial=0 results=1 has_face=0 face_boxes=0 yolo_boxes=0
t=1831641304 rknn_infer ch=0 frame=72 lock_wait_us=0 rga_pre_us=2262 run_us=89975 outputs_get_us=516 post_us=1840 release_us=1 total_us=94623 boxes=0
t=1831641305 model_output model=face_yolo ch=0 frame=72 pending_after=4 boxes=0
t=1831641305 agg_add model=face_yolo ch=0 frame=72 results=2 boxes=0 first=0
t=1831641305 agg_publish ch=0 frame=72 partial=0 ready=1 results=2 models=yolo,face_yolo has_face=1 face_boxes=0 yolo_boxes=0 waited_ms=37
t=1831641305 mosaic_submit ch=0 frame=72 pts_us=3000000 partial=0 results=2 has_face=1 face_boxes=0 yolo_boxes=0
t=1831641316 rknn_infer ch=2 frame=72 lock_wait_us=0 rga_pre_us=2193 run_us=96786 outputs_get_us=488 post_us=3250 release_us=1 total_us=102742 boxes=0
t=1831641316 model_output model=face_yolo ch=2 frame=72 pending_after=3 boxes=0
t=1831641316 agg_add model=face_yolo ch=2 frame=72 results=2 boxes=0 first=0
t=1831641317 agg_publish ch=2 frame=72 partial=0 ready=1 results=2 models=yolo,face_yolo has_face=1 face_boxes=0 yolo_boxes=0 waited_ms=48
t=1831641317 mosaic_submit ch=2 frame=72 pts_us=3000000 partial=0 results=2 has_face=1 face_boxes=0 yolo_boxes=0
t=1831641320 model_submit model=yolo ch=1 frame=73 ok=1 pending_before=4 pending_after=5
t=1831641320 decode_enqueue ch=1 frame=73 pts_us=3041666 inflight=2 max_inflight=8 queue=7
t=1831641322 rknn_infer ch=3 frame=72 lock_wait_us=0 rga_pre_us=1869 run_us=64698 outputs_get_us=507 post_us=1819 release_us=1 total_us=68917 boxes=0
t=1831641322 model_output model=face_yolo ch=3 frame=72 pending_after=2 boxes=0
t=1831641322 agg_add model=face_yolo ch=3 frame=72 results=2 boxes=0 first=0
t=1831641322 agg_publish ch=3 frame=72 partial=0 ready=1 results=2 models=yolo,face_yolo has_face=1 face_boxes=0 yolo_boxes=0 waited_ms=25
t=1831641322 mosaic_submit ch=3 frame=72 pts_us=3000000 partial=0 results=2 has_face=1 face_boxes=0 yolo_boxes=0
t=1831641324 model_submit model=yolo ch=3 frame=74 ok=1 pending_before=5 pending_after=6
t=1831641324 decode_enqueue ch=3 frame=74 pts_us=3083333 inflight=2 max_inflight=8 queue=7
t=1831641329 mosaic_e2e_age_ms ch0=285 ch1=217 ch2=282 ch3=254 frame=68,68,68,68
t=1831641329 mosaic_pts_select target_pts=2833288 selected_pts=2833333,2833333,2833333,2833333 selected_frame=68,68,68,68
t=1831641332 rknn_infer ch=3 frame=73 lock_wait_us=0 rga_pre_us=2012 run_us=32167 outputs_get_us=1084 post_us=177 release_us=0 total_us=35459 boxes=0
t=1831641332 model_output model=yolo ch=3 frame=73 pending_after=6 boxes=0
t=1831641332 agg_first_result model=yolo ch=3 frame=73
t=1831641332 agg_add model=yolo ch=3 frame=73 results=1 boxes=0 first=1
t=1831641332 agg_publish ch=3 frame=73 partial=0 ready=1 results=1 models=yolo has_face=0 face_boxes=0 yolo_boxes=0 waited_ms=0
t=1831641334 rknn_infer ch=2 frame=74 lock_wait_us=0 rga_pre_us=1769 run_us=33161 outputs_get_us=1136 post_us=174 release_us=1 total_us=36259 boxes=0
t=1831641334 model_output model=yolo ch=2 frame=74 pending_after=5 boxes=0
t=1831641334 rknn_infer ch=1 frame=72 lock_wait_us=977 rga_pre_us=1818 run_us=33013 outputs_get_us=2511 post_us=599 release_us=2 total_us=38935 boxes=0
t=1831641334 model_output model=yolo ch=1 frame=72 pending_after=4 boxes=0
t=1831641335 model_submit model=yolo ch=0 frame=75 ok=1 pending_before=3 pending_after=4
t=1831641335 model_submit model=face_yolo ch=0 frame=75 ok=1 pending_before=1 pending_after=2
t=1831641335 decode_enqueue ch=0 frame=75 pts_us=3125000 inflight=2 max_inflight=8 queue=6
t=1831641335 rknn_infer ch=0 frame=74 lock_wait_us=0 rga_pre_us=2247 run_us=32666 outputs_get_us=2204 post_us=568 release_us=2 total_us=37701 boxes=0
t=1831641335 model_output model=yolo ch=0 frame=74 pending_after=4 boxes=0
t=1831641335 mosaic_submit ch=3 frame=73 pts_us=3041666 partial=0 results=1 has_face=0 face_boxes=0 yolo_boxes=0
t=1831641336 agg_first_result model=yolo ch=2 frame=74
t=1831641336 agg_add model=yolo ch=2 frame=74 results=1 boxes=0 first=1
t=1831641336 agg_publish ch=2 frame=74 partial=0 ready=1 results=1 models=yolo has_face=0 face_boxes=0 yolo_boxes=0 waited_ms=0
t=1831641336 mosaic_submit ch=2 frame=74 pts_us=3083333 partial=0 results=1 has_face=0 face_boxes=0 yolo_boxes=0
t=1831641336 agg_first_result model=yolo ch=1 frame=72
t=1831641336 agg_add model=yolo ch=1 frame=72 results=1 boxes=0 first=1
t=1831641336 agg_first_result model=yolo ch=0 frame=74
t=1831641336 agg_add model=yolo ch=0 frame=74 results=1 boxes=0 first=1
t=1831641336 agg_publish ch=0 frame=74 partial=0 ready=1 results=1 models=yolo has_face=0 face_boxes=0 yolo_boxes=0 waited_ms=0
t=1831641336 mosaic_submit ch=0 frame=74 pts_us=3083333 partial=0 results=1 has_face=0 face_boxes=0 yolo_boxes=0
t=1831641336 mosaic_rtsp_handoff packet=68 compose_to_encode_ms=6 compose_to_rtsp_ms=7 rtsp_push_ms=1 ok=1
t=1831641338 model_submit model=yolo ch=2 frame=75 ok=1 pending_before=3 pending_after=4
t=1831641338 model_submit model=face_yolo ch=2 frame=75 ok=1 pending_before=2 pending_after=3
t=1831641338 decode_enqueue ch=2 frame=75 pts_us=3125000 inflight=1 max_inflight=8 queue=7
t=1831641361 model_submit model=yolo ch=1 frame=74 ok=1 pending_before=4 pending_after=5
t=1831641361 decode_enqueue ch=1 frame=74 pts_us=3083333 inflight=3 max_inflight=8 queue=8
t=1831641365 rknn_infer ch=1 frame=72 lock_wait_us=0 rga_pre_us=1929 run_us=56100 outputs_get_us=601 post_us=1813 release_us=1 total_us=60466 boxes=0
t=1831641365 model_output model=face_yolo ch=1 frame=72 pending_after=3 boxes=0
t=1831641366 agg_add model=face_yolo ch=1 frame=72 results=2 boxes=0 first=0
t=1831641366 agg_publish ch=1 frame=72 partial=0 ready=1 results=2 models=yolo,face_yolo has_face=1 face_boxes=0 yolo_boxes=0 waited_ms=29
t=1831641366 model_submit model=yolo ch=3 frame=75 ok=1 pending_before=5 pending_after=6
t=1831641366 model_submit model=face_yolo ch=3 frame=75 ok=1 pending_before=2 pending_after=3
t=1831641366 decode_enqueue ch=3 frame=75 pts_us=3125000 inflight=2 max_inflight=8 queue=9
t=1831641370 mosaic_e2e_age_ms ch0=286 ch1=217 ch2=282 ch3=254 frame=69,69,69,69
t=1831641371 mosaic_pts_select target_pts=2874954 selected_pts=2875000,2875000,2875000,2875000 selected_frame=69,69,69,69
t=1831641371 rknn_infer ch=2 frame=75 lock_wait_us=0 rga_pre_us=1865 run_us=28035 outputs_get_us=2290 post_us=855 release_us=3 total_us=33074 boxes=0
t=1831641371 model_output model=yolo ch=2 frame=75 pending_after=6 boxes=0
t=1831641372 rknn_infer ch=0 frame=75 lock_wait_us=153 rga_pre_us=3225 run_us=30697 outputs_get_us=2452 post_us=598 release_us=1 total_us=37149 boxes=0
t=1831641372 model_output model=yolo ch=0 frame=75 pending_after=5 boxes=0
t=1831641372 rknn_infer ch=1 frame=73 lock_wait_us=2298 rga_pre_us=1808 run_us=33770 outputs_get_us=1966 post_us=442 release_us=1 total_us=40305 boxes=0
t=1831641372 model_output model=yolo ch=1 frame=73 pending_after=4 boxes=0
t=1831641373 rknn_infer ch=3 frame=74 lock_wait_us=0 rga_pre_us=1875 run_us=31928 outputs_get_us=5153 post_us=455 release_us=1 total_us=39430 boxes=0
t=1831641373 model_output model=yolo ch=3 frame=74 pending_after=3 boxes=0
t=1831641375 mosaic_submit ch=1 frame=72 pts_us=3000000 partial=0 results=2 has_face=1 face_boxes=0 yolo_boxes=0
t=1831641375 agg_first_result model=yolo ch=2 frame=75
t=1831641375 agg_add model=yolo ch=2 frame=75 results=1 boxes=0 first=1
t=1831641375 agg_first_result model=yolo ch=0 frame=75
t=1831641375 agg_add model=yolo ch=0 frame=75 results=1 boxes=0 first=1
t=1831641375 agg_first_result model=yolo ch=1 frame=73
t=1831641375 agg_add model=yolo ch=1 frame=73 results=1 boxes=0 first=1
t=1831641376 agg_publish ch=1 frame=73 partial=0 ready=1 results=1 models=yolo has_face=0 face_boxes=0 yolo_boxes=0 waited_ms=0
t=1831641376 mosaic_submit ch=1 frame=73 pts_us=3041666 partial=0 results=1 has_face=0 face_boxes=0 yolo_boxes=0
t=1831641376 agg_first_result model=yolo ch=3 frame=74
t=1831641376 agg_add model=yolo ch=3 frame=74 results=1 boxes=0 first=1
t=1831641376 mosaic_rtsp_handoff packet=69 compose_to_encode_ms=5 compose_to_rtsp_ms=6 rtsp_push_ms=1 ok=1
t=1831641376 agg_publish ch=3 frame=74 partial=0 ready=1 results=1 models=yolo has_face=0 face_boxes=0 yolo_boxes=0 waited_ms=0
t=1831641376 mosaic_submit ch=3 frame=74 pts_us=3083333 partial=0 results=1 has_face=0 face_boxes=0 yolo_boxes=0
t=1831641376 model_submit model=yolo ch=0 frame=76 ok=1 pending_before=2 pending_after=3
t=1831641376 decode_enqueue ch=0 frame=76 pts_us=3166666 inflight=2 max_inflight=8 queue=6
t=1831641380 model_submit model=yolo ch=2 frame=76 ok=1 pending_before=3 pending_after=4
t=1831641380 decode_enqueue ch=2 frame=76 pts_us=3166666 inflight=2 max_inflight=8 queue=7
t=1831641403 model_submit model=yolo ch=1 frame=75 ok=1 pending_before=4 pending_after=5
t=1831641403 model_submit model=face_yolo ch=1 frame=75 ok=1 pending_before=3 pending_after=4
t=1831641403 decode_enqueue ch=1 frame=75 pts_us=3125000 inflight=2 max_inflight=8 queue=9
t=1831641408 model_submit model=yolo ch=3 frame=76 ok=1 pending_before=5 pending_after=6
t=1831641408 decode_enqueue ch=3 frame=76 pts_us=3166666 inflight=2 max_inflight=8 queue=10
t=1831641410 rknn_infer ch=1 frame=74 lock_wait_us=1022 rga_pre_us=1882 run_us=32571 outputs_get_us=2854 post_us=555 release_us=2 total_us=38911 boxes=0
t=1831641411 model_output model=yolo ch=1 frame=74 pending_after=6 boxes=0
t=1831641411 rknn_infer ch=0 frame=76 lock_wait_us=0 rga_pre_us=1858 run_us=29831 outputs_get_us=1958 post_us=412 release_us=1 total_us=34082 boxes=0
t=1831641411 rknn_infer ch=3 frame=75 lock_wait_us=1115 rga_pre_us=1819 run_us=31867 outputs_get_us=3079 post_us=623 release_us=1 total_us=38520 boxes=0
t=1831641411 model_output model=yolo ch=3 frame=75 pending_after=5 boxes=0
t=1831641411 model_output model=yolo ch=0 frame=76 pending_after=5 boxes=0
t=1831641411 agg_first_result model=yolo ch=1 frame=74
t=1831641411 agg_add model=yolo ch=1 frame=74 results=1 boxes=0 first=1
t=1831641411 agg_publish ch=1 frame=74 partial=0 ready=1 results=1 models=yolo has_face=0 face_boxes=0 yolo_boxes=0 waited_ms=0
t=1831641412 mosaic_e2e_age_ms ch0=286 ch1=218 ch2=282 ch3=255 frame=70,70,70,70
t=1831641412 mosaic_pts_select target_pts=2916620 selected_pts=2916666,2916666,2916666,2916666 selected_frame=70,70,70,70
t=1831641413 rknn_infer ch=2 frame=76 lock_wait_us=1 rga_pre_us=1864 run_us=28784 outputs_get_us=2216 post_us=439 release_us=1 total_us=33328 boxes=0
t=1831641413 model_output model=yolo ch=2 frame=76 pending_after=3 boxes=0
t=1831641417 mosaic_submit ch=1 frame=74 pts_us=3083333 partial=0 results=1 has_face=0 face_boxes=0 yolo_boxes=0
t=1831641417 agg_first_result model=yolo ch=3 frame=75
t=1831641417 agg_add model=yolo ch=3 frame=75 results=1 boxes=0 first=1
t=1831641417 agg_first_result model=yolo ch=0 frame=76
t=1831641417 agg_add model=yolo ch=0 frame=76 results=1 boxes=0 first=1
t=1831641417 agg_publish ch=0 frame=76 partial=0 ready=1 results=1 models=yolo has_face=0 face_boxes=0 yolo_boxes=0 waited_ms=0
t=1831641417 mosaic_submit ch=0 frame=76 pts_us=3166666 partial=0 results=1 has_face=0 face_boxes=0 yolo_boxes=0
t=1831641418 agg_first_result model=yolo ch=2 frame=76
t=1831641418 mosaic_rtsp_handoff packet=70 compose_to_encode_ms=5 compose_to_rtsp_ms=5 rtsp_push_ms=0 ok=1
t=1831641418 agg_add model=yolo ch=2 frame=76 results=1 boxes=0 first=1
t=1831641418 agg_publish ch=2 frame=76 partial=0 ready=1 results=1 models=yolo has_face=0 face_boxes=0 yolo_boxes=0 waited_ms=0
t=1831641418 mosaic_submit ch=2 frame=76 pts_us=3166666 partial=0 results=1 has_face=0 face_boxes=0 yolo_boxes=0
t=1831641418 model_submit model=yolo ch=0 frame=77 ok=1 pending_before=2 pending_after=3
t=1831641418 decode_enqueue ch=0 frame=77 pts_us=3208333 inflight=2 max_inflight=8 queue=7
t=1831641421 model_submit model=yolo ch=2 frame=77 ok=1 pending_before=3 pending_after=4
t=1831641422 decode_enqueue ch=2 frame=77 pts_us=3208333 inflight=2 max_inflight=8 queue=8
t=1831641428 rknn_infer ch=0 frame=75 lock_wait_us=0 rga_pre_us=2171 run_us=89166 outputs_get_us=548 post_us=1901 release_us=1 total_us=93812 boxes=0
t=1831641429 model_output model=face_yolo ch=0 frame=75 pending_after=4 boxes=0
t=1831641429 agg_add model=face_yolo ch=0 frame=75 results=2 boxes=0 first=0
t=1831641429 agg_publish ch=0 frame=75 partial=0 ready=1 results=2 models=yolo,face_yolo has_face=1 face_boxes=0 yolo_boxes=0 waited_ms=53
t=1831641429 mosaic_submit ch=0 frame=75 pts_us=3125000 partial=0 results=2 has_face=1 face_boxes=0 yolo_boxes=0
t=1831641433 rknn_infer ch=2 frame=75 lock_wait_us=0 rga_pre_us=2089 run_us=90056 outputs_get_us=515 post_us=1890 release_us=0 total_us=94579 boxes=0
t=1831641433 model_output model=face_yolo ch=2 frame=75 pending_after=3 boxes=0
t=1831641433 agg_add model=face_yolo ch=2 frame=75 results=2 boxes=0 first=0
t=1831641433 agg_publish ch=2 frame=75 partial=0 ready=1 results=2 models=yolo,face_yolo has_face=1 face_boxes=0 yolo_boxes=0 waited_ms=58
t=1831641433 mosaic_submit ch=2 frame=75 pts_us=3125000 partial=0 results=2 has_face=1 face_boxes=0 yolo_boxes=0
t=1831641445 model_submit model=yolo ch=1 frame=76 ok=1 pending_before=4 pending_after=5
t=1831641445 decode_enqueue ch=1 frame=76 pts_us=3166666 inflight=2 max_inflight=8 queue=7
t=1831641447 rknn_infer ch=3 frame=75 lock_wait_us=0 rga_pre_us=1874 run_us=76417 outputs_get_us=494 post_us=1970 release_us=2 total_us=80783 boxes=0
t=1831641447 model_output model=face_yolo ch=3 frame=75 pending_after=2 boxes=0
t=1831641447 agg_add model=face_yolo ch=3 frame=75 results=2 boxes=0 first=0
t=1831641447 agg_publish ch=3 frame=75 partial=0 ready=1 results=2 models=yolo,face_yolo has_face=1 face_boxes=0 yolo_boxes=0 waited_ms=30
t=1831641447 mosaic_submit ch=3 frame=75 pts_us=3125000 partial=0 results=2 has_face=1 face_boxes=0 yolo_boxes=0
t=1831641448 rknn_infer ch=0 frame=77 lock_wait_us=0 rga_pre_us=1900 run_us=26091 outputs_get_us=1058 post_us=154 release_us=0 total_us=29220 boxes=0
t=1831641448 model_output model=yolo ch=0 frame=77 pending_after=5 boxes=0
t=1831641448 agg_first_result model=yolo ch=0 frame=77
t=1831641448 agg_add model=yolo ch=0 frame=77 results=1 boxes=0 first=1
t=1831641448 agg_publish ch=0 frame=77 partial=0 ready=1 results=1 models=yolo has_face=0 face_boxes=0 yolo_boxes=0 waited_ms=0
t=1831641448 rknn_infer ch=1 frame=75 lock_wait_us=0 rga_pre_us=1937 run_us=32775 outputs_get_us=2377 post_us=612 release_us=2 total_us=37726 boxes=0
t=1831641449 model_output model=yolo ch=1 frame=75 pending_after=4 boxes=0
t=1831641449 rknn_infer ch=3 frame=76 lock_wait_us=0 rga_pre_us=1968 run_us=31938 outputs_get_us=2667 post_us=674 release_us=1 total_us=37264 boxes=0
t=1831641449 rknn_infer ch=2 frame=77 lock_wait_us=0 rga_pre_us=1940 run_us=22503 outputs_get_us=2538 post_us=222 release_us=0 total_us=27214 boxes=0
t=1831641449 model_output model=yolo ch=2 frame=77 pending_after=3 boxes=0
t=1831641449 model_output model=yolo ch=3 frame=76 pending_after=3 boxes=0
t=1831641449 model_submit model=yolo ch=3 frame=77 ok=1 pending_before=1 pending_after=2
t=1831641449 decode_enqueue ch=3 frame=77 pts_us=3208333 inflight=2 max_inflight=8 queue=3
t=1831641455 mosaic_e2e_age_ms ch0=286 ch1=218 ch2=283 ch3=255 frame=71,71,71,71
t=1831641455 mosaic_pts_select target_pts=2958286 selected_pts=2958333,2958333,2958333,2958333 selected_frame=71,71,71,71
t=1831641459 mosaic_submit ch=0 frame=77 pts_us=3208333 partial=0 results=1 has_face=0 face_boxes=0 yolo_boxes=0
t=1831641459 agg_first_result model=yolo ch=1 frame=75
t=1831641460 agg_add model=yolo ch=1 frame=75 results=1 boxes=0 first=1
t=1831641460 agg_first_result model=yolo ch=2 frame=77
t=1831641460 agg_add model=yolo ch=2 frame=77 results=1 boxes=0 first=1
t=1831641460 agg_publish ch=2 frame=77 partial=0 ready=1 results=1 models=yolo has_face=0 face_boxes=0 yolo_boxes=0 waited_ms=0
t=1831641460 mosaic_submit ch=2 frame=77 pts_us=3208333 partial=0 results=1 has_face=0 face_boxes=0 yolo_boxes=0
t=1831641460 agg_first_result model=yolo ch=3 frame=76
t=1831641460 agg_add model=yolo ch=3 frame=76 results=1 boxes=0 first=1
t=1831641460 agg_publish ch=3 frame=76 partial=0 ready=1 results=1 models=yolo has_face=0 face_boxes=0 yolo_boxes=0 waited_ms=0
t=1831641460 mosaic_submit ch=3 frame=76 pts_us=3166666 partial=0 results=1 has_face=0 face_boxes=0 yolo_boxes=0
t=1831641460 model_submit model=yolo ch=0 frame=78 ok=1 pending_before=2 pending_after=3
t=1831641460 model_submit model=face_yolo ch=0 frame=78 ok=1 pending_before=1 pending_after=2
t=1831641460 decode_enqueue ch=0 frame=78 pts_us=3250000 inflight=1 max_inflight=8 queue=5
t=1831641463 model_submit model=yolo ch=2 frame=78 ok=1 pending_before=3 pending_after=4
t=1831641463 model_submit model=face_yolo ch=2 frame=78 ok=1 pending_before=2 pending_after=3
t=1831641463 decode_enqueue ch=2 frame=78 pts_us=3250000 inflight=1 max_inflight=8 queue=7
t=1831641468 mosaic_rtsp_handoff packet=71 compose_to_encode_ms=4 compose_to_rtsp_ms=13 rtsp_push_ms=9 ok=1
t=1831641472 rknn_infer ch=1 frame=75 lock_wait_us=0 rga_pre_us=1959 run_us=39222 outputs_get_us=490 post_us=1803 release_us=0 total_us=43496 boxes=0
t=1831641473 model_output model=face_yolo ch=1 frame=75 pending_after=3 boxes=0
t=1831641473 agg_add model=face_yolo ch=1 frame=75 results=2 boxes=0 first=0
t=1831641473 agg_publish ch=1 frame=75 partial=0 ready=1 results=2 models=yolo,face_yolo has_face=1 face_boxes=0 yolo_boxes=0 waited_ms=13
t=1831641473 mosaic_submit ch=1 frame=75 pts_us=3125000 partial=0 results=2 has_face=1 face_boxes=0 yolo_boxes=0
t=1831641484 rknn_infer ch=1 frame=76 lock_wait_us=953 rga_pre_us=1779 run_us=32795 outputs_get_us=922 post_us=119 release_us=1 total_us=36586 boxes=0
t=1831641484 model_output model=yolo ch=1 frame=76 pending_after=4 boxes=0
t=1831641484 agg_first_result model=yolo ch=1 frame=76
t=1831641484 agg_add model=yolo ch=1 frame=76 results=1 boxes=0 first=1
t=1831641484 agg_publish ch=1 frame=76 partial=0 ready=1 results=1 models=yolo has_face=0 face_boxes=0 yolo_boxes=0 waited_ms=0
t=1831641484 mosaic_submit ch=1 frame=76 pts_us=3166666 partial=0 results=1 has_face=0 face_boxes=0 yolo_boxes=0
t=1831641486 rknn_infer ch=0 frame=78 lock_wait_us=0 rga_pre_us=1769 run_us=22859 outputs_get_us=983 post_us=114 release_us=0 total_us=25739 boxes=0
t=1831641486 model_output model=yolo ch=0 frame=78 pending_after=3 boxes=0
t=1831641486 agg_first_result model=yolo ch=0 frame=78
t=1831641486 agg_add model=yolo ch=0 frame=78 results=1 boxes=0 first=1
t=1831641486 rknn_infer ch=3 frame=77 lock_wait_us=0 rga_pre_us=1827 run_us=32216 outputs_get_us=2416 post_us=554 release_us=2 total_us=37030 boxes=0
t=1831641486 model_output model=yolo ch=3 frame=77 pending_after=2 boxes=0
t=1831641486 model_submit model=yolo ch=1 frame=77 ok=1 pending_before=2 pending_after=3
t=1831641486 decode_enqueue ch=1 frame=77 pts_us=3208333 inflight=1 max_inflight=8 queue=4
t=1831641487 agg_first_result model=yolo ch=3 frame=77
t=1831641487 agg_add model=yolo ch=3 frame=77 results=1 boxes=0 first=1
t=1831641487 agg_publish ch=3 frame=77 partial=0 ready=1 results=1 models=yolo has_face=0 face_boxes=0 yolo_boxes=0 waited_ms=0
t=1831641487 mosaic_submit ch=3 frame=77 pts_us=3208333 partial=0 results=1 has_face=0 face_boxes=0 yolo_boxes=0
t=1831641487 rknn_infer ch=2 frame=78 lock_wait_us=0 rga_pre_us=1900 run_us=18941 outputs_get_us=2282 post_us=573 release_us=2 total_us=23716 boxes=0
t=1831641487 model_output model=yolo ch=2 frame=78 pending_after=2 boxes=0
t=1831641487 agg_first_result model=yolo ch=2 frame=78
t=1831641487 agg_add model=yolo ch=2 frame=78 results=1 boxes=0 first=1
t=1831641491 model_submit model=yolo ch=3 frame=78 ok=1 pending_before=1 pending_after=2
t=1831641491 model_submit model=face_yolo ch=3 frame=78 ok=1 pending_before=2 pending_after=3
t=1831641491 decode_enqueue ch=3 frame=78 pts_us=3250000 inflight=1 max_inflight=8 queue=5
t=1831641496 mosaic_e2e_age_ms ch0=286 ch1=217 ch2=282 ch3=254 frame=72,72,72,72
t=1831641496 mosaic_pts_select target_pts=2999952 selected_pts=3000000,3000000,3000000,3000000 selected_frame=72,72,72,72
t=1831641501 model_submit model=yolo ch=0 frame=79 ok=1 pending_before=2 pending_after=3
t=1831641501 decode_enqueue ch=0 frame=79 pts_us=3291666 inflight=2 max_inflight=8 queue=6
t=1831641505 model_submit model=yolo ch=2 frame=79 ok=1 pending_before=3 pending_after=4
t=1831641505 decode_enqueue ch=2 frame=79 pts_us=3291666 inflight=2 max_inflight=8 queue=7
t=1831641512 mosaic_rtsp_handoff packet=72 compose_to_encode_ms=4 compose_to_rtsp_ms=16 rtsp_push_ms=12 ok=1
t=1831641524 rknn_infer ch=1 frame=77 lock_wait_us=0 rga_pre_us=2157 run_us=32778 outputs_get_us=1947 post_us=415 release_us=2 total_us=37320 boxes=0
t=1831641524 model_output model=yolo ch=1 frame=77 pending_after=4 boxes=0
t=1831641524 agg_first_result model=yolo ch=1 frame=77
t=1831641524 agg_add model=yolo ch=1 frame=77 results=1 boxes=0 first=1
t=1831641524 agg_publish ch=1 frame=77 partial=0 ready=1 results=1 models=yolo has_face=0 face_boxes=0 yolo_boxes=0 waited_ms=0
t=1831641524 mosaic_submit ch=1 frame=77 pts_us=3208333 partial=0 results=1 has_face=0 face_boxes=0 yolo_boxes=0
t=1831641525 rknn_infer ch=0 frame=79 lock_wait_us=0 rga_pre_us=2137 run_us=18613 outputs_get_us=2365 post_us=621 release_us=2 total_us=23762 boxes=0
t=1831641525 model_output model=yolo ch=0 frame=79 pending_after=3 boxes=0
t=1831641525 agg_first_result model=yolo ch=0 frame=79
t=1831641525 agg_add model=yolo ch=0 frame=79 results=1 boxes=0 first=1
t=1831641526 agg_publish ch=0 frame=79 partial=0 ready=1 results=1 models=yolo has_face=0 face_boxes=0 yolo_boxes=0 waited_ms=0
t=1831641526 mosaic_submit ch=0 frame=79 pts_us=3291666 partial=0 results=1 has_face=0 face_boxes=0 yolo_boxes=0
t=1831641527 rknn_infer ch=2 frame=79 lock_wait_us=0 rga_pre_us=2049 run_us=17007 outputs_get_us=2169 post_us=586 release_us=2 total_us=21839 boxes=0
t=1831641527 model_output model=yolo ch=2 frame=79 pending_after=2 boxes=0
t=1831641527 agg_first_result model=yolo ch=2 frame=79
t=1831641527 agg_add model=yolo ch=2 frame=79 results=1 boxes=0 first=1
t=1831641527 agg_publish ch=2 frame=79 partial=0 ready=1 results=1 models=yolo has_face=0 face_boxes=0 yolo_boxes=0 waited_ms=0
t=1831641527 mosaic_submit ch=2 frame=79 pts_us=3291666 partial=0 results=1 has_face=0 face_boxes=0 yolo_boxes=0
t=1831641528 model_submit model=yolo ch=1 frame=78 ok=1 pending_before=1 pending_after=2
t=1831641528 model_submit model=face_yolo ch=1 frame=78 ok=1 pending_before=3 pending_after=4
t=1831641528 decode_enqueue ch=1 frame=78 pts_us=3250000 inflight=1 max_inflight=8 queue=6
t=1831641528 rknn_infer ch=3 frame=78 lock_wait_us=0 rga_pre_us=1792 run_us=33185 outputs_get_us=1866 post_us=609 release_us=2 total_us=37490 boxes=0
t=1831641528 model_output model=yolo ch=3 frame=78 pending_after=2 boxes=0
t=1831641529 agg_first_result model=yolo ch=3 frame=78
t=1831641529 agg_add model=yolo ch=3 frame=78 results=1 boxes=0 first=1
t=1831641532 model_submit model=yolo ch=3 frame=79 ok=1 pending_before=1 pending_after=2
t=1831641533 decode_enqueue ch=3 frame=79 pts_us=3291666 inflight=2 max_inflight=8 queue=6
t=1831641536 mosaic_e2e_age_ms ch0=285 ch1=217 ch2=281 ch3=254 frame=73,73,73,73
t=1831641536 mosaic_pts_select target_pts=3041618 selected_pts=3041666,3041666,3041666,3041666 selected_frame=73,73,73,73
t=1831641543 model_submit model=yolo ch=0 frame=80 ok=1 pending_before=2 pending_after=3
t=1831641543 decode_enqueue ch=0 frame=80 pts_us=3333333 inflight=2 max_inflight=8 queue=7
t=1831641546 model_submit model=yolo ch=2 frame=80 ok=1 pending_before=3 pending_after=4
t=1831641547 decode_enqueue ch=2 frame=80 pts_us=3333333 inflight=2 max_inflight=8 queue=8
t=1831641550 mosaic_rtsp_handoff packet=73 compose_to_encode_ms=13 compose_to_rtsp_ms=14 rtsp_push_ms=1 ok=1
t=1831641553 rknn_infer ch=0 frame=78 lock_wait_us=0 rga_pre_us=2172 run_us=86510 outputs_get_us=325 post_us=787 release_us=0 total_us=89812 boxes=0
t=1831641553 model_output model=face_yolo ch=0 frame=78 pending_after=4 boxes=0
t=1831641553 agg_add model=face_yolo ch=0 frame=78 results=2 boxes=0 first=0
t=1831641553 agg_publish ch=0 frame=78 partial=0 ready=1 results=2 models=yolo,face_yolo has_face=1 face_boxes=0 yolo_boxes=0 waited_ms=67
t=1831641553 mosaic_submit ch=0 frame=78 pts_us=3250000 partial=0 results=2 has_face=1 face_boxes=0 yolo_boxes=0
t=1831641558 rknn_infer ch=2 frame=78 lock_wait_us=0 rga_pre_us=1955 run_us=83660 outputs_get_us=542 post_us=3246 release_us=2 total_us=89436 boxes=0
t=1831641558 model_output model=face_yolo ch=2 frame=78 pending_after=3 boxes=0
t=1831641558 agg_add model=face_yolo ch=2 frame=78 results=2 boxes=0 first=0
t=1831641558 agg_publish ch=2 frame=78 partial=0 ready=1 results=2 models=yolo,face_yolo has_face=1 face_boxes=0 yolo_boxes=0 waited_ms=70
t=1831641558 mosaic_submit ch=2 frame=78 pts_us=3250000 partial=0 results=2 has_face=1 face_boxes=0 yolo_boxes=0
t=1831641564 rknn_infer ch=1 frame=78 lock_wait_us=0 rga_pre_us=2026 run_us=32738 outputs_get_us=1254 post_us=173 release_us=1 total_us=36208 boxes=0
t=1831641564 model_output model=yolo ch=1 frame=78 pending_after=4 boxes=0
t=1831641564 agg_first_result model=yolo ch=1 frame=78
t=1831641564 agg_add model=yolo ch=1 frame=78 results=1 boxes=0 first=1
t=1831641566 rknn_infer ch=0 frame=80 lock_wait_us=0 rga_pre_us=2171 run_us=18437 outputs_get_us=2186 post_us=573 release_us=2 total_us=23397 boxes=0
t=1831641567 model_output model=yolo ch=0 frame=80 pending_after=3 boxes=0
t=1831641567 agg_first_result model=yolo ch=0 frame=80
t=1831641567 agg_add model=yolo ch=0 frame=80 results=1 boxes=0 first=1
t=1831641567 agg_publish ch=0 frame=80 partial=0 ready=1 results=1 models=yolo has_face=0 face_boxes=0 yolo_boxes=0 waited_ms=0
t=1831641567 mosaic_submit ch=0 frame=80 pts_us=3333333 partial=0 results=1 has_face=0 face_boxes=0 yolo_boxes=0
t=1831641569 rknn_infer ch=3 frame=79 lock_wait_us=0 rga_pre_us=1925 run_us=32381 outputs_get_us=1977 post_us=553 release_us=2 total_us=36861 boxes=0
t=1831641570 model_output model=yolo ch=3 frame=79 pending_after=2 boxes=0
t=1831641570 model_submit model=yolo ch=1 frame=79 ok=1 pending_before=2 pending_after=3
t=1831641570 decode_enqueue ch=1 frame=79 pts_us=3291666 inflight=2 max_inflight=8 queue=4
t=1831641570 agg_first_result model=yolo ch=3 frame=79
t=1831641570 agg_add model=yolo ch=3 frame=79 results=1 boxes=0 first=1
t=1831641570 agg_publish ch=3 frame=79 partial=0 ready=1 results=1 models=yolo has_face=0 face_boxes=0 yolo_boxes=0 waited_ms=0
t=1831641570 mosaic_submit ch=3 frame=79 pts_us=3291666 partial=0 results=1 has_face=0 face_boxes=0 yolo_boxes=0
t=1831641571 rknn_infer ch=2 frame=80 lock_wait_us=0 rga_pre_us=2020 run_us=19127 outputs_get_us=2351 post_us=585 release_us=1 total_us=24106 boxes=0
t=1831641571 model_output model=yolo ch=2 frame=80 pending_after=2 boxes=0
t=1831641571 agg_first_result model=yolo ch=2 frame=80
t=1831641571 agg_add model=yolo ch=2 frame=80 results=1 boxes=0 first=1
t=1831641571 agg_publish ch=2 frame=80 partial=0 ready=1 results=1 models=yolo has_face=0 face_boxes=0 yolo_boxes=0 waited_ms=0
t=1831641571 mosaic_submit ch=2 frame=80 pts_us=3333333 partial=0 results=1 has_face=0 face_boxes=0 yolo_boxes=0
t=1831641573 rknn_infer ch=3 frame=78 lock_wait_us=0 rga_pre_us=2159 run_us=77634 outputs_get_us=479 post_us=1809 release_us=1 total_us=82097 boxes=0
t=1831641573 model_output model=face_yolo ch=3 frame=78 pending_after=2 boxes=0
t=1831641573 agg_add model=face_yolo ch=3 frame=78 results=2 boxes=0 first=0
t=1831641573 agg_publish ch=3 frame=78 partial=0 ready=1 results=2 models=yolo,face_yolo has_face=1 face_boxes=0 yolo_boxes=0 waited_ms=44
t=1831641574 model_submit model=yolo ch=3 frame=80 ok=1 pending_before=1 pending_after=2
t=1831641574 decode_enqueue ch=3 frame=80 pts_us=3333333 inflight=1 max_inflight=8 queue=3
t=1831641578 mosaic_e2e_age_ms ch0=285 ch1=217 ch2=282 ch3=254 frame=74,74,74,74
t=1831641578 mosaic_pts_select target_pts=3083284 selected_pts=3083333,3083333,3083333,3083333 selected_frame=74,74,74,74
t=1831641583 mosaic_submit ch=3 frame=78 pts_us=3250000 partial=0 results=2 has_face=1 face_boxes=0 yolo_boxes=0
t=1831641584 mosaic_rtsp_handoff packet=74 compose_to_encode_ms=5 compose_to_rtsp_ms=6 rtsp_push_ms=1 ok=1
t=1831641585 model_submit model=yolo ch=0 frame=81 ok=1 pending_before=2 pending_after=3
t=1831641585 model_submit model=face_yolo ch=0 frame=81 ok=1 pending_before=1 pending_after=2
t=1831641585 decode_enqueue ch=0 frame=81 pts_us=3375000 inflight=1 max_inflight=8 queue=5
t=1831641588 model_submit model=yolo ch=2 frame=81 ok=1 pending_before=3 pending_after=4
t=1831641588 model_submit model=face_yolo ch=2 frame=81 ok=1 pending_before=2 pending_after=3
t=1831641588 decode_enqueue ch=2 frame=81 pts_us=3375000 inflight=1 max_inflight=8 queue=7
t=1831641600 rknn_infer ch=1 frame=78 lock_wait_us=0 rga_pre_us=1905 run_us=43085 outputs_get_us=431 post_us=1031 release_us=0 total_us=46470 boxes=0
t=1831641600 model_output model=face_yolo ch=1 frame=78 pending_after=3 boxes=0
t=1831641600 agg_add model=face_yolo ch=1 frame=78 results=2 boxes=0 first=0
t=1831641600 agg_publish ch=1 frame=78 partial=0 ready=1 results=2 models=yolo,face_yolo has_face=1 face_boxes=0 yolo_boxes=0 waited_ms=35
t=1831641600 mosaic_submit ch=1 frame=78 pts_us=3250000 partial=0 results=2 has_face=1 face_boxes=0 yolo_boxes=0
t=1831641606 rknn_infer ch=1 frame=79 lock_wait_us=0 rga_pre_us=1820 run_us=32658 outputs_get_us=1288 post_us=216 release_us=1 total_us=35999 boxes=0
t=1831641606 model_output model=yolo ch=1 frame=79 pending_after=4 boxes=0
t=1831641606 agg_first_result model=yolo ch=1 frame=79
t=1831641606 agg_add model=yolo ch=1 frame=79 results=1 boxes=0 first=1
t=1831641606 agg_publish ch=1 frame=79 partial=0 ready=1 results=1 models=yolo has_face=0 face_boxes=0 yolo_boxes=0 waited_ms=0
t=1831641606 mosaic_submit ch=1 frame=79 pts_us=3291666 partial=0 results=1 has_face=0 face_boxes=0 yolo_boxes=0
t=1831641608 rknn_infer ch=0 frame=81 lock_wait_us=0 rga_pre_us=1977 run_us=18294 outputs_get_us=2508 post_us=702 release_us=2 total_us=23507 boxes=0
t=1831641608 model_output model=yolo ch=0 frame=81 pending_after=3 boxes=0
t=1831641608 agg_first_result model=yolo ch=0 frame=81
t=1831641609 agg_add model=yolo ch=0 frame=81 results=1 boxes=0 first=1
t=1831641611 rknn_infer ch=3 frame=80 lock_wait_us=0 rga_pre_us=1923 run_us=31990 outputs_get_us=2379 post_us=699 release_us=2 total_us=37020 boxes=0
t=1831641611 model_submit model=yolo ch=1 frame=80 ok=1 pending_before=2 pending_after=3
t=1831641611 decode_enqueue ch=1 frame=80 pts_us=3333333 inflight=1 max_inflight=8 queue=5
t=1831641611 model_output model=yolo ch=3 frame=80 pending_after=3 boxes=0
t=1831641612 agg_first_result model=yolo ch=3 frame=80
t=1831641612 agg_add model=yolo ch=3 frame=80 results=1 boxes=0 first=1
t=1831641612 agg_publish ch=3 frame=80 partial=0 ready=1 results=1 models=yolo has_face=0 face_boxes=0 yolo_boxes=0 waited_ms=0
t=1831641612 mosaic_submit ch=3 frame=80 pts_us=3333333 partial=0 results=1 has_face=0 face_boxes=0 yolo_boxes=0
t=1831641612 rknn_infer ch=2 frame=81 lock_wait_us=0 rga_pre_us=1857 run_us=18805 outputs_get_us=2739 post_us=784 release_us=2 total_us=24208 boxes=0
t=1831641613 model_output model=yolo ch=2 frame=81 pending_after=2 boxes=0
t=1831641613 agg_first_result model=yolo ch=2 frame=81
t=1831641613 agg_add model=yolo ch=2 frame=81 results=1 boxes=0 first=1
t=1831641616 model_submit model=yolo ch=3 frame=81 ok=1 pending_before=1 pending_after=2
t=1831641616 model_submit model=face_yolo ch=3 frame=81 ok=1 pending_before=2 pending_after=3
t=1831641616 decode_enqueue ch=3 frame=81 pts_us=3375000 inflight=1 max_inflight=8 queue=5
t=1831641620 mosaic_e2e_age_ms ch0=285 ch1=216 ch2=281 ch3=253 frame=75,75,75,75
t=1831641620 mosaic_pts_select target_pts=3124950 selected_pts=3125000,3125000,3125000,3125000 selected_frame=75,75,75,75
t=1831641625 mosaic_rtsp_handoff packet=75 compose_to_encode_ms=5 compose_to_rtsp_ms=6 rtsp_push_ms=1 ok=1
t=1831641626 model_submit model=yolo ch=0 frame=82 ok=1 pending_before=2 pending_after=3
t=1831641626 decode_enqueue ch=0 frame=82 pts_us=3416666 inflight=2 max_inflight=8 queue=6
t=1831641630 model_submit model=yolo ch=2 frame=82 ok=1 pending_before=3 pending_after=4
t=1831641630 decode_enqueue ch=2 frame=82 pts_us=3416666 inflight=2 max_inflight=8 queue=7
t=1831641649 rknn_infer ch=1 frame=80 lock_wait_us=0 rga_pre_us=2148 run_us=32614 outputs_get_us=2048 post_us=417 release_us=2 total_us=37254 boxes=0
t=1831641649 model_output model=yolo ch=1 frame=80 pending_after=4 boxes=0
t=1831641649 agg_first_result model=yolo ch=1 frame=80
t=1831641649 agg_add model=yolo ch=1 frame=80 results=1 boxes=0 first=1
t=1831641649 agg_publish ch=1 frame=80 partial=0 ready=1 results=1 models=yolo has_face=0 face_boxes=0 yolo_boxes=0 waited_ms=0
t=1831641649 mosaic_submit ch=1 frame=80 pts_us=3333333 partial=0 results=1 has_face=0 face_boxes=0 yolo_boxes=0
t=1831641651 rknn_infer ch=0 frame=82 lock_wait_us=0 rga_pre_us=1983 run_us=18722 outputs_get_us=2724 post_us=804 release_us=2 total_us=24266 boxes=0
t=1831641651 model_output model=yolo ch=0 frame=82 pending_after=3 boxes=0
t=1831641651 agg_first_result model=yolo ch=0 frame=82
t=1831641651 agg_add model=yolo ch=0 frame=82 results=1 boxes=0 first=1
t=1831641651 agg_publish ch=0 frame=82 partial=0 ready=1 results=1 models=yolo has_face=0 face_boxes=0 yolo_boxes=0 waited_ms=0
t=1831641651 mosaic_submit ch=0 frame=82 pts_us=3416666 partial=0 results=1 has_face=0 face_boxes=0 yolo_boxes=0
t=1831641653 rknn_infer ch=3 frame=81 lock_wait_us=0 rga_pre_us=1883 run_us=31885 outputs_get_us=2570 post_us=802 release_us=2 total_us=37170 boxes=0
t=1831641653 model_output model=yolo ch=3 frame=81 pending_after=2 boxes=0
t=1831641653 model_submit model=yolo ch=1 frame=81 ok=1 pending_before=2 pending_after=3
t=1831641653 model_submit model=face_yolo ch=1 frame=81 ok=1 pending_before=3 pending_after=4
t=1831641653 decode_enqueue ch=1 frame=81 pts_us=3375000 inflight=1 max_inflight=8 queue=6
t=1831641653 agg_first_result model=yolo ch=3 frame=81
t=1831641654 agg_add model=yolo ch=3 frame=81 results=1 boxes=0 first=1
t=1831641654 rknn_infer ch=2 frame=82 lock_wait_us=0 rga_pre_us=2037 run_us=18447 outputs_get_us=2697 post_us=800 release_us=1 total_us=24005 boxes=0
t=1831641654 model_output model=yolo ch=2 frame=82 pending_after=2 boxes=0
t=1831641654 agg_first_result model=yolo ch=2 frame=82
t=1831641654 agg_add model=yolo ch=2 frame=82 results=1 boxes=0 first=1
t=1831641654 agg_publish ch=2 frame=82 partial=0 ready=1 results=1 models=yolo has_face=0 face_boxes=0 yolo_boxes=0 waited_ms=0
t=1831641654 mosaic_submit ch=2 frame=82 pts_us=3416666 partial=0 results=1 has_face=0 face_boxes=0 yolo_boxes=0
t=1831641657 model_submit model=yolo ch=3 frame=82 ok=1 pending_before=1 pending_after=2
t=1831641658 decode_enqueue ch=3 frame=82 pts_us=3416666 inflight=2 max_inflight=8 queue=6
t=1831641664 mosaic_e2e_age_ms ch0=287 ch1=218 ch2=283 ch3=256 frame=76,76,76,76
t=1831641664 mosaic_pts_select target_pts=3166616 selected_pts=3166666,3166666,3166666,3166666 selected_frame=76,76,76,76
t=1831641668 model_submit model=yolo ch=0 frame=83 ok=1 pending_before=2 pending_after=3
t=1831641668 decode_enqueue ch=0 frame=83 pts_us=3458333 inflight=2 max_inflight=8 queue=7
t=1831641670 mosaic_rtsp_handoff packet=76 compose_to_encode_ms=5 compose_to_rtsp_ms=6 rtsp_push_ms=1 ok=1
t=1831641671 model_submit model=yolo ch=2 frame=83 ok=1 pending_before=3 pending_after=4
t=1831641672 decode_enqueue ch=2 frame=83 pts_us=3458333 inflight=2 max_inflight=8 queue=8
t=1831641677 rknn_infer ch=0 frame=81 lock_wait_us=0 rga_pre_us=2123 run_us=88044 outputs_get_us=518 post_us=1826 release_us=1 total_us=92536 boxes=0
t=1831641678 model_output model=face_yolo ch=0 frame=81 pending_after=4 boxes=0
t=1831641678 agg_add model=face_yolo ch=0 frame=81 results=2 boxes=0 first=0
t=1831641678 agg_publish ch=0 frame=81 partial=0 ready=1 results=2 models=yolo,face_yolo has_face=1 face_boxes=0 yolo_boxes=0 waited_ms=69
t=1831641678 mosaic_submit ch=0 frame=81 pts_us=3375000 partial=0 results=2 has_face=1 face_boxes=0 yolo_boxes=0
t=1831641679 rknn_infer ch=2 frame=81 lock_wait_us=0 rga_pre_us=2134 run_us=85799 outputs_get_us=497 post_us=1843 release_us=1 total_us=90306 boxes=0
t=1831641679 model_output model=face_yolo ch=2 frame=81 pending_after=3 boxes=0
t=1831641679 agg_add model=face_yolo ch=2 frame=81 results=2 boxes=0 first=0
t=1831641679 agg_publish ch=2 frame=81 partial=0 ready=1 results=2 models=yolo,face_yolo has_face=1 face_boxes=0 yolo_boxes=0 waited_ms=66
t=1831641679 mosaic_submit ch=2 frame=81 pts_us=3375000 partial=0 results=2 has_face=1 face_boxes=0 yolo_boxes=0
t=1831641685 rknn_infer ch=3 frame=81 lock_wait_us=0 rga_pre_us=2034 run_us=66251 outputs_get_us=246 post_us=596 release_us=0 total_us=69140 boxes=0
t=1831641685 model_output model=face_yolo ch=3 frame=81 pending_after=2 boxes=0
t=1831641685 agg_add model=face_yolo ch=3 frame=81 results=2 boxes=0 first=0
t=1831641685 agg_publish ch=3 frame=81 partial=0 ready=1 results=2 models=yolo,face_yolo has_face=1 face_boxes=0 yolo_boxes=0 waited_ms=31
t=1831641685 mosaic_submit ch=3 frame=81 pts_us=3375000 partial=0 results=2 has_face=1 face_boxes=0 yolo_boxes=0
t=1831641690 rknn_infer ch=1 frame=81 lock_wait_us=0 rga_pre_us=2103 run_us=33037 outputs_get_us=1054 post_us=142 release_us=0 total_us=36353 boxes=0
t=1831641690 model_output model=yolo ch=1 frame=81 pending_after=4 boxes=0
t=1831641690 agg_first_result model=yolo ch=1 frame=81
t=1831641690 agg_add model=yolo ch=1 frame=81 results=1 boxes=0 first=1
t=1831641692 rknn_infer ch=0 frame=83 lock_wait_us=0 rga_pre_us=2114 run_us=19228 outputs_get_us=2073 post_us=554 release_us=2 total_us=23997 boxes=0
t=1831641692 model_output model=yolo ch=0 frame=83 pending_after=3 boxes=0
t=1831641692 agg_first_result model=yolo ch=0 frame=83
t=1831641692 agg_add model=yolo ch=0 frame=83 results=1 boxes=0 first=1
t=1831641692 agg_publish ch=0 frame=83 partial=0 ready=1 results=1 models=yolo has_face=0 face_boxes=0 yolo_boxes=0 waited_ms=0
t=1831641692 mosaic_submit ch=0 frame=83 pts_us=3458333 partial=0 results=1 has_face=0 face_boxes=0 yolo_boxes=0
t=1831641694 rknn_infer ch=3 frame=82 lock_wait_us=0 rga_pre_us=1798 run_us=32444 outputs_get_us=1978 post_us=553 release_us=2 total_us=36799 boxes=0
t=1831641694 model_output model=yolo ch=3 frame=82 pending_after=2 boxes=0
t=1831641695 agg_first_result model=yolo ch=3 frame=82
t=1831641695 agg_add model=yolo ch=3 frame=82 results=1 boxes=0 first=1
t=1831641695 model_submit model=yolo ch=1 frame=82 ok=1 pending_before=1 pending_after=2
t=1831641695 agg_publish ch=3 frame=82 partial=0 ready=1 results=1 models=yolo has_face=0 face_boxes=0 yolo_boxes=0 waited_ms=0
t=1831641695 decode_enqueue ch=1 frame=82 pts_us=3416666 inflight=2 max_inflight=8 queue=3
t=1831641695 mosaic_submit ch=3 frame=82 pts_us=3416666 partial=0 results=1 has_face=0 face_boxes=0 yolo_boxes=0
t=1831641695 rknn_infer ch=2 frame=83 lock_wait_us=0 rga_pre_us=2158 run_us=18967 outputs_get_us=1979 post_us=552 release_us=1 total_us=23676 boxes=0
t=1831641695 model_output model=yolo ch=2 frame=83 pending_after=2 boxes=0
t=1831641695 agg_first_result model=yolo ch=2 frame=83
t=1831641695 agg_add model=yolo ch=2 frame=83 results=1 boxes=0 first=1
t=1831641695 agg_publish ch=2 frame=83 partial=0 ready=1 results=1 models=yolo has_face=0 face_boxes=0 yolo_boxes=0 waited_ms=0
t=1831641695 mosaic_submit ch=2 frame=83 pts_us=3458333 partial=0 results=1 has_face=0 face_boxes=0 yolo_boxes=0
t=1831641699 model_submit model=yolo ch=3 frame=83 ok=1 pending_before=1 pending_after=2
t=1831641699 decode_enqueue ch=3 frame=83 pts_us=3458333 inflight=1 max_inflight=8 queue=3
t=1831641704 mosaic_e2e_age_ms ch0=285 ch1=217 ch2=282 ch3=254 frame=77,77,77,77
t=1831641704 mosaic_pts_select target_pts=3208282 selected_pts=3208333,3208333,3208333,3208333 selected_frame=77,77,77,77
t=1831641709 mosaic_rtsp_handoff packet=77 compose_to_encode_ms=4 compose_to_rtsp_ms=5 rtsp_push_ms=1 ok=1
t=1831641710 model_submit model=yolo ch=0 frame=84 ok=1 pending_before=2 pending_after=3
t=1831641710 model_submit model=face_yolo ch=0 frame=84 ok=1 pending_before=1 pending_after=2
t=1831641710 decode_enqueue ch=0 frame=84 pts_us=3500000 inflight=1 max_inflight=8 queue=5
t=1831641713 model_submit model=yolo ch=2 frame=84 ok=1 pending_before=3 pending_after=4
t=1831641713 model_submit model=face_yolo ch=2 frame=84 ok=1 pending_before=2 pending_after=3
t=1831641713 decode_enqueue ch=2 frame=84 pts_us=3500000 inflight=1 max_inflight=8 queue=7
t=1831641729 rknn_infer ch=1 frame=81 lock_wait_us=0 rga_pre_us=2178 run_us=46231 outputs_get_us=627 post_us=2278 release_us=1 total_us=51341 boxes=0
t=1831641729 model_output model=face_yolo ch=1 frame=81 pending_after=3 boxes=0
t=1831641729 agg_add model=face_yolo ch=1 frame=81 results=2 boxes=0 first=0
t=1831641730 agg_publish ch=1 frame=81 partial=0 ready=1 results=2 models=yolo,face_yolo has_face=1 face_boxes=0 yolo_boxes=0 waited_ms=39
t=1831641730 mosaic_submit ch=1 frame=81 pts_us=3375000 partial=0 results=2 has_face=1 face_boxes=0 yolo_boxes=0
t=1831641731 rknn_infer ch=1 frame=82 lock_wait_us=0 rga_pre_us=1910 run_us=31897 outputs_get_us=1905 post_us=414 release_us=2 total_us=36154 boxes=0
t=1831641731 model_output model=yolo ch=1 frame=82 pending_after=4 boxes=0
t=1831641731 agg_first_result model=yolo ch=1 frame=82
t=1831641731 agg_add model=yolo ch=1 frame=82 results=1 boxes=0 first=1
t=1831641731 agg_publish ch=1 frame=82 partial=0 ready=1 results=1 models=yolo has_face=0 face_boxes=0 yolo_boxes=0 waited_ms=0
t=1831641731 mosaic_submit ch=1 frame=82 pts_us=3416666 partial=0 results=1 has_face=0 face_boxes=0 yolo_boxes=0
t=1831641734 rknn_infer ch=0 frame=84 lock_wait_us=0 rga_pre_us=1965 run_us=19582 outputs_get_us=2493 post_us=702 release_us=2 total_us=24770 boxes=0
t=1831641735 model_output model=yolo ch=0 frame=84 pending_after=3 boxes=0
t=1831641735 agg_first_result model=yolo ch=0 frame=84
t=1831641735 agg_add model=yolo ch=0 frame=84 results=1 boxes=0 first=1
t=1831641736 rknn_infer ch=3 frame=83 lock_wait_us=0 rga_pre_us=1980 run_us=32007 outputs_get_us=2448 post_us=554 release_us=1 total_us=37012 boxes=0
t=1831641736 model_output model=yolo ch=3 frame=83 pending_after=2 boxes=0
t=1831641736 model_submit model=yolo ch=1 frame=83 ok=1 pending_before=1 pending_after=2
t=1831641736 decode_enqueue ch=1 frame=83 pts_us=3458333 inflight=1 max_inflight=8 queue=4
t=1831641737 agg_first_result model=yolo ch=3 frame=83
t=1831641737 agg_add model=yolo ch=3 frame=83 results=1 boxes=0 first=1
t=1831641737 agg_publish ch=3 frame=83 partial=0 ready=1 results=1 models=yolo has_face=0 face_boxes=0 yolo_boxes=0 waited_ms=0
t=1831641737 rknn_infer ch=2 frame=84 lock_wait_us=0 rga_pre_us=2172 run_us=18499 outputs_get_us=2256 post_us=573 release_us=1 total_us=23518 boxes=0
t=1831641737 model_output model=yolo ch=2 frame=84 pending_after=2 boxes=0
t=1831641737 mosaic_submit ch=3 frame=83 pts_us=3458333 partial=0 results=1 has_face=0 face_boxes=0 yolo_boxes=0
t=1831641737 agg_first_result model=yolo ch=2 frame=84
t=1831641737 agg_add model=yolo ch=2 frame=84 results=1 boxes=0 first=1
t=1831641741 model_submit model=yolo ch=3 frame=84 ok=1 pending_before=1 pending_after=2
t=1831641741 model_submit model=face_yolo ch=3 frame=84 ok=1 pending_before=2 pending_after=3
t=1831641741 decode_enqueue ch=3 frame=84 pts_us=3500000 inflight=1 max_inflight=8 queue=5
t=1831641745 mosaic_e2e_age_ms ch0=285 ch1=217 ch2=282 ch3=254 frame=78,78,78,78
t=1831641746 mosaic_pts_select target_pts=3249948 selected_pts=3250000,3250000,3250000,3250000 selected_frame=78,78,78,78
t=1831641751 model_submit model=yolo ch=0 frame=85 ok=1 pending_before=2 pending_after=3
t=1831641751 decode_enqueue ch=0 frame=85 pts_us=3541666 inflight=2 max_inflight=8 queue=6
t=1831641755 model_submit model=yolo ch=2 frame=85 ok=1 pending_before=3 pending_after=4
t=1831641755 decode_enqueue ch=2 frame=85 pts_us=3541666 inflight=2 max_inflight=8 queue=7
t=1831641774 rknn_infer ch=1 frame=83 lock_wait_us=0 rga_pre_us=2518 run_us=32489 outputs_get_us=2039 post_us=414 release_us=1 total_us=37485 boxes=0
t=1831641774 model_output model=yolo ch=1 frame=83 pending_after=4 boxes=0
t=1831641774 agg_first_result model=yolo ch=1 frame=83
t=1831641774 agg_add model=yolo ch=1 frame=83 results=1 boxes=0 first=1
t=1831641774 agg_publish ch=1 frame=83 partial=0 ready=1 results=1 models=yolo has_face=0 face_boxes=0 yolo_boxes=0 waited_ms=0
t=1831641775 mosaic_submit ch=1 frame=83 pts_us=3458333 partial=0 results=1 has_face=0 face_boxes=0 yolo_boxes=0
t=1831641775 rknn_infer ch=0 frame=85 lock_wait_us=0 rga_pre_us=2026 run_us=18935 outputs_get_us=2160 post_us=555 release_us=1 total_us=23699 boxes=0
t=1831641775 model_output model=yolo ch=0 frame=85 pending_after=3 boxes=0
t=1831641775 agg_first_result model=yolo ch=0 frame=85
t=1831641775 agg_add model=yolo ch=0 frame=85 results=1 boxes=0 first=1
t=1831641775 agg_publish ch=0 frame=85 partial=0 ready=1 results=1 models=yolo has_face=0 face_boxes=0 yolo_boxes=0 waited_ms=0
t=1831641775 mosaic_submit ch=0 frame=85 pts_us=3541666 partial=0 results=1 has_face=0 face_boxes=0 yolo_boxes=0
t=1831641777 rknn_infer ch=3 frame=84 lock_wait_us=0 rga_pre_us=1943 run_us=31869 outputs_get_us=2082 post_us=552 release_us=1 total_us=36473 boxes=0
t=1831641777 model_output model=yolo ch=3 frame=84 pending_after=2 boxes=0
t=1831641778 agg_first_result model=yolo ch=3 frame=84
t=1831641778 agg_add model=yolo ch=3 frame=84 results=1 boxes=0 first=1
t=1831641778 rknn_infer ch=2 frame=85 lock_wait_us=0 rga_pre_us=1858 run_us=18582 outputs_get_us=2052 post_us=549 release_us=1 total_us=23057 boxes=0
t=1831641778 model_output model=yolo ch=2 frame=85 pending_after=1 boxes=0
t=1831641778 agg_first_result model=yolo ch=2 frame=85
t=1831641778 agg_add model=yolo ch=2 frame=85 results=1 boxes=0 first=1
t=1831641778 agg_publish ch=2 frame=85 partial=0 ready=1 results=1 models=yolo has_face=0 face_boxes=0 yolo_boxes=0 waited_ms=0
t=1831641778 mosaic_submit ch=2 frame=85 pts_us=3541666 partial=0 results=1 has_face=0 face_boxes=0 yolo_boxes=0
t=1831641778 model_submit model=yolo ch=1 frame=84 ok=1 pending_before=0 pending_after=1
t=1831641779 model_submit model=face_yolo ch=1 frame=84 ok=1 pending_before=3 pending_after=4
t=1831641779 decode_enqueue ch=1 frame=84 pts_us=3500000 inflight=1 max_inflight=8 queue=5
t=1831641782 model_submit model=yolo ch=3 frame=85 ok=1 pending_before=1 pending_after=2
t=1831641783 decode_enqueue ch=3 frame=85 pts_us=3541666 inflight=2 max_inflight=8 queue=6
t=1831641787 mosaic_e2e_age_ms ch0=285 ch1=217 ch2=281 ch3=254 frame=79,79,79,79
t=1831641787 mosaic_pts_select target_pts=3291614 selected_pts=3291666,3291666,3291666,3291666 selected_frame=79,79,79,79
t=1831641793 model_submit model=yolo ch=0 frame=86 ok=1 pending_before=2 pending_after=3
t=1831641793 decode_enqueue ch=0 frame=86 pts_us=3583333 inflight=2 max_inflight=8 queue=7
t=1831641797 model_submit model=yolo ch=2 frame=86 ok=1 pending_before=3 pending_after=4
t=1831641797 decode_enqueue ch=2 frame=86 pts_us=3583333 inflight=2 max_inflight=8 queue=8
t=1831641800 rknn_infer ch=0 frame=84 lock_wait_us=0 rga_pre_us=2244 run_us=85771 outputs_get_us=552 post_us=1847 release_us=2 total_us=90444 boxes=0
t=1831641800 model_output model=face_yolo ch=0 frame=84 pending_after=4 boxes=0
t=1831641801 agg_add model=face_yolo ch=0 frame=84 results=2 boxes=0 first=0
t=1831641801 agg_publish ch=0 frame=84 partial=0 ready=1 results=2 models=yolo,face_yolo has_face=1 face_boxes=0 yolo_boxes=0 waited_ms=65
t=1831641801 mosaic_submit ch=0 frame=84 pts_us=3500000 partial=0 results=2 has_face=1 face_boxes=0 yolo_boxes=0
t=1831641802 mosaic_rtsp_handoff packet=78 compose_to_encode_ms=4 compose_to_rtsp_ms=57 rtsp_push_ms=53 ok=1
t=1831641802 rknn_infer ch=2 frame=84 lock_wait_us=0 rga_pre_us=2382 run_us=84708 outputs_get_us=471 post_us=1032 release_us=1 total_us=88613 boxes=0
t=1831641802 model_output model=face_yolo ch=2 frame=84 pending_after=3 boxes=0
t=1831641802 agg_add model=face_yolo ch=2 frame=84 results=2 boxes=0 first=0
t=1831641802 agg_publish ch=2 frame=84 partial=0 ready=1 results=2 models=yolo,face_yolo has_face=1 face_boxes=0 yolo_boxes=0 waited_ms=65
t=1831641802 mosaic_submit ch=2 frame=84 pts_us=3500000 partial=0 results=2 has_face=1 face_boxes=0 yolo_boxes=0
t=1831641802 mosaic_rtsp_handoff packet=79 compose_to_encode_ms=15 compose_to_rtsp_ms=15 rtsp_push_ms=0 ok=1
t=1831641817 rknn_infer ch=1 frame=84 lock_wait_us=0 rga_pre_us=1923 run_us=33047 outputs_get_us=2570 post_us=597 release_us=2 total_us=38163 boxes=0
t=1831641817 model_output model=yolo ch=1 frame=84 pending_after=4 boxes=0
t=1831641817 rknn_infer ch=3 frame=84 lock_wait_us=0 rga_pre_us=2209 run_us=71499 outputs_get_us=476 post_us=1835 release_us=1 total_us=76045 boxes=0
t=1831641817 model_output model=face_yolo ch=3 frame=84 pending_after=2 boxes=0
t=1831641817 agg_first_result model=yolo ch=1 frame=84
t=1831641817 agg_add model=yolo ch=1 frame=84 results=1 boxes=0 first=1
t=1831641817 rknn_infer ch=0 frame=86 lock_wait_us=0 rga_pre_us=1951 run_us=19422 outputs_get_us=2199 post_us=552 release_us=1 total_us=24144 boxes=0
t=1831641817 model_output model=yolo ch=0 frame=86 pending_after=3 boxes=0
t=1831641817 agg_add model=face_yolo ch=3 frame=84 results=2 boxes=0 first=0
t=1831641817 agg_publish ch=3 frame=84 partial=0 ready=1 results=2 models=yolo,face_yolo has_face=1 face_boxes=0 yolo_boxes=0 waited_ms=39
t=1831641818 mosaic_submit ch=3 frame=84 pts_us=3500000 partial=0 results=2 has_face=1 face_boxes=0 yolo_boxes=0
t=1831641818 agg_first_result model=yolo ch=0 frame=86
t=1831641818 agg_add model=yolo ch=0 frame=86 results=1 boxes=0 first=1
t=1831641818 agg_publish ch=0 frame=86 partial=0 ready=1 results=1 models=yolo has_face=0 face_boxes=0 yolo_boxes=0 waited_ms=0
t=1831641818 mosaic_submit ch=0 frame=86 pts_us=3583333 partial=0 results=1 has_face=0 face_boxes=0 yolo_boxes=0
t=1831641820 model_submit model=yolo ch=1 frame=85 ok=1 pending_before=2 pending_after=3
t=1831641820 decode_enqueue ch=1 frame=85 pts_us=3541666 inflight=2 max_inflight=8 queue=4
t=1831641822 rknn_infer ch=2 frame=86 lock_wait_us=0 rga_pre_us=1924 run_us=20657 outputs_get_us=2324 post_us=601 release_us=2 total_us=25529 boxes=0
t=1831641822 model_output model=yolo ch=2 frame=86 pending_after=3 boxes=0
t=1831641822 agg_first_result model=yolo ch=2 frame=86
t=1831641822 agg_add model=yolo ch=2 frame=86 results=1 boxes=0 first=1
t=1831641822 agg_publish ch=2 frame=86 partial=0 ready=1 results=1 models=yolo has_face=0 face_boxes=0 yolo_boxes=0 waited_ms=0
t=1831641823 mosaic_submit ch=2 frame=86 pts_us=3583333 partial=0 results=1 has_face=0 face_boxes=0 yolo_boxes=0
t=1831641823 rknn_infer ch=3 frame=85 lock_wait_us=0 rga_pre_us=1875 run_us=35748 outputs_get_us=2011 post_us=552 release_us=1 total_us=40204 boxes=0
t=1831641823 model_output model=yolo ch=3 frame=85 pending_after=2 boxes=0
t=1831641823 agg_first_result model=yolo ch=3 frame=85
t=1831641823 agg_add model=yolo ch=3 frame=85 results=1 boxes=0 first=1
t=1831641823 agg_publish ch=3 frame=85 partial=0 ready=1 results=1 models=yolo has_face=0 face_boxes=0 yolo_boxes=0 waited_ms=0
t=1831641824 model_submit model=yolo ch=3 frame=86 ok=1 pending_before=1 pending_after=2
t=1831641824 decode_enqueue ch=3 frame=86 pts_us=3583333 inflight=1 max_inflight=8 queue=3
t=1831641830 mosaic_e2e_age_ms ch0=287 ch1=219 ch2=284 ch3=256 frame=80,80,80,80
t=1831641830 mosaic_pts_select target_pts=3333280 selected_pts=3333333,3333333,3333333,3333333 selected_frame=80,80,80,80
t=1831641834 mosaic_submit ch=3 frame=85 pts_us=3541666 partial=0 results=1 has_face=0 face_boxes=0 yolo_boxes=0
t=1831641835 model_submit model=yolo ch=0 frame=87 ok=1 pending_before=2 pending_after=3
t=1831641835 model_submit model=face_yolo ch=0 frame=87 ok=1 pending_before=1 pending_after=2
t=1831641835 decode_enqueue ch=0 frame=87 pts_us=3625000 inflight=1 max_inflight=8 queue=5
t=1831641835 mosaic_rtsp_handoff packet=80 compose_to_encode_ms=5 compose_to_rtsp_ms=5 rtsp_push_ms=0 ok=1
t=1831641838 model_submit model=yolo ch=2 frame=87 ok=1 pending_before=3 pending_after=4
t=1831641838 model_submit model=face_yolo ch=2 frame=87 ok=1 pending_before=2 pending_after=3
t=1831641838 decode_enqueue ch=2 frame=87 pts_us=3625000 inflight=1 max_inflight=8 queue=7
t=1831641848 rknn_infer ch=1 frame=84 lock_wait_us=0 rga_pre_us=1982 run_us=43293 outputs_get_us=504 post_us=1800 release_us=1 total_us=47599 boxes=0
t=1831641848 model_output model=face_yolo ch=1 frame=84 pending_after=3 boxes=0
t=1831641849 agg_add model=face_yolo ch=1 frame=84 results=2 boxes=0 first=0
t=1831641849 agg_publish ch=1 frame=84 partial=0 ready=1 results=2 models=yolo,face_yolo has_face=1 face_boxes=0 yolo_boxes=0 waited_ms=31
t=1831641849 mosaic_submit ch=1 frame=84 pts_us=3500000 partial=0 results=2 has_face=1 face_boxes=0 yolo_boxes=0
t=1831641860 rknn_infer ch=1 frame=85 lock_wait_us=0 rga_pre_us=1982 run_us=32801 outputs_get_us=2358 post_us=577 release_us=2 total_us=37743 boxes=0
t=1831641860 model_output model=yolo ch=1 frame=85 pending_after=4 boxes=0
t=1831641860 agg_first_result model=yolo ch=1 frame=85
t=1831641861 agg_add model=yolo ch=1 frame=85 results=1 boxes=0 first=1
t=1831641861 rknn_infer ch=3 frame=86 lock_wait_us=0 rga_pre_us=1924 run_us=31876 outputs_get_us=2057 post_us=563 release_us=1 total_us=36440 boxes=0
t=1831641861 model_output model=yolo ch=3 frame=86 pending_after=3 boxes=0
t=1831641861 agg_publish ch=1 frame=85 partial=0 ready=1 results=1 models=yolo has_face=0 face_boxes=0 yolo_boxes=0 waited_ms=0
t=1831641861 mosaic_submit ch=1 frame=85 pts_us=3541666 partial=0 results=1 has_face=0 face_boxes=0 yolo_boxes=0
t=1831641861 model_submit model=yolo ch=1 frame=86 ok=1 pending_before=3 pending_after=4
t=1831641861 decode_enqueue ch=1 frame=86 pts_us=3583333 inflight=1 max_inflight=8 queue=6
t=1831641864 rknn_infer ch=2 frame=87 lock_wait_us=0 rga_pre_us=1901 run_us=20795 outputs_get_us=2338 post_us=552 release_us=1 total_us=25611 boxes=0
t=1831641864 model_output model=yolo ch=2 frame=87 pending_after=4 boxes=0
t=1831641864 agg_first_result model=yolo ch=2 frame=87
t=1831641864 rknn_infer ch=0 frame=87 lock_wait_us=0 rga_pre_us=3042 run_us=22761 outputs_get_us=2702 post_us=594 release_us=1 total_us=29121 boxes=0
t=1831641864 model_output model=yolo ch=0 frame=87 pending_after=3 boxes=0
t=1831641864 agg_add model=yolo ch=2 frame=87 results=1 boxes=0 first=1
t=1831641864 agg_lock_health submit_count=131 submit_wait_avg_us=16 submit_wait_max_us=375 submit_wait_over_500us=0 worker_count=189 worker_hold_avg_us=135 worker_hold_max_us=566 worker_hold_over_2ms=0 queue=0 pending=1 registered=3
t=1831641865 agg_first_result model=yolo ch=3 frame=86
t=1831641865 agg_add model=yolo ch=3 frame=86 results=1 boxes=0 first=1
t=1831641865 agg_publish ch=3 frame=86 partial=0 ready=1 results=1 models=yolo has_face=0 face_boxes=0 yolo_boxes=0 waited_ms=0
t=1831641866 model_submit model=yolo ch=3 frame=87 ok=1 pending_before=1 pending_after=2
t=1831641866 model_submit model=face_yolo ch=3 frame=87 ok=1 pending_before=2 pending_after=3
t=1831641866 decode_enqueue ch=3 frame=87 pts_us=3625000 inflight=1 max_inflight=8 queue=5
t=1831641870 mosaic_e2e_age_ms ch0=285 ch1=216 ch2=281 ch3=253 frame=81,81,81,81
t=1831641870 mosaic_pts_select target_pts=3374946 selected_pts=3375000,3375000,3375000,3375000 selected_frame=81,81,81,81
t=1831641874 mosaic_submit ch=3 frame=86 pts_us=3583333 partial=0 results=1 has_face=0 face_boxes=0 yolo_boxes=0
t=1831641874 agg_first_result model=yolo ch=0 frame=87
t=1831641874 agg_add model=yolo ch=0 frame=87 results=1 boxes=0 first=1
t=1831641875 mosaic_rtsp_handoff packet=81 compose_to_encode_ms=4 compose_to_rtsp_ms=5 rtsp_push_ms=1 ok=1
t=1831641876 model_submit model=yolo ch=0 frame=88 ok=1 pending_before=2 pending_after=3
t=1831641876 decode_enqueue ch=0 frame=88 pts_us=3666666 inflight=2 max_inflight=8 queue=6
t=1831641880 model_submit model=yolo ch=2 frame=88 ok=1 pending_before=3 pending_after=4
t=1831641880 decode_enqueue ch=2 frame=88 pts_us=3666666 inflight=2 max_inflight=8 queue=7
t=1831641903 model_submit model=yolo ch=1 frame=87 ok=1 pending_before=4 pending_after=5
t=1831641903 model_submit model=face_yolo ch=1 frame=87 ok=1 pending_before=3 pending_after=4
t=1831641903 decode_enqueue ch=1 frame=87 pts_us=3625000 inflight=2 max_inflight=8 queue=9
t=1831641903 rknn_infer ch=0 frame=88 lock_wait_us=0 rga_pre_us=2041 run_us=20785 outputs_get_us=3011 post_us=1001 release_us=2 total_us=26863 boxes=0
t=1831641903 model_output model=yolo ch=0 frame=88 pending_after=5 boxes=0
t=1831641904 rknn_infer ch=1 frame=86 lock_wait_us=0 rga_pre_us=1930 run_us=32525 outputs_get_us=3667 post_us=1115 release_us=3 total_us=39270 boxes=0
t=1831641904 agg_first_result model=yolo ch=0 frame=88
t=1831641904 model_output model=yolo ch=1 frame=86 pending_after=4 boxes=0
t=1831641904 agg_add model=yolo ch=0 frame=88 results=1 boxes=0 first=1
t=1831641904 agg_publish ch=0 frame=88 partial=0 ready=1 results=1 models=yolo has_face=0 face_boxes=0 yolo_boxes=0 waited_ms=0
t=1831641904 mosaic_submit ch=0 frame=88 pts_us=3666666 partial=0 results=1 has_face=0 face_boxes=0 yolo_boxes=0
t=1831641904 agg_first_result model=yolo ch=1 frame=86
t=1831641904 agg_add model=yolo ch=1 frame=86 results=1 boxes=0 first=1
t=1831641905 agg_publish ch=1 frame=86 partial=0 ready=1 results=1 models=yolo has_face=0 face_boxes=0 yolo_boxes=0 waited_ms=0
t=1831641905 mosaic_submit ch=1 frame=86 pts_us=3583333 partial=0 results=1 has_face=0 face_boxes=0 yolo_boxes=0
t=1831641908 model_submit model=yolo ch=3 frame=88 ok=1 pending_before=3 pending_after=4
t=1831641908 decode_enqueue ch=3 frame=88 pts_us=3666666 inflight=2 max_inflight=8 queue=8
t=1831641908 rknn_infer ch=3 frame=87 lock_wait_us=0 rga_pre_us=1848 run_us=36666 outputs_get_us=3100 post_us=977 release_us=2 total_us=42622 boxes=0
t=1831641909 model_output model=yolo ch=3 frame=87 pending_after=4 boxes=0
t=1831641909 agg_first_result model=yolo ch=3 frame=87
t=1831641909 agg_add model=yolo ch=3 frame=87 results=1 boxes=0 first=1
t=1831641911 rknn_infer ch=2 frame=88 lock_wait_us=0 rga_pre_us=2258 run_us=22718 outputs_get_us=5118 post_us=852 release_us=4 total_us=30981 boxes=0
t=1831641911 model_output model=yolo ch=2 frame=88 pending_after=3 boxes=0
t=1831641911 agg_first_result model=yolo ch=2 frame=88
t=1831641911 agg_add model=yolo ch=2 frame=88 results=1 boxes=0 first=1
t=1831641911 agg_publish ch=2 frame=88 partial=0 ready=1 results=1 models=yolo has_face=0 face_boxes=0 yolo_boxes=0 waited_ms=0
t=1831641912 mosaic_e2e_age_ms ch0=285 ch1=217 ch2=281 ch3=254 frame=82,82,82,82
t=1831641912 mosaic_pts_select target_pts=3416612 selected_pts=3416666,3416666,3416666,3416666 selected_frame=82,82,82,82
t=1831641916 encoder_health source=encoder_in in_fps=24.04 packet_fps=23.08 frame_fps=23.08 recycle_fps=23.08 pending=1 total_in=83 total_frames=82
t=1831641916 mosaic_submit ch=2 frame=88 pts_us=3666666 partial=0 results=1 has_face=0 face_boxes=0 yolo_boxes=0
t=1831641917 mosaic_rtsp_handoff packet=82 compose_to_encode_ms=5 compose_to_rtsp_ms=5 rtsp_push_ms=0 ok=1
t=1831641918 model_submit model=yolo ch=0 frame=89 ok=1 pending_before=2 pending_after=3
t=1831641918 decode_enqueue ch=0 frame=89 pts_us=3708333 inflight=2 max_inflight=8 queue=7
t=1831641922 model_submit model=yolo ch=2 frame=89 ok=1 pending_before=3 pending_after=4
t=1831641922 decode_enqueue ch=2 frame=89 pts_us=3708333 inflight=2 max_inflight=8 queue=8
t=1831641922 rknn_infer ch=0 frame=87 lock_wait_us=0 rga_pre_us=1899 run_us=83466 outputs_get_us=413 post_us=887 release_us=0 total_us=86685 boxes=0
t=1831641922 model_output model=face_yolo ch=0 frame=87 pending_after=4 boxes=0
t=1831641922 agg_add model=face_yolo ch=0 frame=87 results=2 boxes=0 first=0
t=1831641922 agg_publish ch=0 frame=87 partial=0 ready=1 results=2 models=yolo,face_yolo has_face=1 face_boxes=0 yolo_boxes=0 waited_ms=47
t=1831641922 mosaic_submit ch=0 frame=87 pts_us=3625000 partial=0 results=2 has_face=1 face_boxes=0 yolo_boxes=0
t=1831641922 mosaic_health source=submit submit_fps=99.50 tick_fps=23.88 not_ready_fps=0.00 compose_fps=23.88 push_fps=23.88 busy_drop_fps=0.00 total_submit=351 total_tick=96 total_not_ready=13 total_compose=83 total_push=83 rga_fail=0 latest_frame=87,86,88,86 latest_pts_us=3625000,3583333,3666666,3583333
t=1831641924 rknn_infer ch=2 frame=87 lock_wait_us=0 rga_pre_us=2177 run_us=81802 outputs_get_us=325 post_us=786 release_us=1 total_us=85107 boxes=0
t=1831641924 model_output model=face_yolo ch=2 frame=87 pending_after=3 boxes=0
t=1831641924 agg_add model=face_yolo ch=2 frame=87 results=2 boxes=0 first=0
t=1831641924 agg_publish ch=2 frame=87 partial=0 ready=1 results=2 models=yolo,face_yolo has_face=1 face_boxes=0 yolo_boxes=0 waited_ms=59
t=1831641924 mosaic_submit ch=2 frame=87 pts_us=3625000 partial=0 results=2 has_face=1 face_boxes=0 yolo_boxes=0
t=1831641940 rknn_infer ch=1 frame=87 lock_wait_us=50 rga_pre_us=2116 run_us=32716 outputs_get_us=1237 post_us=172 release_us=2 total_us=36316 boxes=0
t=1831641940 model_output model=yolo ch=1 frame=87 pending_after=4 boxes=0
t=1831641940 agg_first_result model=yolo ch=1 frame=87
t=1831641940 agg_add model=yolo ch=1 frame=87 results=1 boxes=0 first=1
t=1831641942 rknn_infer ch=0 frame=89 lock_wait_us=0 rga_pre_us=2056 run_us=19249 outputs_get_us=2275 post_us=553 release_us=2 total_us=24159 boxes=0
t=1831641942 model_output model=yolo ch=0 frame=89 pending_after=3 boxes=0
t=1831641943 agg_first_result model=yolo ch=0 frame=89
t=1831641943 agg_add model=yolo ch=0 frame=89 results=1 boxes=0 first=1
t=1831641943 agg_publish ch=0 frame=89 partial=0 ready=1 results=1 models=yolo has_face=0 face_boxes=0 yolo_boxes=0 waited_ms=0
t=1831641943 mosaic_submit ch=0 frame=89 pts_us=3708333 partial=0 results=1 has_face=0 face_boxes=0 yolo_boxes=0
t=1831641944 rknn_infer ch=3 frame=87 lock_wait_us=0 rga_pre_us=1953 run_us=73594 outputs_get_us=483 post_us=1863 release_us=0 total_us=77907 boxes=0
t=1831641944 model_output model=face_yolo ch=3 frame=87 pending_after=2 boxes=0
t=1831641944 agg_add model=face_yolo ch=3 frame=87 results=2 boxes=0 first=0
t=1831641944 agg_publish ch=3 frame=87 partial=0 ready=1 results=2 models=yolo,face_yolo has_face=1 face_boxes=0 yolo_boxes=0 waited_ms=35
t=1831641944 mosaic_submit ch=3 frame=87 pts_us=3625000 partial=0 results=2 has_face=1 face_boxes=0 yolo_boxes=0
t=1831641945 model_submit model=yolo ch=1 frame=88 ok=1 pending_before=2 pending_after=3
t=1831641945 decode_enqueue ch=1 frame=88 pts_us=3666666 inflight=2 max_inflight=8 queue=4
t=1831641947 rknn_infer ch=2 frame=89 lock_wait_us=0 rga_pre_us=2156 run_us=19816 outputs_get_us=2354 post_us=732 release_us=2 total_us=25087 boxes=0
t=1831641947 model_output model=yolo ch=2 frame=89 pending_after=3 boxes=0
t=1831641947 agg_first_result model=yolo ch=2 frame=89
t=1831641947 agg_add model=yolo ch=2 frame=89 results=1 boxes=0 first=1
t=1831641947 agg_publish ch=2 frame=89 partial=0 ready=1 results=1 models=yolo has_face=0 face_boxes=0 yolo_boxes=0 waited_ms=0
t=1831641947 mosaic_submit ch=2 frame=89 pts_us=3708333 partial=0 results=1 has_face=0 face_boxes=0 yolo_boxes=0
t=1831641947 rknn_infer ch=3 frame=88 lock_wait_us=631 rga_pre_us=1968 run_us=33864 outputs_get_us=2210 post_us=552 release_us=1 total_us=39249 boxes=0
t=1831641947 model_output model=yolo ch=3 frame=88 pending_after=2 boxes=0
t=1831641948 agg_first_result model=yolo ch=3 frame=88
t=1831641948 agg_add model=yolo ch=3 frame=88 results=1 boxes=0 first=1
t=1831641948 agg_publish ch=3 frame=88 partial=0 ready=1 results=1 models=yolo has_face=0 face_boxes=0 yolo_boxes=0 waited_ms=0
t=1831641949 model_submit model=yolo ch=3 frame=89 ok=1 pending_before=1 pending_after=2
t=1831641949 decode_enqueue ch=3 frame=89 pts_us=3708333 inflight=1 max_inflight=8 queue=3
t=1831641953 mosaic_e2e_age_ms ch0=285 ch1=217 ch2=282 ch3=254 frame=83,83,83,83
t=1831641953 mosaic_pts_select target_pts=3458278 selected_pts=3458333,3458333,3458333,3458333 selected_frame=83,83,83,83
t=1831641959 mosaic_submit ch=3 frame=88 pts_us=3666666 partial=0 results=1 has_face=0 face_boxes=0 yolo_boxes=0
t=1831641960 model_submit model=yolo ch=0 frame=90 ok=1 pending_before=2 pending_after=3
t=1831641960 zl_rtsp_health url=rtsp://127.0.0.1:8554/live/mosaic input_fps=23.98 input_us_last=386 input_us_max=52122 media_wall_diff_ms=24 total_packets=84 pts=311250 size=451 key=0
t=1831641960 mosaic_rtsp_handoff packet=83 compose_to_encode_ms=6 compose_to_rtsp_ms=7 rtsp_push_ms=1 ok=1
t=1831641960 model_submit model=face_yolo ch=0 frame=90 ok=1 pending_before=1 pending_after=2
t=1831641960 decode_enqueue ch=0 frame=90 pts_us=3750000 inflight=1 max_inflight=8 queue=5
t=1831641963 model_submit model=yolo ch=2 frame=90 ok=1 pending_before=3 pending_after=4
t=1831641963 model_submit model=face_yolo ch=2 frame=90 ok=1 pending_before=2 pending_after=3
t=1831641963 decode_enqueue ch=2 frame=90 pts_us=3750000 inflight=1 max_inflight=8 queue=7
t=1831641966 rknn_infer ch=1 frame=88 lock_wait_us=0 rga_pre_us=1902 run_us=17208 outputs_get_us=2157 post_us=408 release_us=1 total_us=21703 boxes=0
t=1831641966 model_output model=yolo ch=1 frame=88 pending_after=4 boxes=0
t=1831641967 agg_first_result model=yolo ch=1 frame=88
t=1831641967 agg_add model=yolo ch=1 frame=88 results=1 boxes=0 first=1
t=1831641967 agg_publish ch=1 frame=88 partial=0 ready=1 results=1 models=yolo has_face=0 face_boxes=0 yolo_boxes=0 waited_ms=0
t=1831641967 mosaic_submit ch=1 frame=88 pts_us=3666666 partial=0 results=1 has_face=0 face_boxes=0 yolo_boxes=0
t=1831641969 rknn_infer ch=1 frame=87 lock_wait_us=0 rga_pre_us=2014 run_us=42657 outputs_get_us=518 post_us=1850 release_us=2 total_us=47062 boxes=0
t=1831641969 model_output model=face_yolo ch=1 frame=87 pending_after=3 boxes=0
t=1831641969 agg_add model=face_yolo ch=1 frame=87 results=2 boxes=0 first=0
t=1831641969 agg_publish ch=1 frame=87 partial=0 ready=1 results=2 models=yolo,face_yolo has_face=1 face_boxes=0 yolo_boxes=0 waited_ms=29
t=1831641969 mosaic_submit ch=1 frame=87 pts_us=3625000 partial=0 results=2 has_face=1 face_boxes=0 yolo_boxes=0
t=1831641983 rknn_infer ch=0 frame=90 lock_wait_us=0 rga_pre_us=3564 run_us=16802 outputs_get_us=2132 post_us=552 release_us=1 total_us=23074 boxes=0
t=1831641983 model_output model=yolo ch=0 frame=90 pending_after=3 boxes=0
t=1831641983 agg_first_result model=yolo ch=0 frame=90
t=1831641983 agg_add model=yolo ch=0 frame=90 results=1 boxes=0 first=1
t=1831641985 rknn_infer ch=3 frame=89 lock_wait_us=0 rga_pre_us=1999 run_us=31455 outputs_get_us=2158 post_us=560 release_us=2 total_us=36198 boxes=0
t=1831641985 model_output model=yolo ch=3 frame=89 pending_after=2 boxes=0
t=1831641986 agg_first_result model=yolo ch=3 frame=89
t=1831641986 agg_add model=yolo ch=3 frame=89 results=1 boxes=0 first=1
t=1831641986 agg_publish ch=3 frame=89 partial=0 ready=1 results=1 models=yolo has_face=0 face_boxes=0 yolo_boxes=0 waited_ms=0
t=1831641986 mosaic_submit ch=3 frame=89 pts_us=3708333 partial=0 results=1 has_face=0 face_boxes=0 yolo_boxes=0
t=1831641986 rknn_infer ch=2 frame=90 lock_wait_us=0 rga_pre_us=1831 run_us=18915 outputs_get_us=1954 post_us=139 release_us=0 total_us=22854 boxes=0
t=1831641986 model_output model=yolo ch=2 frame=90 pending_after=1 boxes=0
t=1831641986 model_submit model=yolo ch=1 frame=89 ok=1 pending_before=0 pending_after=1
t=1831641986 decode_enqueue ch=1 frame=89 pts_us=3708333 inflight=1 max_inflight=8 queue=3
t=1831641986 agg_first_result model=yolo ch=2 frame=90
t=1831641986 agg_add model=yolo ch=2 frame=90 results=1 boxes=0 first=1
t=1831641991 model_submit model=yolo ch=3 frame=90 ok=1 pending_before=1 pending_after=2
t=1831641991 model_submit model=face_yolo ch=3 frame=90 ok=1 pending_before=2 pending_after=3
t=1831641991 decode_enqueue ch=3 frame=90 pts_us=3750000 inflight=1 max_inflight=8 queue=5
t=1831641995 mosaic_e2e_age_ms ch0=285 ch1=216 ch2=281 ch3=253 frame=84,84,84,84
t=1831641995 mosaic_pts_select target_pts=3499944 selected_pts=3500000,3500000,3500000,3500000 selected_frame=84,84,84,84
t=1831642001 model_submit model=yolo ch=0 frame=91 ok=1 pending_before=2 pending_after=3
t=1831642002 decode_enqueue ch=0 frame=91 pts_us=3791666 inflight=2 max_inflight=8 queue=6
t=1831642005 model_submit model=yolo ch=2 frame=91 ok=1 pending_before=3 pending_after=4
t=1831642005 decode_enqueue ch=2 frame=91 pts_us=3791666 inflight=2 max_inflight=8 queue=7
t=1831642022 rknn_infer ch=1 frame=89 lock_wait_us=0 rga_pre_us=1809 run_us=32440 outputs_get_us=1431 post_us=251 release_us=1 total_us=35951 boxes=0
t=1831642022 model_output model=yolo ch=1 frame=89 pending_after=4 boxes=0
t=1831642025 rknn_infer ch=0 frame=91 lock_wait_us=0 rga_pre_us=2145 run_us=18331 outputs_get_us=2576 post_us=627 release_us=3 total_us=23706 boxes=0
t=1831642025 model_output model=yolo ch=0 frame=91 pending_after=3 boxes=0
t=1831642026 agg_first_result model=yolo ch=1 frame=89
t=1831642026 agg_add model=yolo ch=1 frame=89 results=1 boxes=0 first=1
t=1831642026 agg_publish ch=1 frame=89 partial=0 ready=1 results=1 models=yolo has_face=0 face_boxes=0 yolo_boxes=0 waited_ms=0
t=1831642026 mosaic_submit ch=1 frame=89 pts_us=3708333 partial=0 results=1 has_face=0 face_boxes=0 yolo_boxes=0
t=1831642026 agg_first_result model=yolo ch=0 frame=91
t=1831642026 agg_add model=yolo ch=0 frame=91 results=1 boxes=0 first=1
t=1831642026 agg_publish ch=0 frame=91 partial=0 ready=1 results=1 models=yolo has_face=0 face_boxes=0 yolo_boxes=0 waited_ms=0
t=1831642026 mosaic_submit ch=0 frame=91 pts_us=3791666 partial=0 results=1 has_face=0 face_boxes=0 yolo_boxes=0
t=1831642026 rknn_infer ch=3 frame=90 lock_wait_us=0 rga_pre_us=1923 run_us=31930 outputs_get_us=1273 post_us=254 release_us=1 total_us=35403 boxes=0
t=1831642026 model_output model=yolo ch=3 frame=90 pending_after=2 boxes=0
t=1831642026 agg_first_result model=yolo ch=3 frame=90
t=1831642026 agg_add model=yolo ch=3 frame=90 results=1 boxes=0 first=1
t=1831642027 rknn_infer ch=2 frame=91 lock_wait_us=0 rga_pre_us=1860 run_us=18738 outputs_get_us=1288 post_us=255 release_us=1 total_us=22159 boxes=0
t=1831642027 model_output model=yolo ch=2 frame=91 pending_after=1 boxes=0
t=1831642027 agg_first_result model=yolo ch=2 frame=91
t=1831642027 agg_add model=yolo ch=2 frame=91 results=1 boxes=0 first=1
t=1831642027 agg_publish ch=2 frame=91 partial=0 ready=1 results=1 models=yolo has_face=0 face_boxes=0 yolo_boxes=0 waited_ms=0
t=1831642027 mosaic_submit ch=2 frame=91 pts_us=3791666 partial=0 results=1 has_face=0 face_boxes=0 yolo_boxes=0
t=1831642028 model_submit model=yolo ch=1 frame=90 ok=1 pending_before=0 pending_after=1
t=1831642028 model_submit model=face_yolo ch=1 frame=90 ok=1 pending_before=3 pending_after=4
t=1831642028 decode_enqueue ch=1 frame=90 pts_us=3750000 inflight=1 max_inflight=8 queue=5
t=1831642032 model_submit model=yolo ch=3 frame=91 ok=1 pending_before=1 pending_after=2
t=1831642032 decode_enqueue ch=3 frame=91 pts_us=3791666 inflight=2 max_inflight=8 queue=6
t=1831642036 mosaic_e2e_age_ms ch0=285 ch1=217 ch2=281 ch3=254 frame=85,85,85,85
t=1831642036 mosaic_pts_select target_pts=3541610 selected_pts=3541666,3541666,3541666,3541666 selected_frame=85,85,85,85
t=1831642043 model_submit model=yolo ch=0 frame=92 ok=1 pending_before=2 pending_after=3
t=1831642043 decode_enqueue ch=0 frame=92 pts_us=3833333 inflight=2 max_inflight=8 queue=7
t=1831642047 model_submit model=yolo ch=2 frame=92 ok=1 pending_before=3 pending_after=4
t=1831642047 decode_enqueue ch=2 frame=92 pts_us=3833333 inflight=2 max_inflight=8 queue=8
t=1831642048 rknn_infer ch=2 frame=90 lock_wait_us=0 rga_pre_us=2092 run_us=82123 outputs_get_us=268 post_us=615 release_us=0 total_us=85116 boxes=0
t=1831642049 model_output model=face_yolo ch=2 frame=90 pending_after=4 boxes=0
t=1831642049 agg_add model=face_yolo ch=2 frame=90 results=2 boxes=0 first=0
t=1831642049 agg_publish ch=2 frame=90 partial=0 ready=1 results=2 models=yolo,face_yolo has_face=1 face_boxes=0 yolo_boxes=0 waited_ms=62
t=1831642049 mosaic_submit ch=2 frame=90 pts_us=3750000 partial=0 results=2 has_face=1 face_boxes=0 yolo_boxes=0
t=1831642051 rknn_infer ch=0 frame=90 lock_wait_us=0 rga_pre_us=2111 run_us=86885 outputs_get_us=547 post_us=1312 release_us=1 total_us=90881 boxes=0
t=1831642051 model_output model=face_yolo ch=0 frame=90 pending_after=3 boxes=0
t=1831642051 mosaic_rtsp_handoff packet=84 compose_to_encode_ms=4 compose_to_rtsp_ms=56 rtsp_push_ms=52 ok=1
t=1831642051 agg_add model=face_yolo ch=0 frame=90 results=2 boxes=0 first=0
t=1831642051 agg_publish ch=0 frame=90 partial=0 ready=1 results=2 models=yolo,face_yolo has_face=1 face_boxes=0 yolo_boxes=0 waited_ms=67
t=1831642051 mosaic_submit ch=0 frame=90 pts_us=3750000 partial=0 results=2 has_face=1 face_boxes=0 yolo_boxes=0
t=1831642052 mosaic_rtsp_handoff packet=85 compose_to_encode_ms=15 compose_to_rtsp_ms=16 rtsp_push_ms=1 ok=1
t=1831642063 rknn_infer ch=3 frame=90 lock_wait_us=0 rga_pre_us=2046 run_us=67247 outputs_get_us=573 post_us=1917 release_us=1 total_us=71808 boxes=0
t=1831642063 model_output model=face_yolo ch=3 frame=90 pending_after=2 boxes=0
t=1831642063 agg_add model=face_yolo ch=3 frame=90 results=2 boxes=0 first=0
t=1831642063 agg_publish ch=3 frame=90 partial=0 ready=1 results=2 models=yolo,face_yolo has_face=1 face_boxes=0 yolo_boxes=0 waited_ms=36
t=1831642064 mosaic_submit ch=3 frame=90 pts_us=3750000 partial=0 results=2 has_face=1 face_boxes=0 yolo_boxes=0
t=1831642064 rknn_infer ch=1 frame=90 lock_wait_us=0 rga_pre_us=1825 run_us=32776 outputs_get_us=1331 post_us=235 release_us=1 total_us=36184 boxes=0
t=1831642064 model_output model=yolo ch=1 frame=90 pending_after=4 boxes=0
t=1831642064 agg_first_result model=yolo ch=1 frame=90
t=1831642064 agg_add model=yolo ch=1 frame=90 results=1 boxes=0 first=1
t=1831642066 rknn_infer ch=0 frame=92 lock_wait_us=1 rga_pre_us=1956 run_us=19473 outputs_get_us=1180 post_us=229 release_us=0 total_us=22857 boxes=0
t=1831642066 model_output model=yolo ch=0 frame=92 pending_after=3 boxes=0
t=1831642066 agg_first_result model=yolo ch=0 frame=92
t=1831642066 agg_add model=yolo ch=0 frame=92 results=1 boxes=0 first=1
t=1831642066 agg_publish ch=0 frame=92 partial=0 ready=1 results=1 models=yolo has_face=0 face_boxes=0 yolo_boxes=0 waited_ms=0
t=1831642066 mosaic_submit ch=0 frame=92 pts_us=3833333 partial=0 results=1 has_face=0 face_boxes=0 yolo_boxes=0
t=1831642069 rknn_infer ch=2 frame=92 lock_wait_us=0 rga_pre_us=1889 run_us=19366 outputs_get_us=1169 post_us=226 release_us=1 total_us=22667 boxes=0
t=1831642069 model_output model=yolo ch=2 frame=92 pending_after=2 boxes=0
t=1831642069 agg_first_result model=yolo ch=2 frame=92
t=1831642070 agg_add model=yolo ch=2 frame=92 results=1 boxes=0 first=1
t=1831642070 rknn_infer ch=3 frame=91 lock_wait_us=0 rga_pre_us=2089 run_us=32285 outputs_get_us=2148 post_us=568 release_us=2 total_us=37115 boxes=0
t=1831642070 agg_publish ch=2 frame=92 partial=0 ready=1 results=1 models=yolo has_face=0 face_boxes=0 yolo_boxes=0 waited_ms=0
t=1831642070 model_output model=yolo ch=3 frame=91 pending_after=1 boxes=0
t=1831642070 model_submit model=yolo ch=1 frame=91 ok=1 pending_before=1 pending_after=2
t=1831642070 decode_enqueue ch=1 frame=91 pts_us=3791666 inflight=2 max_inflight=8 queue=2
t=1831642070 mosaic_submit ch=2 frame=92 pts_us=3833333 partial=0 results=1 has_face=0 face_boxes=0 yolo_boxes=0
t=1831642070 agg_first_result model=yolo ch=3 frame=91
t=1831642070 agg_add model=yolo ch=3 frame=91 results=1 boxes=0 first=1
t=1831642070 agg_publish ch=3 frame=91 partial=0 ready=1 results=1 models=yolo has_face=0 face_boxes=0 yolo_boxes=0 waited_ms=0
t=1831642070 mosaic_submit ch=3 frame=91 pts_us=3791666 partial=0 results=1 has_face=0 face_boxes=0 yolo_boxes=0
t=1831642074 model_submit model=yolo ch=3 frame=92 ok=1 pending_before=1 pending_after=2
t=1831642074 decode_enqueue ch=3 frame=92 pts_us=3833333 inflight=1 max_inflight=8 queue=3
t=1831642079 mosaic_e2e_age_ms ch0=285 ch1=217 ch2=282 ch3=254 frame=86,86,86,86
t=1831642079 mosaic_pts_select target_pts=3583276 selected_pts=3583333,3583333,3583333,3583333 selected_frame=86,86,86,86
t=1831642084 mosaic_rtsp_handoff packet=86 compose_to_encode_ms=4 compose_to_rtsp_ms=5 rtsp_push_ms=1 ok=1
t=1831642085 model_submit model=yolo ch=0 frame=93 ok=1 pending_before=2 pending_after=3
t=1831642085 model_submit model=face_yolo ch=0 frame=93 ok=1 pending_before=1 pending_after=2
t=1831642085 decode_enqueue ch=0 frame=93 pts_us=3875000 inflight=1 max_inflight=8 queue=5
t=1831642088 model_submit model=yolo ch=2 frame=93 ok=1 pending_before=3 pending_after=4
t=1831642088 model_submit model=face_yolo ch=2 frame=93 ok=1 pending_before=2 pending_after=3
t=1831642088 decode_enqueue ch=2 frame=93 pts_us=3875000 inflight=1 max_inflight=8 queue=7
t=1831642090 rknn_infer ch=1 frame=90 lock_wait_us=2415 rga_pre_us=2032 run_us=34498 outputs_get_us=475 post_us=1897 release_us=2 total_us=41344 boxes=0
t=1831642090 model_output model=face_yolo ch=1 frame=90 pending_after=3 boxes=0
t=1831642090 agg_add model=face_yolo ch=1 frame=90 results=2 boxes=0 first=0
t=1831642090 agg_publish ch=1 frame=90 partial=0 ready=1 results=2 models=yolo,face_yolo has_face=1 face_boxes=0 yolo_boxes=0 waited_ms=26
t=1831642091 mosaic_submit ch=1 frame=90 pts_us=3750000 partial=0 results=2 has_face=1 face_boxes=0 yolo_boxes=0
t=1831642107 rknn_infer ch=0 frame=93 lock_wait_us=0 rga_pre_us=1832 run_us=18701 outputs_get_us=1129 post_us=174 release_us=1 total_us=21855 boxes=0
t=1831642107 model_output model=yolo ch=0 frame=93 pending_after=4 boxes=0
t=1831642107 agg_first_result model=yolo ch=0 frame=93
t=1831642107 agg_add model=yolo ch=0 frame=93 results=1 boxes=0 first=1
t=1831642109 rknn_infer ch=1 frame=91 lock_wait_us=0 rga_pre_us=2044 run_us=32561 outputs_get_us=3686 post_us=1007 release_us=3 total_us=39332 boxes=0
t=1831642109 model_output model=yolo ch=1 frame=91 pending_after=3 boxes=0
t=1831642110 agg_first_result model=yolo ch=1 frame=91
t=1831642110 agg_add model=yolo ch=1 frame=91 results=1 boxes=0 first=1
t=1831642110 agg_publish ch=1 frame=91 partial=0 ready=1 results=1 models=yolo has_face=0 face_boxes=0 yolo_boxes=0 waited_ms=0
t=1831642110 mosaic_submit ch=1 frame=91 pts_us=3791666 partial=0 results=1 has_face=0 face_boxes=0 yolo_boxes=0
t=1831642111 rknn_infer ch=2 frame=93 lock_wait_us=1 rga_pre_us=1764 run_us=18956 outputs_get_us=1122 post_us=236 release_us=1 total_us=22096 boxes=0
t=1831642111 model_output model=yolo ch=2 frame=93 pending_after=2 boxes=0
t=1831642111 rknn_infer ch=3 frame=92 lock_wait_us=0 rga_pre_us=1854 run_us=31711 outputs_get_us=2900 post_us=239 release_us=0 total_us=36718 boxes=0
t=1831642111 model_output model=yolo ch=3 frame=92 pending_after=1 boxes=0
t=1831642111 agg_first_result model=yolo ch=2 frame=93
t=1831642111 agg_add model=yolo ch=2 frame=93 results=1 boxes=0 first=1
t=1831642111 model_submit model=yolo ch=1 frame=92 ok=1 pending_before=1 pending_after=2
t=1831642111 agg_first_result model=yolo ch=3 frame=92
t=1831642112 agg_add model=yolo ch=3 frame=92 results=1 boxes=0 first=1
t=1831642112 decode_enqueue ch=1 frame=92 pts_us=3833333 inflight=1 max_inflight=8 queue=4
t=1831642112 agg_publish ch=3 frame=92 partial=0 ready=1 results=1 models=yolo has_face=0 face_boxes=0 yolo_boxes=0 waited_ms=0
t=1831642112 mosaic_submit ch=3 frame=92 pts_us=3833333 partial=0 results=1 has_face=0 face_boxes=0 yolo_boxes=0
t=1831642116 model_submit model=yolo ch=3 frame=93 ok=1 pending_before=1 pending_after=2
t=1831642116 model_submit model=face_yolo ch=3 frame=93 ok=1 pending_before=2 pending_after=3
t=1831642116 decode_enqueue ch=3 frame=93 pts_us=3875000 inflight=1 max_inflight=8 queue=5
t=1831642120 mosaic_e2e_age_ms ch0=286 ch1=217 ch2=282 ch3=254 frame=87,87,87,87
t=1831642120 mosaic_pts_select target_pts=3624942 selected_pts=3625000,3625000,3625000,3625000 selected_frame=87,87,87,87
t=1831642125 mosaic_rtsp_handoff packet=87 compose_to_encode_ms=5 compose_to_rtsp_ms=5 rtsp_push_ms=0 ok=1
t=1831642126 model_submit model=yolo ch=0 frame=94 ok=1 pending_before=2 pending_after=3
t=1831642127 decode_enqueue ch=0 frame=94 pts_us=3916666 inflight=2 max_inflight=8 queue=6
t=1831642130 model_submit model=yolo ch=2 frame=94 ok=1 pending_before=3 pending_after=4
t=1831642130 decode_enqueue ch=2 frame=94 pts_us=3916666 inflight=2 max_inflight=8 queue=7
t=1831642148 rknn_infer ch=1 frame=92 lock_wait_us=0 rga_pre_us=2381 run_us=32532 outputs_get_us=1616 post_us=310 release_us=1 total_us=36864 boxes=0
t=1831642148 model_output model=yolo ch=1 frame=92 pending_after=4 boxes=0
t=1831642149 agg_first_result model=yolo ch=1 frame=92
t=1831642149 agg_add model=yolo ch=1 frame=92 results=1 boxes=0 first=1
t=1831642149 agg_publish ch=1 frame=92 partial=0 ready=1 results=1 models=yolo has_face=0 face_boxes=0 yolo_boxes=0 waited_ms=0
t=1831642149 mosaic_submit ch=1 frame=92 pts_us=3833333 partial=0 results=1 has_face=0 face_boxes=0 yolo_boxes=0
t=1831642149 rknn_infer ch=0 frame=94 lock_wait_us=0 rga_pre_us=1909 run_us=18955 outputs_get_us=1677 post_us=308 release_us=1 total_us=22869 boxes=0
t=1831642149 model_output model=yolo ch=0 frame=94 pending_after=3 boxes=0
t=1831642150 agg_first_result model=yolo ch=0 frame=94
t=1831642150 agg_add model=yolo ch=0 frame=94 results=1 boxes=0 first=1
t=1831642150 agg_publish ch=0 frame=94 partial=0 ready=1 results=1 models=yolo has_face=0 face_boxes=0 yolo_boxes=0 waited_ms=0
t=1831642150 mosaic_submit ch=0 frame=94 pts_us=3916666 partial=0 results=1 has_face=0 face_boxes=0 yolo_boxes=0
t=1831642153 rknn_infer ch=2 frame=94 lock_wait_us=2 rga_pre_us=1885 run_us=19398 outputs_get_us=1175 post_us=255 release_us=1 total_us=22733 boxes=0
t=1831642153 model_output model=yolo ch=2 frame=94 pending_after=2 boxes=0
t=1831642153 agg_first_result model=yolo ch=2 frame=94
t=1831642153 agg_add model=yolo ch=2 frame=94 results=1 boxes=0 first=1
t=1831642153 agg_publish ch=2 frame=94 partial=0 ready=1 results=1 models=yolo has_face=0 face_boxes=0 yolo_boxes=0 waited_ms=0
t=1831642153 mosaic_submit ch=2 frame=94 pts_us=3916666 partial=0 results=1 has_face=0 face_boxes=0 yolo_boxes=0
t=1831642153 model_submit model=yolo ch=1 frame=93 ok=1 pending_before=1 pending_after=2
t=1831642153 model_submit model=face_yolo ch=1 frame=93 ok=1 pending_before=3 pending_after=4
t=1831642153 decode_enqueue ch=1 frame=93 pts_us=3875000 inflight=1 max_inflight=8 queue=6
t=1831642154 rknn_infer ch=3 frame=93 lock_wait_us=0 rga_pre_us=2128 run_us=32652 outputs_get_us=2497 post_us=711 release_us=2 total_us=38012 boxes=0
t=1831642154 model_output model=yolo ch=3 frame=93 pending_after=2 boxes=0
t=1831642154 agg_first_result model=yolo ch=3 frame=93
t=1831642154 agg_add model=yolo ch=3 frame=93 results=1 boxes=0 first=1
t=1831642157 model_submit model=yolo ch=3 frame=94 ok=1 pending_before=1 pending_after=2
t=1831642158 decode_enqueue ch=3 frame=94 pts_us=3916666 inflight=2 max_inflight=8 queue=6
t=1831642162 mosaic_e2e_age_ms ch0=285 ch1=217 ch2=281 ch3=254 frame=88,88,88,88
t=1831642162 mosaic_pts_select target_pts=3666608 selected_pts=3666666,3666666,3666666,3666666 selected_frame=88,88,88,88
t=1831642167 mosaic_rtsp_handoff packet=88 compose_to_encode_ms=5 compose_to_rtsp_ms=5 rtsp_push_ms=0 ok=1
t=1831642168 model_submit model=yolo ch=0 frame=95 ok=1 pending_before=2 pending_after=3
t=1831642168 decode_enqueue ch=0 frame=95 pts_us=3958333 inflight=2 max_inflight=8 queue=7
t=1831642171 model_submit model=yolo ch=2 frame=95 ok=1 pending_before=3 pending_after=4
t=1831642172 decode_enqueue ch=2 frame=95 pts_us=3958333 inflight=2 max_inflight=8 queue=8
t=1831642173 rknn_infer ch=0 frame=93 lock_wait_us=0 rga_pre_us=2051 run_us=84762 outputs_get_us=484 post_us=1125 release_us=0 total_us=88440 boxes=0
t=1831642173 model_output model=face_yolo ch=0 frame=93 pending_after=4 boxes=0
t=1831642174 agg_add model=face_yolo ch=0 frame=93 results=2 boxes=0 first=0
t=1831642174 agg_publish ch=0 frame=93 partial=0 ready=1 results=2 models=yolo,face_yolo has_face=1 face_boxes=0 yolo_boxes=0 waited_ms=66
t=1831642174 mosaic_submit ch=0 frame=93 pts_us=3875000 partial=0 results=2 has_face=1 face_boxes=0 yolo_boxes=0
t=1831642177 rknn_infer ch=2 frame=93 lock_wait_us=0 rga_pre_us=2143 run_us=83667 outputs_get_us=554 post_us=2067 release_us=1 total_us=88451 boxes=0
t=1831642177 model_output model=face_yolo ch=2 frame=93 pending_after=3 boxes=0
t=1831642177 agg_add model=face_yolo ch=2 frame=93 results=2 boxes=0 first=0
t=1831642177 agg_publish ch=2 frame=93 partial=0 ready=1 results=2 models=yolo,face_yolo has_face=1 face_boxes=0 yolo_boxes=0 waited_ms=66
t=1831642177 mosaic_submit ch=2 frame=93 pts_us=3875000 partial=0 results=2 has_face=1 face_boxes=0 yolo_boxes=0
t=1831642189 rknn_infer ch=1 frame=93 lock_wait_us=0 rga_pre_us=1786 run_us=32426 outputs_get_us=1303 post_us=239 release_us=2 total_us=35776 boxes=0
t=1831642189 model_output model=yolo ch=1 frame=93 pending_after=4 boxes=0
t=1831642189 agg_first_result model=yolo ch=1 frame=93
t=1831642189 agg_add model=yolo ch=1 frame=93 results=1 boxes=0 first=1
t=1831642190 rknn_infer ch=0 frame=95 lock_wait_us=0 rga_pre_us=2056 run_us=18089 outputs_get_us=1469 post_us=251 release_us=1 total_us=21883 boxes=0
t=1831642190 model_output model=yolo ch=0 frame=95 pending_after=3 boxes=0
t=1831642190 agg_first_result model=yolo ch=0 frame=95
t=1831642190 agg_add model=yolo ch=0 frame=95 results=1 boxes=0 first=1
t=1831642190 agg_publish ch=0 frame=95 partial=0 ready=1 results=1 models=yolo has_face=0 face_boxes=0 yolo_boxes=0 waited_ms=0
t=1831642190 mosaic_submit ch=0 frame=95 pts_us=3958333 partial=0 results=1 has_face=0 face_boxes=0 yolo_boxes=0
t=1831642194 rknn_infer ch=3 frame=94 lock_wait_us=0 rga_pre_us=1850 run_us=33152 outputs_get_us=1220 post_us=220 release_us=1 total_us=36455 boxes=0
t=1831642194 model_output model=yolo ch=3 frame=94 pending_after=2 boxes=0
t=1831642194 agg_first_result model=yolo ch=3 frame=94
t=1831642194 agg_add model=yolo ch=3 frame=94 results=1 boxes=0 first=1
t=1831642194 rknn_infer ch=2 frame=95 lock_wait_us=0 rga_pre_us=2108 run_us=17513 outputs_get_us=2359 post_us=576 release_us=2 total_us=22588 boxes=0
t=1831642194 agg_publish ch=3 frame=94 partial=0 ready=1 results=1 models=yolo has_face=0 face_boxes=0 yolo_boxes=0 waited_ms=0
t=1831642194 model_output model=yolo ch=2 frame=95 pending_after=1 boxes=0
t=1831642195 mosaic_submit ch=3 frame=94 pts_us=3916666 partial=0 results=1 has_face=0 face_boxes=0 yolo_boxes=0
t=1831642195 model_submit model=yolo ch=1 frame=94 ok=1 pending_before=1 pending_after=1
t=1831642195 decode_enqueue ch=1 frame=94 pts_us=3916666 inflight=2 max_inflight=8 queue=3
t=1831642195 agg_first_result model=yolo ch=2 frame=95
t=1831642195 agg_add model=yolo ch=2 frame=95 results=1 boxes=0 first=1
t=1831642195 agg_publish ch=2 frame=95 partial=0 ready=1 results=1 models=yolo has_face=0 face_boxes=0 yolo_boxes=0 waited_ms=0
t=1831642195 mosaic_submit ch=2 frame=95 pts_us=3958333 partial=0 results=1 has_face=0 face_boxes=0 yolo_boxes=0
t=1831642196 rknn_infer ch=3 frame=93 lock_wait_us=0 rga_pre_us=2218 run_us=74827 outputs_get_us=479 post_us=1854 release_us=0 total_us=79392 boxes=0
t=1831642196 model_output model=face_yolo ch=3 frame=93 pending_after=2 boxes=0
t=1831642196 agg_add model=face_yolo ch=3 frame=93 results=2 boxes=0 first=0
t=1831642196 agg_publish ch=3 frame=93 partial=0 ready=1 results=2 models=yolo,face_yolo has_face=1 face_boxes=0 yolo_boxes=0 waited_ms=41
t=1831642196 mosaic_submit ch=3 frame=93 pts_us=3875000 partial=0 results=2 has_face=1 face_boxes=0 yolo_boxes=0
t=1831642199 model_submit model=yolo ch=3 frame=95 ok=1 pending_before=1 pending_after=2
t=1831642199 decode_enqueue ch=3 frame=95 pts_us=3958333 inflight=1 max_inflight=8 queue=3
t=1831642204 mosaic_e2e_age_ms ch0=285 ch1=217 ch2=282 ch3=254 frame=89,89,89,89
t=1831642204 mosaic_pts_select target_pts=3708274 selected_pts=3708333,3708333,3708333,3708333 selected_frame=89,89,89,89
t=1831642208 mosaic_rtsp_handoff packet=89 compose_to_encode_ms=4 compose_to_rtsp_ms=4 rtsp_push_ms=0 ok=1
t=1831642210 model_submit model=yolo ch=0 frame=96 ok=1 pending_before=2 pending_after=3
t=1831642210 model_submit model=face_yolo ch=0 frame=96 ok=1 pending_before=1 pending_after=2
t=1831642210 decode_enqueue ch=0 frame=96 pts_us=4000000 inflight=1 max_inflight=8 queue=5
t=1831642212 rknn_infer ch=1 frame=93 lock_wait_us=0 rga_pre_us=1890 run_us=34854 outputs_get_us=401 post_us=866 release_us=0 total_us=38024 boxes=0
t=1831642212 model_output model=face_yolo ch=1 frame=93 pending_after=2 boxes=0
t=1831642212 agg_add model=face_yolo ch=1 frame=93 results=2 boxes=0 first=0
t=1831642212 agg_publish ch=1 frame=93 partial=0 ready=1 results=2 models=yolo,face_yolo has_face=1 face_boxes=0 yolo_boxes=0 waited_ms=22
t=1831642212 mosaic_submit ch=1 frame=93 pts_us=3875000 partial=0 results=2 has_face=1 face_boxes=0 yolo_boxes=0
t=1831642213 model_submit model=yolo ch=2 frame=96 ok=1 pending_before=3 pending_after=4
t=1831642213 model_submit model=face_yolo ch=2 frame=96 ok=1 pending_before=1 pending_after=2
t=1831642213 decode_enqueue ch=2 frame=96 pts_us=4000000 inflight=1 max_inflight=8 queue=6
t=1831642215 rknn_infer ch=1 frame=94 lock_wait_us=0 rga_pre_us=1771 run_us=17338 outputs_get_us=1510 post_us=212 release_us=1 total_us=20849 boxes=0
t=1831642215 model_output model=yolo ch=1 frame=94 pending_after=4 boxes=0
t=1831642216 agg_first_result model=yolo ch=1 frame=94
t=1831642216 agg_add model=yolo ch=1 frame=94 results=1 boxes=0 first=1
t=1831642216 agg_publish ch=1 frame=94 partial=0 ready=1 results=1 models=yolo has_face=0 face_boxes=0 yolo_boxes=0 waited_ms=0
t=1831642216 mosaic_submit ch=1 frame=94 pts_us=3916666 partial=0 results=1 has_face=0 face_boxes=0 yolo_boxes=0
t=1831642233 rknn_infer ch=0 frame=96 lock_wait_us=0 rga_pre_us=3313 run_us=17124 outputs_get_us=1896 post_us=409 release_us=2 total_us=22770 boxes=0
t=1831642233 model_output model=yolo ch=0 frame=96 pending_after=3 boxes=0
t=1831642233 agg_first_result model=yolo ch=0 frame=96
t=1831642233 agg_add model=yolo ch=0 frame=96 results=1 boxes=0 first=1
t=1831642236 rknn_infer ch=2 frame=96 lock_wait_us=0 rga_pre_us=1909 run_us=18132 outputs_get_us=2576 post_us=597 release_us=3 total_us=23264 boxes=0
t=1831642237 model_output model=yolo ch=2 frame=96 pending_after=2 boxes=0
t=1831642237 agg_first_result model=yolo ch=2 frame=96
t=1831642237 agg_add model=yolo ch=2 frame=96 results=1 boxes=0 first=1
t=1831642237 rknn_infer ch=3 frame=95 lock_wait_us=0 rga_pre_us=1849 run_us=33648 outputs_get_us=1895 post_us=409 release_us=1 total_us=37825 boxes=0
t=1831642237 model_output model=yolo ch=3 frame=95 pending_after=1 boxes=0
t=1831642237 agg_first_result model=yolo ch=3 frame=95
t=1831642237 agg_add model=yolo ch=3 frame=95 results=1 boxes=0 first=1
t=1831642237 agg_publish ch=3 frame=95 partial=0 ready=1 results=1 models=yolo has_face=0 face_boxes=0 yolo_boxes=0 waited_ms=0
t=1831642237 mosaic_submit ch=3 frame=95 pts_us=3958333 partial=0 results=1 has_face=0 face_boxes=0 yolo_boxes=0
t=1831642237 model_submit model=yolo ch=1 frame=95 ok=1 pending_before=0 pending_after=1
t=1831642238 decode_enqueue ch=1 frame=95 pts_us=3958333 inflight=1 max_inflight=8 queue=3
t=1831642241 model_submit model=yolo ch=3 frame=96 ok=1 pending_before=1 pending_after=2
t=1831642241 model_submit model=face_yolo ch=3 frame=96 ok=1 pending_before=2 pending_after=3
t=1831642241 decode_enqueue ch=3 frame=96 pts_us=4000000 inflight=1 max_inflight=8 queue=5
t=1831642247 mosaic_e2e_age_ms ch0=287 ch1=218 ch2=283 ch3=255 frame=90,90,90,90
t=1831642247 mosaic_pts_select target_pts=3749940 selected_pts=3750000,3750000,3750000,3750000 selected_frame=90,90,90,90
t=1831642251 model_submit model=yolo ch=0 frame=97 ok=1 pending_before=2 pending_after=3
t=1831642251 decode_enqueue ch=0 frame=97 pts_us=4041666 inflight=2 max_inflight=8 queue=6
t=1831642255 model_submit model=yolo ch=2 frame=97 ok=1 pending_before=3 pending_after=4
t=1831642255 decode_enqueue ch=2 frame=97 pts_us=4041666 inflight=2 max_inflight=8 queue=7
t=1831642261 rknn_infer ch=3 frame=96 lock_wait_us=0 rga_pre_us=1964 run_us=16816 outputs_get_us=1438 post_us=237 release_us=1 total_us=20475 boxes=0
t=1831642261 model_output model=yolo ch=3 frame=96 pending_after=4 boxes=0
t=1831642262 agg_first_result model=yolo ch=3 frame=96
t=1831642262 agg_add model=yolo ch=3 frame=96 results=1 boxes=0 first=1
t=1831642265 mosaic_rtsp_handoff packet=90 compose_to_encode_ms=4 compose_to_rtsp_ms=18 rtsp_push_ms=14 ok=1
t=1831642275 rknn_infer ch=1 frame=95 lock_wait_us=0 rga_pre_us=2382 run_us=32645 outputs_get_us=972 post_us=156 release_us=0 total_us=36175 boxes=0
t=1831642275 model_output model=yolo ch=1 frame=95 pending_after=3 boxes=0
t=1831642275 agg_first_result model=yolo ch=1 frame=95
t=1831642275 agg_add model=yolo ch=1 frame=95 results=1 boxes=0 first=1
t=1831642275 agg_publish ch=1 frame=95 partial=0 ready=1 results=1 models=yolo has_face=0 face_boxes=0 yolo_boxes=0 waited_ms=0
t=1831642275 mosaic_submit ch=1 frame=95 pts_us=3958333 partial=0 results=1 has_face=0 face_boxes=0 yolo_boxes=0
t=1831642276 rknn_infer ch=2 frame=97 lock_wait_us=0 rga_pre_us=1995 run_us=16897 outputs_get_us=1030 post_us=142 release_us=0 total_us=20089 boxes=0
t=1831642277 model_output model=yolo ch=2 frame=97 pending_after=2 boxes=0
t=1831642277 agg_first_result model=yolo ch=2 frame=97
t=1831642277 agg_add model=yolo ch=2 frame=97 results=1 boxes=0 first=1
t=1831642277 agg_publish ch=2 frame=97 partial=0 ready=1 results=1 models=yolo has_face=0 face_boxes=0 yolo_boxes=0 waited_ms=0
t=1831642277 mosaic_submit ch=2 frame=97 pts_us=4041666 partial=0 results=1 has_face=0 face_boxes=0 yolo_boxes=0
t=1831642278 rknn_infer ch=0 frame=97 lock_wait_us=0 rga_pre_us=2038 run_us=20947 outputs_get_us=2438 post_us=696 release_us=2 total_us=26138 boxes=0
t=1831642278 model_output model=yolo ch=0 frame=97 pending_after=1 boxes=0
t=1831642278 agg_first_result model=yolo ch=0 frame=97
t=1831642278 agg_add model=yolo ch=0 frame=97 results=1 boxes=0 first=1
t=1831642278 agg_publish ch=0 frame=97 partial=0 ready=1 results=1 models=yolo has_face=0 face_boxes=0 yolo_boxes=0 waited_ms=0
t=1831642278 mosaic_submit ch=0 frame=97 pts_us=4041666 partial=0 results=1 has_face=0 face_boxes=0 yolo_boxes=0
t=1831642278 model_submit model=yolo ch=1 frame=96 ok=1 pending_before=0 pending_after=1
t=1831642278 model_submit model=face_yolo ch=1 frame=96 ok=1 pending_before=3 pending_after=4
t=1831642278 decode_enqueue ch=1 frame=96 pts_us=4000000 inflight=1 max_inflight=8 queue=5
t=1831642282 model_submit model=yolo ch=3 frame=97 ok=1 pending_before=1 pending_after=2
t=1831642283 decode_enqueue ch=3 frame=97 pts_us=4041666 inflight=2 max_inflight=8 queue=6
t=1831642287 mosaic_e2e_age_ms ch0=285 ch1=217 ch2=281 ch3=254 frame=91,91,91,91
t=1831642287 mosaic_pts_select target_pts=3791606 selected_pts=3791666,3791666,3791666,3791666 selected_frame=91,91,91,91
t=1831642289 rknn_infer ch=2 frame=96 lock_wait_us=0 rga_pre_us=2386 run_us=71440 outputs_get_us=567 post_us=1812 release_us=2 total_us=76232 boxes=0
t=1831642290 model_output model=face_yolo ch=2 frame=96 pending_after=4 boxes=0
t=1831642290 agg_add model=face_yolo ch=2 frame=96 results=2 boxes=0 first=0
t=1831642290 agg_publish ch=2 frame=96 partial=0 ready=1 results=2 models=yolo,face_yolo has_face=1 face_boxes=0 yolo_boxes=0 waited_ms=53
t=1831642291 mosaic_submit ch=2 frame=96 pts_us=4000000 partial=0 results=2 has_face=1 face_boxes=0 yolo_boxes=0
t=1831642292 mosaic_rtsp_handoff packet=91 compose_to_encode_ms=5 compose_to_rtsp_ms=5 rtsp_push_ms=0 ok=1
t=1831642293 model_submit model=yolo ch=0 frame=98 ok=1 pending_before=2 pending_after=3
t=1831642293 decode_enqueue ch=0 frame=98 pts_us=4083333 inflight=2 max_inflight=8 queue=6
t=1831642297 model_submit model=yolo ch=2 frame=98 ok=1 pending_before=3 pending_after=4
t=1831642297 decode_enqueue ch=2 frame=98 pts_us=4083333 inflight=1 max_inflight=8 queue=7
t=1831642298 rknn_infer ch=0 frame=96 lock_wait_us=0 rga_pre_us=2116 run_us=83603 outputs_get_us=561 post_us=2035 release_us=1 total_us=88342 boxes=0
t=1831642298 model_output model=face_yolo ch=0 frame=96 pending_after=3 boxes=0
t=1831642299 agg_add model=face_yolo ch=0 frame=96 results=2 boxes=0 first=0
t=1831642299 agg_publish ch=0 frame=96 partial=0 ready=1 results=2 models=yolo,face_yolo has_face=1 face_boxes=0 yolo_boxes=0 waited_ms=65
t=1831642299 mosaic_submit ch=0 frame=96 pts_us=4000000 partial=0 results=2 has_face=1 face_boxes=0 yolo_boxes=0
t=1831642303 rknn_infer ch=3 frame=97 lock_wait_us=0 rga_pre_us=1756 run_us=17481 outputs_get_us=1186 post_us=260 release_us=1 total_us=20702 boxes=0
t=1831642303 model_output model=yolo ch=3 frame=97 pending_after=4 boxes=0
t=1831642303 agg_first_result model=yolo ch=3 frame=97
t=1831642303 agg_add model=yolo ch=3 frame=97 results=1 boxes=0 first=1
t=1831642304 agg_publish ch=3 frame=97 partial=0 ready=1 results=1 models=yolo has_face=0 face_boxes=0 yolo_boxes=0 waited_ms=0
t=1831642304 mosaic_submit ch=3 frame=97 pts_us=4041666 partial=0 results=1 has_face=0 face_boxes=0 yolo_boxes=0
t=1831642307 rknn_infer ch=3 frame=96 lock_wait_us=0 rga_pre_us=2132 run_us=62919 outputs_get_us=370 post_us=942 release_us=0 total_us=66426 boxes=0
t=1831642307 model_output model=face_yolo ch=3 frame=96 pending_after=2 boxes=0
t=1831642308 agg_add model=face_yolo ch=3 frame=96 results=2 boxes=0 first=0
t=1831642308 agg_publish ch=3 frame=96 partial=0 ready=1 results=2 models=yolo,face_yolo has_face=1 face_boxes=0 yolo_boxes=0 waited_ms=46
t=1831642308 mosaic_submit ch=3 frame=96 pts_us=4000000 partial=0 results=2 has_face=1 face_boxes=0 yolo_boxes=0
t=1831642314 rknn_infer ch=1 frame=96 lock_wait_us=0 rga_pre_us=1854 run_us=32715 outputs_get_us=1265 post_us=209 release_us=0 total_us=36062 boxes=0
t=1831642314 model_output model=yolo ch=1 frame=96 pending_after=3 boxes=0
t=1831642314 agg_first_result model=yolo ch=1 frame=96
t=1831642314 agg_add model=yolo ch=1 frame=96 results=1 boxes=0 first=1
t=1831642316 rknn_infer ch=0 frame=98 lock_wait_us=0 rga_pre_us=1971 run_us=19493 outputs_get_us=1133 post_us=212 release_us=0 total_us=22827 boxes=0
t=1831642316 model_output model=yolo ch=0 frame=98 pending_after=2 boxes=0
t=1831642316 agg_first_result model=yolo ch=0 frame=98
t=1831642316 agg_add model=yolo ch=0 frame=98 results=1 boxes=0 first=1
t=1831642316 agg_publish ch=0 frame=98 partial=0 ready=1 results=1 models=yolo has_face=0 face_boxes=0 yolo_boxes=0 waited_ms=0
t=1831642316 mosaic_submit ch=0 frame=98 pts_us=4083333 partial=0 results=1 has_face=0 face_boxes=0 yolo_boxes=0
t=1831642320 model_submit model=yolo ch=1 frame=97 ok=1 pending_before=1 pending_after=2
t=1831642320 decode_enqueue ch=1 frame=97 pts_us=4041666 inflight=2 max_inflight=8 queue=3
t=1831642320 rknn_infer ch=2 frame=98 lock_wait_us=0 rga_pre_us=2424 run_us=16541 outputs_get_us=2141 post_us=641 release_us=2 total_us=21773 boxes=0
t=1831642321 model_output model=yolo ch=2 frame=98 pending_after=2 boxes=0
t=1831642321 agg_first_result model=yolo ch=2 frame=98
t=1831642321 agg_add model=yolo ch=2 frame=98 results=1 boxes=0 first=1
t=1831642321 agg_publish ch=2 frame=98 partial=0 ready=1 results=1 models=yolo has_face=0 face_boxes=0 yolo_boxes=0 waited_ms=0
t=1831642321 mosaic_submit ch=2 frame=98 pts_us=4083333 partial=0 results=1 has_face=0 face_boxes=0 yolo_boxes=0
t=1831642324 model_submit model=yolo ch=3 frame=98 ok=1 pending_before=1 pending_after=2
t=1831642324 decode_enqueue ch=3 frame=98 pts_us=4083333 inflight=1 max_inflight=8 queue=3
t=1831642328 mosaic_e2e_age_ms ch0=285 ch1=217 ch2=282 ch3=254 frame=92,92,92,92
t=1831642328 mosaic_pts_select target_pts=3833272 selected_pts=3833333,3833333,3833333,3833333 selected_frame=92,92,92,92
t=1831642333 mosaic_rtsp_handoff packet=92 compose_to_encode_ms=4 compose_to_rtsp_ms=5 rtsp_push_ms=1 ok=1
t=1831642335 model_submit model=yolo ch=0 frame=99 ok=1 pending_before=2 pending_after=3
t=1831642335 model_submit model=face_yolo ch=0 frame=99 ok=1 pending_before=1 pending_after=2
t=1831642335 decode_enqueue ch=0 frame=99 pts_us=4125000 inflight=1 max_inflight=8 queue=5
t=1831642338 model_submit model=yolo ch=2 frame=99 ok=1 pending_before=3 pending_after=4
t=1831642338 model_submit model=face_yolo ch=2 frame=99 ok=1 pending_before=2 pending_after=3
t=1831642338 decode_enqueue ch=2 frame=99 pts_us=4125000 inflight=1 max_inflight=8 queue=7
t=1831642338 rknn_infer ch=1 frame=96 lock_wait_us=8772 rga_pre_us=2107 run_us=35100 outputs_get_us=557 post_us=1887 release_us=1 total_us=48453 boxes=0
t=1831642338 model_output model=face_yolo ch=1 frame=96 pending_after=3 boxes=0
t=1831642339 agg_add model=face_yolo ch=1 frame=96 results=2 boxes=0 first=0
t=1831642339 agg_publish ch=1 frame=96 partial=0 ready=1 results=2 models=yolo,face_yolo has_face=1 face_boxes=0 yolo_boxes=0 waited_ms=24
t=1831642339 mosaic_submit ch=1 frame=96 pts_us=4000000 partial=0 results=2 has_face=1 face_boxes=0 yolo_boxes=0
t=1831642357 rknn_infer ch=1 frame=97 lock_wait_us=0 rga_pre_us=2853 run_us=32537 outputs_get_us=1562 post_us=310 release_us=1 total_us=37286 boxes=0
t=1831642357 model_output model=yolo ch=1 frame=97 pending_after=4 boxes=0
t=1831642357 agg_first_result model=yolo ch=1 frame=97
t=1831642357 agg_add model=yolo ch=1 frame=97 results=1 boxes=0 first=1
t=1831642357 agg_publish ch=1 frame=97 partial=0 ready=1 results=1 models=yolo has_face=0 face_boxes=0 yolo_boxes=0 waited_ms=0
t=1831642357 mosaic_submit ch=1 frame=97 pts_us=4041666 partial=0 results=1 has_face=0 face_boxes=0 yolo_boxes=0
t=1831642358 rknn_infer ch=0 frame=99 lock_wait_us=0 rga_pre_us=1964 run_us=19099 outputs_get_us=1513 post_us=313 release_us=1 total_us=22908 boxes=0
t=1831642358 model_output model=yolo ch=0 frame=99 pending_after=3 boxes=0
t=1831642358 agg_first_result model=yolo ch=0 frame=99
t=1831642358 agg_add model=yolo ch=0 frame=99 results=1 boxes=0 first=1
t=1831642360 rknn_infer ch=2 frame=99 lock_wait_us=0 rga_pre_us=2142 run_us=16961 outputs_get_us=2093 post_us=590 release_us=2 total_us=21810 boxes=0
t=1831642360 model_output model=yolo ch=2 frame=99 pending_after=2 boxes=0
t=1831642360 agg_first_result model=yolo ch=2 frame=99
t=1831642360 agg_add model=yolo ch=2 frame=99 results=1 boxes=0 first=1
t=1831642361 rknn_infer ch=3 frame=98 lock_wait_us=0 rga_pre_us=1825 run_us=33458 outputs_get_us=1479 post_us=311 release_us=1 total_us=37095 boxes=0
t=1831642361 model_output model=yolo ch=3 frame=98 pending_after=1 boxes=0
t=1831642362 model_submit model=yolo ch=1 frame=98 ok=1 pending_before=0 pending_after=1
t=1831642362 decode_enqueue ch=1 frame=98 pts_us=4083333 inflight=1 max_inflight=8 queue=3
t=1831642362 agg_first_result model=yolo ch=3 frame=98
t=1831642362 agg_add model=yolo ch=3 frame=98 results=1 boxes=0 first=1
t=1831642362 agg_publish ch=3 frame=98 partial=0 ready=1 results=1 models=yolo has_face=0 face_boxes=0 yolo_boxes=0 waited_ms=0
t=1831642362 mosaic_submit ch=3 frame=98 pts_us=4083333 partial=0 results=1 has_face=0 face_boxes=0 yolo_boxes=0
t=1831642366 model_submit model=yolo ch=3 frame=99 ok=1 pending_before=1 pending_after=2
t=1831642366 model_submit model=face_yolo ch=3 frame=99 ok=1 pending_before=2 pending_after=3
t=1831642366 decode_enqueue ch=3 frame=99 pts_us=4125000 inflight=1 max_inflight=8 queue=5
t=1831642370 mosaic_e2e_age_ms ch0=286 ch1=217 ch2=282 ch3=254 frame=93,93,93,93
t=1831642370 mosaic_pts_select target_pts=3874938 selected_pts=3875000,3875000,3875000,3875000 selected_frame=93,93,93,93
t=1831642375 mosaic_rtsp_handoff packet=93 compose_to_encode_ms=5 compose_to_rtsp_ms=5 rtsp_push_ms=0 ok=1
t=1831642377 model_submit model=yolo ch=0 frame=100 ok=1 pending_before=2 pending_after=3
t=1831642377 decode_enqueue ch=0 frame=100 pts_us=4166666 inflight=2 max_inflight=8 queue=6
t=1831642380 model_submit model=yolo ch=2 frame=100 ok=1 pending_before=3 pending_after=4
t=1831642380 decode_enqueue ch=2 frame=100 pts_us=4166666 inflight=2 max_inflight=8 queue=7
t=1831642399 rknn_infer ch=1 frame=98 lock_wait_us=0 rga_pre_us=2650 run_us=32447 outputs_get_us=1504 post_us=309 release_us=1 total_us=36933 boxes=0
t=1831642399 model_output model=yolo ch=1 frame=98 pending_after=4 boxes=0
t=1831642399 agg_first_result model=yolo ch=1 frame=98
t=1831642399 agg_add model=yolo ch=1 frame=98 results=1 boxes=0 first=1
t=1831642399 agg_publish ch=1 frame=98 partial=0 ready=1 results=1 models=yolo has_face=0 face_boxes=0 yolo_boxes=0 waited_ms=0
t=1831642399 mosaic_submit ch=1 frame=98 pts_us=4083333 partial=0 results=1 has_face=0 face_boxes=0 yolo_boxes=0
t=1831642401 rknn_infer ch=3 frame=99 lock_wait_us=0 rga_pre_us=1857 run_us=31609 outputs_get_us=1518 post_us=312 release_us=1 total_us=35315 boxes=0
t=1831642401 model_output model=yolo ch=3 frame=99 pending_after=3 boxes=0
t=1831642401 agg_first_result model=yolo ch=3 frame=99
t=1831642402 agg_add model=yolo ch=3 frame=99 results=1 boxes=0 first=1
t=1831642402 rknn_infer ch=0 frame=100 lock_wait_us=0 rga_pre_us=2036 run_us=18758 outputs_get_us=2866 post_us=972 release_us=2 total_us=24663 boxes=0
t=1831642402 model_output model=yolo ch=0 frame=100 pending_after=2 boxes=0
t=1831642402 agg_first_result model=yolo ch=0 frame=100
t=1831642402 agg_add model=yolo ch=0 frame=100 results=1 boxes=0 first=1
t=1831642402 agg_publish ch=0 frame=100 partial=0 ready=1 results=1 models=yolo has_face=0 face_boxes=0 yolo_boxes=0 waited_ms=0
t=1831642402 mosaic_submit ch=0 frame=100 pts_us=4166666 partial=0 results=1 has_face=0 face_boxes=0 yolo_boxes=0
t=1831642403 rknn_infer ch=2 frame=100 lock_wait_us=0 rga_pre_us=1958 run_us=19912 outputs_get_us=1497 post_us=307 release_us=1 total_us=23694 boxes=0
t=1831642404 model_output model=yolo ch=2 frame=100 pending_after=1 boxes=0
t=1831642404 agg_first_result model=yolo ch=2 frame=100
t=1831642404 agg_add model=yolo ch=2 frame=100 results=1 boxes=0 first=1
t=1831642404 agg_publish ch=2 frame=100 partial=0 ready=1 results=1 models=yolo has_face=0 face_boxes=0 yolo_boxes=0 waited_ms=0
t=1831642404 mosaic_submit ch=2 frame=100 pts_us=4166666 partial=0 results=1 has_face=0 face_boxes=0 yolo_boxes=0
t=1831642404 model_submit model=yolo ch=1 frame=99 ok=1 pending_before=0 pending_after=1
t=1831642404 model_submit model=face_yolo ch=1 frame=99 ok=1 pending_before=3 pending_after=4
t=1831642404 decode_enqueue ch=1 frame=99 pts_us=4125000 inflight=1 max_inflight=8 queue=5
t=1831642407 model_submit model=yolo ch=3 frame=100 ok=1 pending_before=1 pending_after=2
t=1831642408 decode_enqueue ch=3 frame=100 pts_us=4166666 inflight=2 max_inflight=8 queue=6
t=1831642412 mosaic_e2e_age_ms ch0=286 ch1=218 ch2=282 ch3=255 frame=94,94,94,94
t=1831642412 mosaic_pts_select target_pts=3916604 selected_pts=3916666,3916666,3916666,3916666 selected_frame=94,94,94,94
t=1831642417 mosaic_rtsp_handoff packet=94 compose_to_encode_ms=5 compose_to_rtsp_ms=5 rtsp_push_ms=0 ok=1
t=1831642418 model_submit model=yolo ch=0 frame=101 ok=1 pending_before=2 pending_after=3
t=1831642418 decode_enqueue ch=0 frame=101 pts_us=4208333 inflight=2 max_inflight=8 queue=7
t=1831642422 model_submit model=yolo ch=2 frame=101 ok=1 pending_before=3 pending_after=4
t=1831642422 decode_enqueue ch=2 frame=101 pts_us=4208333 inflight=2 max_inflight=8 queue=8
t=1831642422 rknn_infer ch=0 frame=99 lock_wait_us=0 rga_pre_us=2227 run_us=81537 outputs_get_us=914 post_us=2238 release_us=2 total_us=86953 boxes=0
t=1831642422 model_output model=face_yolo ch=0 frame=99 pending_after=4 boxes=0
t=1831642422 agg_add model=face_yolo ch=0 frame=99 results=2 boxes=0 first=0
t=1831642422 agg_publish ch=0 frame=99 partial=0 ready=1 results=2 models=yolo,face_yolo has_face=1 face_boxes=0 yolo_boxes=0 waited_ms=64
t=1831642422 mosaic_submit ch=0 frame=99 pts_us=4125000 partial=0 results=2 has_face=1 face_boxes=0 yolo_boxes=0
t=1831642429 rknn_infer ch=2 frame=99 lock_wait_us=0 rga_pre_us=2228 run_us=87823 outputs_get_us=226 post_us=518 release_us=1 total_us=90811 boxes=0
t=1831642429 model_output model=face_yolo ch=2 frame=99 pending_after=3 boxes=0
t=1831642429 agg_add model=face_yolo ch=2 frame=99 results=2 boxes=0 first=0
t=1831642429 agg_publish ch=2 frame=99 partial=0 ready=1 results=2 models=yolo,face_yolo has_face=1 face_boxes=0 yolo_boxes=0 waited_ms=69
t=1831642429 mosaic_submit ch=2 frame=99 pts_us=4125000 partial=0 results=2 has_face=1 face_boxes=0 yolo_boxes=0
t=1831642440 rknn_infer ch=1 frame=99 lock_wait_us=0 rga_pre_us=1896 run_us=33123 outputs_get_us=943 post_us=114 release_us=0 total_us=36093 boxes=0
t=1831642440 model_output model=yolo ch=1 frame=99 pending_after=4 boxes=0
t=1831642440 agg_first_result model=yolo ch=1 frame=99
t=1831642440 agg_add model=yolo ch=1 frame=99 results=1 boxes=0 first=1
t=1831642443 rknn_infer ch=3 frame=100 lock_wait_us=0 rga_pre_us=1994 run_us=32284 outputs_get_us=898 post_us=139 release_us=1 total_us=35328 boxes=0
t=1831642443 model_output model=yolo ch=3 frame=100 pending_after=3 boxes=0
t=1831642443 rknn_infer ch=0 frame=101 lock_wait_us=0 rga_pre_us=3177 run_us=18722 outputs_get_us=2150 post_us=553 release_us=1 total_us=24630 boxes=0
t=1831642443 model_output model=yolo ch=0 frame=101 pending_after=2 boxes=0
t=1831642443 agg_first_result model=yolo ch=3 frame=100
t=1831642443 agg_add model=yolo ch=3 frame=100 results=1 boxes=0 first=1
t=1831642443 agg_publish ch=3 frame=100 partial=0 ready=1 results=1 models=yolo has_face=0 face_boxes=0 yolo_boxes=0 waited_ms=0
t=1831642443 mosaic_submit ch=3 frame=100 pts_us=4166666 partial=0 results=1 has_face=0 face_boxes=0 yolo_boxes=0
t=1831642443 agg_first_result model=yolo ch=0 frame=101
t=1831642443 agg_add model=yolo ch=0 frame=101 results=1 boxes=0 first=1
t=1831642443 agg_publish ch=0 frame=101 partial=0 ready=1 results=1 models=yolo has_face=0 face_boxes=0 yolo_boxes=0 waited_ms=0
t=1831642444 mosaic_submit ch=0 frame=101 pts_us=4208333 partial=0 results=1 has_face=0 face_boxes=0 yolo_boxes=0
t=1831642444 rknn_infer ch=3 frame=99 lock_wait_us=0 rga_pre_us=2002 run_us=73534 outputs_get_us=474 post_us=1878 release_us=1 total_us=77915 boxes=0
t=1831642444 model_output model=face_yolo ch=3 frame=99 pending_after=2 boxes=0
t=1831642444 agg_add model=face_yolo ch=3 frame=99 results=2 boxes=0 first=0
t=1831642444 agg_publish ch=3 frame=99 partial=0 ready=1 results=2 models=yolo,face_yolo has_face=1 face_boxes=0 yolo_boxes=0 waited_ms=42
t=1831642444 rknn_infer ch=2 frame=101 lock_wait_us=0 rga_pre_us=1848 run_us=19798 outputs_get_us=842 post_us=154 release_us=0 total_us=22658 boxes=0
t=1831642444 model_output model=yolo ch=2 frame=101 pending_after=1 boxes=0
t=1831642444 mosaic_submit ch=3 frame=99 pts_us=4125000 partial=0 results=2 has_face=1 face_boxes=0 yolo_boxes=0
t=1831642444 agg_first_result model=yolo ch=2 frame=101
t=1831642444 agg_add model=yolo ch=2 frame=101 results=1 boxes=0 first=1
t=1831642444 agg_publish ch=2 frame=101 partial=0 ready=1 results=1 models=yolo has_face=0 face_boxes=0 yolo_boxes=0 waited_ms=0
t=1831642445 mosaic_submit ch=2 frame=101 pts_us=4208333 partial=0 results=1 has_face=0 face_boxes=0 yolo_boxes=0
t=1831642445 model_submit model=yolo ch=1 frame=100 ok=1 pending_before=0 pending_after=1
t=1831642445 decode_enqueue ch=1 frame=100 pts_us=4166666 inflight=2 max_inflight=8 queue=2
t=1831642449 model_submit model=yolo ch=3 frame=101 ok=1 pending_before=1 pending_after=2
t=1831642449 decode_enqueue ch=3 frame=101 pts_us=4208333 inflight=1 max_inflight=8 queue=3
t=1831642454 mosaic_e2e_age_ms ch0=285 ch1=216 ch2=282 ch3=254 frame=95,95,95,95
t=1831642454 mosaic_pts_select target_pts=3958270 selected_pts=3958333,3958333,3958333,3958333 selected_frame=95,95,95,95
t=1831642460 model_submit model=yolo ch=0 frame=102 ok=1 pending_before=2 pending_after=3
t=1831642460 model_submit model=face_yolo ch=0 frame=102 ok=1 pending_before=1 pending_after=2
t=1831642460 decode_enqueue ch=0 frame=102 pts_us=4250000 inflight=1 max_inflight=8 queue=5
t=1831642461 mosaic_rtsp_handoff packet=95 compose_to_encode_ms=5 compose_to_rtsp_ms=6 rtsp_push_ms=1 ok=1
t=1831642463 model_submit model=yolo ch=2 frame=102 ok=1 pending_before=3 pending_after=4
t=1831642463 model_submit model=face_yolo ch=2 frame=102 ok=1 pending_before=2 pending_after=3
t=1831642463 decode_enqueue ch=2 frame=102 pts_us=4250000 inflight=1 max_inflight=8 queue=7
t=1831642465 rknn_infer ch=1 frame=99 lock_wait_us=0 rga_pre_us=1932 run_us=38682 outputs_get_us=499 post_us=1852 release_us=2 total_us=42993 boxes=0
t=1831642465 model_output model=face_yolo ch=1 frame=99 pending_after=3 boxes=0
t=1831642465 agg_add model=face_yolo ch=1 frame=99 results=2 boxes=0 first=0
t=1831642465 agg_publish ch=1 frame=99 partial=0 ready=1 results=2 models=yolo,face_yolo has_face=1 face_boxes=0 yolo_boxes=0 waited_ms=24
t=1831642466 mosaic_submit ch=1 frame=99 pts_us=4125000 partial=0 results=2 has_face=1 face_boxes=0 yolo_boxes=0
t=1831642483 rknn_infer ch=1 frame=100 lock_wait_us=0 rga_pre_us=2012 run_us=32936 outputs_get_us=2496 post_us=627 release_us=2 total_us=38099 boxes=0
t=1831642483 model_output model=yolo ch=1 frame=100 pending_after=4 boxes=0
t=1831642483 agg_first_result model=yolo ch=1 frame=100
t=1831642483 rknn_infer ch=0 frame=102 lock_wait_us=0 rga_pre_us=1971 run_us=18442 outputs_get_us=2132 post_us=585 release_us=2 total_us=23152 boxes=0
t=1831642483 model_output model=yolo ch=0 frame=102 pending_after=3 boxes=0
t=1831642483 agg_add model=yolo ch=1 frame=100 results=1 boxes=0 first=1
t=1831642483 agg_publish ch=1 frame=100 partial=0 ready=1 results=1 models=yolo has_face=0 face_boxes=0 yolo_boxes=0 waited_ms=0
t=1831642484 mosaic_submit ch=1 frame=100 pts_us=4166666 partial=0 results=1 has_face=0 face_boxes=0 yolo_boxes=0
t=1831642484 agg_first_result model=yolo ch=0 frame=102
t=1831642484 agg_add model=yolo ch=0 frame=102 results=1 boxes=0 first=1
t=1831642484 rknn_infer ch=3 frame=101 lock_wait_us=0 rga_pre_us=1874 run_us=31497 outputs_get_us=1271 post_us=256 release_us=1 total_us=34918 boxes=0
t=1831642484 model_output model=yolo ch=3 frame=101 pending_after=2 boxes=0
t=1831642484 agg_first_result model=yolo ch=3 frame=101
t=1831642484 agg_add model=yolo ch=3 frame=101 results=1 boxes=0 first=1
t=1831642484 agg_publish ch=3 frame=101 partial=0 ready=1 results=1 models=yolo has_face=0 face_boxes=0 yolo_boxes=0 waited_ms=0
t=1831642484 mosaic_submit ch=3 frame=101 pts_us=4208333 partial=0 results=1 has_face=0 face_boxes=0 yolo_boxes=0
t=1831642486 rknn_infer ch=2 frame=102 lock_wait_us=0 rga_pre_us=1741 run_us=19518 outputs_get_us=1205 post_us=247 release_us=1 total_us=22729 boxes=0
t=1831642486 model_output model=yolo ch=2 frame=102 pending_after=1 boxes=0
t=1831642486 agg_first_result model=yolo ch=2 frame=102
t=1831642486 agg_add model=yolo ch=2 frame=102 results=1 boxes=0 first=1
t=1831642486 model_submit model=yolo ch=1 frame=101 ok=1 pending_before=0 pending_after=1
t=1831642486 decode_enqueue ch=1 frame=101 pts_us=4208333 inflight=1 max_inflight=8 queue=3
t=1831642491 model_submit model=yolo ch=3 frame=102 ok=1 pending_before=1 pending_after=2
t=1831642491 model_submit model=face_yolo ch=3 frame=102 ok=1 pending_before=2 pending_after=3
t=1831642491 decode_enqueue ch=3 frame=102 pts_us=4250000 inflight=1 max_inflight=8 queue=5
t=1831642495 mosaic_e2e_age_ms ch0=286 ch1=217 ch2=282 ch3=254 frame=96,96,96,96
t=1831642496 mosaic_pts_select target_pts=3999936 selected_pts=4000000,4000000,4000000,4000000 selected_frame=96,96,96,96
t=1831642501 model_submit model=yolo ch=0 frame=103 ok=1 pending_before=2 pending_after=3
t=1831642502 decode_enqueue ch=0 frame=103 pts_us=4291666 inflight=2 max_inflight=8 queue=6
t=1831642502 mosaic_rtsp_handoff packet=96 compose_to_encode_ms=5 compose_to_rtsp_ms=6 rtsp_push_ms=1 ok=1
t=1831642505 model_submit model=yolo ch=2 frame=103 ok=1 pending_before=3 pending_after=4
t=1831642505 decode_enqueue ch=2 frame=103 pts_us=4291666 inflight=2 max_inflight=8 queue=7
t=1831642523 rknn_infer ch=0 frame=103 lock_wait_us=0 rga_pre_us=1873 run_us=18268 outputs_get_us=1414 post_us=253 release_us=1 total_us=21826 boxes=0
t=1831642524 model_output model=yolo ch=0 frame=103 pending_after=4 boxes=0
t=1831642524 agg_first_result model=yolo ch=0 frame=103
t=1831642524 agg_add model=yolo ch=0 frame=103 results=1 boxes=0 first=1
t=1831642524 agg_publish ch=0 frame=103 partial=0 ready=1 results=1 models=yolo has_face=0 face_boxes=0 yolo_boxes=0 waited_ms=0
t=1831642524 mosaic_submit ch=0 frame=103 pts_us=4291666 partial=0 results=1 has_face=0 face_boxes=0 yolo_boxes=0
t=1831642525 rknn_infer ch=1 frame=101 lock_wait_us=0 rga_pre_us=2124 run_us=32552 outputs_get_us=3211 post_us=651 release_us=2 total_us=38559 boxes=0
t=1831642525 model_output model=yolo ch=1 frame=101 pending_after=3 boxes=0
t=1831642525 agg_first_result model=yolo ch=1 frame=101
t=1831642525 agg_add model=yolo ch=1 frame=101 results=1 boxes=0 first=1
t=1831642525 agg_publish ch=1 frame=101 partial=0 ready=1 results=1 models=yolo has_face=0 face_boxes=0 yolo_boxes=0 waited_ms=0
t=1831642525 mosaic_submit ch=1 frame=101 pts_us=4208333 partial=0 results=1 has_face=0 face_boxes=0 yolo_boxes=0
t=1831642527 rknn_infer ch=3 frame=102 lock_wait_us=0 rga_pre_us=1896 run_us=31478 outputs_get_us=2009 post_us=586 release_us=2 total_us=35994 boxes=0
t=1831642527 model_output model=yolo ch=3 frame=102 pending_after=2 boxes=0
t=1831642527 rknn_infer ch=2 frame=103 lock_wait_us=0 rga_pre_us=1839 run_us=18888 outputs_get_us=1247 post_us=247 release_us=1 total_us=22248 boxes=0
t=1831642527 model_output model=yolo ch=2 frame=103 pending_after=1 boxes=0
t=1831642527 agg_first_result model=yolo ch=3 frame=102
t=1831642527 agg_add model=yolo ch=3 frame=102 results=1 boxes=0 first=1
t=1831642528 agg_first_result model=yolo ch=2 frame=103
t=1831642528 agg_add model=yolo ch=2 frame=103 results=1 boxes=0 first=1
t=1831642528 agg_publish ch=2 frame=103 partial=0 ready=1 results=1 models=yolo has_face=0 face_boxes=0 yolo_boxes=0 waited_ms=0
t=1831642528 mosaic_submit ch=2 frame=103 pts_us=4291666 partial=0 results=1 has_face=0 face_boxes=0 yolo_boxes=0
t=1831642528 model_submit model=yolo ch=1 frame=102 ok=1 pending_before=0 pending_after=1
t=1831642528 model_submit model=face_yolo ch=1 frame=102 ok=1 pending_before=3 pending_after=4
t=1831642528 decode_enqueue ch=1 frame=102 pts_us=4250000 inflight=1 max_inflight=8 queue=5
t=1831642533 model_submit model=yolo ch=3 frame=103 ok=1 pending_before=1 pending_after=2
t=1831642533 decode_enqueue ch=3 frame=103 pts_us=4291666 inflight=2 max_inflight=8 queue=6
t=1831642537 mosaic_e2e_age_ms ch0=286 ch1=218 ch2=282 ch3=255 frame=97,97,97,97
t=1831642537 mosaic_pts_select target_pts=4041602 selected_pts=4041666,4041666,4041666,4041666 selected_frame=97,97,97,97
t=1831642541 rknn_infer ch=2 frame=102 lock_wait_us=0 rga_pre_us=2092 run_us=73270 outputs_get_us=520 post_us=1835 release_us=1 total_us=77746 boxes=0
t=1831642541 model_output model=face_yolo ch=2 frame=102 pending_after=4 boxes=0
t=1831642541 agg_add model=face_yolo ch=2 frame=102 results=2 boxes=0 first=0
t=1831642542 agg_publish ch=2 frame=102 partial=0 ready=1 results=2 models=yolo,face_yolo has_face=1 face_boxes=0 yolo_boxes=0 waited_ms=55
t=1831642542 mosaic_submit ch=2 frame=102 pts_us=4250000 partial=0 results=2 has_face=1 face_boxes=0 yolo_boxes=0
t=1831642542 mosaic_rtsp_handoff packet=97 compose_to_encode_ms=5 compose_to_rtsp_ms=5 rtsp_push_ms=0 ok=1
t=1831642543 model_submit model=yolo ch=0 frame=104 ok=1 pending_before=2 pending_after=3
t=1831642543 decode_enqueue ch=0 frame=104 pts_us=4333333 inflight=2 max_inflight=8 queue=6
t=1831642546 rknn_infer ch=0 frame=102 lock_wait_us=0 rga_pre_us=1770 run_us=83064 outputs_get_us=268 post_us=630 release_us=0 total_us=85746 boxes=0
t=1831642547 model_output model=face_yolo ch=0 frame=102 pending_after=3 boxes=0
t=1831642547 model_submit model=yolo ch=2 frame=104 ok=1 pending_before=3 pending_after=4
t=1831642547 decode_enqueue ch=2 frame=104 pts_us=4333333 inflight=1 max_inflight=8 queue=6
t=1831642547 agg_add model=face_yolo ch=0 frame=102 results=2 boxes=0 first=0
t=1831642547 agg_publish ch=0 frame=102 partial=0 ready=1 results=2 models=yolo,face_yolo has_face=1 face_boxes=0 yolo_boxes=0 waited_ms=63
t=1831642547 mosaic_submit ch=0 frame=102 pts_us=4250000 partial=0 results=2 has_face=1 face_boxes=0 yolo_boxes=0
t=1831642563 rknn_infer ch=1 frame=102 lock_wait_us=0 rga_pre_us=1792 run_us=32316 outputs_get_us=1178 post_us=196 release_us=1 total_us=35525 boxes=0
t=1831642563 model_output model=yolo ch=1 frame=102 pending_after=4 boxes=0
t=1831642564 agg_first_result model=yolo ch=1 frame=102
t=1831642564 agg_add model=yolo ch=1 frame=102 results=1 boxes=0 first=1
t=1831642564 rknn_infer ch=3 frame=102 lock_wait_us=0 rga_pre_us=1976 run_us=68369 outputs_get_us=473 post_us=1872 release_us=1 total_us=72708 boxes=0
t=1831642564 model_output model=face_yolo ch=3 frame=102 pending_after=2 boxes=0
t=1831642564 agg_add model=face_yolo ch=3 frame=102 results=2 boxes=0 first=0
t=1831642564 agg_publish ch=3 frame=102 partial=0 ready=1 results=2 models=yolo,face_yolo has_face=1 face_boxes=0 yolo_boxes=0 waited_ms=36
t=1831642564 mosaic_submit ch=3 frame=102 pts_us=4250000 partial=0 results=2 has_face=1 face_boxes=0 yolo_boxes=0
t=1831642569 rknn_infer ch=0 frame=104 lock_wait_us=0 rga_pre_us=2336 run_us=20475 outputs_get_us=2080 post_us=556 release_us=2 total_us=25482 boxes=0
t=1831642569 model_output model=yolo ch=0 frame=104 pending_after=3 boxes=0
t=1831642569 rknn_infer ch=2 frame=104 lock_wait_us=0 rga_pre_us=2235 run_us=18583 outputs_get_us=1307 post_us=253 release_us=1 total_us=22393 boxes=0
t=1831642569 model_output model=yolo ch=2 frame=104 pending_after=2 boxes=0
t=1831642569 agg_first_result model=yolo ch=0 frame=104
t=1831642569 agg_add model=yolo ch=0 frame=104 results=1 boxes=0 first=1
t=1831642569 agg_publish ch=0 frame=104 partial=0 ready=1 results=1 models=yolo has_face=0 face_boxes=0 yolo_boxes=0 waited_ms=0
t=1831642569 mosaic_submit ch=0 frame=104 pts_us=4333333 partial=0 results=1 has_face=0 face_boxes=0 yolo_boxes=0
t=1831642570 agg_first_result model=yolo ch=2 frame=104
t=1831642570 agg_add model=yolo ch=2 frame=104 results=1 boxes=0 first=1
t=1831642570 rknn_infer ch=3 frame=103 lock_wait_us=0 rga_pre_us=1917 run_us=32128 outputs_get_us=2324 post_us=578 release_us=2 total_us=36965 boxes=0
t=1831642570 agg_publish ch=2 frame=104 partial=0 ready=1 results=1 models=yolo has_face=0 face_boxes=0 yolo_boxes=0 waited_ms=0
t=1831642570 mosaic_submit ch=2 frame=104 pts_us=4333333 partial=0 results=1 has_face=0 face_boxes=0 yolo_boxes=0
t=1831642570 model_output model=yolo ch=3 frame=103 pending_after=1 boxes=0
t=1831642570 model_submit model=yolo ch=1 frame=103 ok=1 pending_before=1 pending_after=2
t=1831642570 decode_enqueue ch=1 frame=103 pts_us=4291666 inflight=2 max_inflight=8 queue=2
t=1831642570 agg_first_result model=yolo ch=3 frame=103
t=1831642570 agg_add model=yolo ch=3 frame=103 results=1 boxes=0 first=1
t=1831642570 agg_publish ch=3 frame=103 partial=0 ready=1 results=1 models=yolo has_face=0 face_boxes=0 yolo_boxes=0 waited_ms=0
t=1831642570 mosaic_submit ch=3 frame=103 pts_us=4291666 partial=0 results=1 has_face=0 face_boxes=0 yolo_boxes=0
t=1831642574 model_submit model=yolo ch=3 frame=104 ok=1 pending_before=1 pending_after=2
t=1831642574 decode_enqueue ch=3 frame=104 pts_us=4333333 inflight=1 max_inflight=8 queue=3
t=1831642579 mosaic_e2e_age_ms ch0=285 ch1=217 ch2=282 ch3=254 frame=98,98,98,98
t=1831642579 mosaic_pts_select target_pts=4083268 selected_pts=4083333,4083333,4083333,4083333 selected_frame=98,98,98,98
t=1831642584 mosaic_rtsp_handoff packet=98 compose_to_encode_ms=4 compose_to_rtsp_ms=5 rtsp_push_ms=1 ok=1
t=1831642585 model_submit model=yolo ch=0 frame=105 ok=1 pending_before=2 pending_after=3
t=1831642585 model_submit model=face_yolo ch=0 frame=105 ok=1 pending_before=1 pending_after=2
t=1831642585 decode_enqueue ch=0 frame=105 pts_us=4375000 inflight=1 max_inflight=8 queue=5
t=1831642586 rknn_infer ch=1 frame=102 lock_wait_us=5177 rga_pre_us=2069 run_us=35119 outputs_get_us=504 post_us=1851 release_us=2 total_us=44752 boxes=0
t=1831642586 model_output model=face_yolo ch=1 frame=102 pending_after=2 boxes=0
t=1831642586 agg_add model=face_yolo ch=1 frame=102 results=2 boxes=0 first=0
t=1831642587 agg_publish ch=1 frame=102 partial=0 ready=1 results=2 models=yolo,face_yolo has_face=1 face_boxes=0 yolo_boxes=0 waited_ms=22
t=1831642587 mosaic_submit ch=1 frame=102 pts_us=4250000 partial=0 results=2 has_face=1 face_boxes=0 yolo_boxes=0
t=1831642588 model_submit model=yolo ch=2 frame=105 ok=1 pending_before=3 pending_after=4
t=1831642588 model_submit model=face_yolo ch=2 frame=105 ok=1 pending_before=1 pending_after=2
t=1831642588 decode_enqueue ch=2 frame=105 pts_us=4375000 inflight=1 max_inflight=8 queue=6
t=1831642606 rknn_infer ch=1 frame=103 lock_wait_us=0 rga_pre_us=1845 run_us=32878 outputs_get_us=1193 post_us=186 release_us=1 total_us=36120 boxes=0
t=1831642606 model_output model=yolo ch=1 frame=103 pending_after=4 boxes=0
t=1831642606 agg_first_result model=yolo ch=1 frame=103
t=1831642606 agg_add model=yolo ch=1 frame=103 results=1 boxes=0 first=1
t=1831642606 agg_publish ch=1 frame=103 partial=0 ready=1 results=1 models=yolo has_face=0 face_boxes=0 yolo_boxes=0 waited_ms=0
t=1831642607 mosaic_submit ch=1 frame=103 pts_us=4291666 partial=0 results=1 has_face=0 face_boxes=0 yolo_boxes=0
t=1831642608 rknn_infer ch=0 frame=105 lock_wait_us=0 rga_pre_us=1868 run_us=19902 outputs_get_us=1332 post_us=249 release_us=1 total_us=23369 boxes=0
t=1831642608 model_output model=yolo ch=0 frame=105 pending_after=3 boxes=0
t=1831642608 agg_first_result model=yolo ch=0 frame=105
t=1831642608 agg_add model=yolo ch=0 frame=105 results=1 boxes=0 first=1
t=1831642611 rknn_infer ch=3 frame=104 lock_wait_us=0 rga_pre_us=1924 run_us=31669 outputs_get_us=2060 post_us=572 release_us=2 total_us=36252 boxes=0
t=1831642611 model_output model=yolo ch=3 frame=104 pending_after=2 boxes=0
t=1831642611 agg_first_result model=yolo ch=3 frame=104
t=1831642611 agg_add model=yolo ch=3 frame=104 results=1 boxes=0 first=1
t=1831642611 agg_publish ch=3 frame=104 partial=0 ready=1 results=1 models=yolo has_face=0 face_boxes=0 yolo_boxes=0 waited_ms=0
t=1831642611 mosaic_submit ch=3 frame=104 pts_us=4333333 partial=0 results=1 has_face=0 face_boxes=0 yolo_boxes=0
t=1831642611 model_submit model=yolo ch=1 frame=104 ok=1 pending_before=1 pending_after=2
t=1831642611 decode_enqueue ch=1 frame=104 pts_us=4333333 inflight=1 max_inflight=8 queue=4
t=1831642612 rknn_infer ch=2 frame=105 lock_wait_us=0 rga_pre_us=2203 run_us=18517 outputs_get_us=2167 post_us=643 release_us=2 total_us=23585 boxes=0
t=1831642612 model_output model=yolo ch=2 frame=105 pending_after=2 boxes=0
t=1831642612 agg_first_result model=yolo ch=2 frame=105
t=1831642612 agg_add model=yolo ch=2 frame=105 results=1 boxes=0 first=1
t=1831642616 model_submit model=yolo ch=3 frame=105 ok=1 pending_before=1 pending_after=2
t=1831642616 model_submit model=face_yolo ch=3 frame=105 ok=1 pending_before=2 pending_after=3
t=1831642616 decode_enqueue ch=3 frame=105 pts_us=4375000 inflight=1 max_inflight=8 queue=5
t=1831642621 mosaic_e2e_age_ms ch0=286 ch1=216 ch2=282 ch3=254 frame=99,99,99,99
t=1831642621 mosaic_pts_select target_pts=4124934 selected_pts=4125000,4125000,4125000,4125000 selected_frame=99,99,99,99
t=1831642626 mosaic_rtsp_handoff packet=99 compose_to_encode_ms=4 compose_to_rtsp_ms=5 rtsp_push_ms=1 ok=1
t=1831642626 model_submit model=yolo ch=0 frame=106 ok=1 pending_before=2 pending_after=3
t=1831642626 decode_enqueue ch=0 frame=106 pts_us=4416666 inflight=2 max_inflight=8 queue=6
t=1831642630 model_submit model=yolo ch=2 frame=106 ok=1 pending_before=3 pending_after=4
t=1831642630 decode_enqueue ch=2 frame=106 pts_us=4416666 inflight=2 max_inflight=8 queue=7
t=1831642647 rknn_infer ch=1 frame=104 lock_wait_us=0 rga_pre_us=1843 run_us=33089 outputs_get_us=1110 post_us=164 release_us=1 total_us=36225 boxes=0
t=1831642648 model_output model=yolo ch=1 frame=104 pending_after=4 boxes=0
t=1831642648 agg_first_result model=yolo ch=1 frame=104
t=1831642648 agg_add model=yolo ch=1 frame=104 results=1 boxes=0 first=1
t=1831642648 agg_publish ch=1 frame=104 partial=0 ready=1 results=1 models=yolo has_face=0 face_boxes=0 yolo_boxes=0 waited_ms=0
t=1831642648 mosaic_submit ch=1 frame=104 pts_us=4333333 partial=0 results=1 has_face=0 face_boxes=0 yolo_boxes=0
t=1831642650 rknn_infer ch=0 frame=106 lock_wait_us=0 rga_pre_us=2176 run_us=18428 outputs_get_us=2102 post_us=580 release_us=2 total_us=23311 boxes=0
t=1831642650 model_output model=yolo ch=0 frame=106 pending_after=3 boxes=0
t=1831642650 agg_first_result model=yolo ch=0 frame=106
t=1831642650 agg_add model=yolo ch=0 frame=106 results=1 boxes=0 first=1
t=1831642650 agg_publish ch=0 frame=106 partial=0 ready=1 results=1 models=yolo has_face=0 face_boxes=0 yolo_boxes=0 waited_ms=0
t=1831642650 mosaic_submit ch=0 frame=106 pts_us=4416666 partial=0 results=1 has_face=0 face_boxes=0 yolo_boxes=0
t=1831642650 rknn_infer ch=3 frame=105 lock_wait_us=0 rga_pre_us=1824 run_us=31690 outputs_get_us=958 post_us=154 release_us=0 total_us=34639 boxes=0
t=1831642650 model_output model=yolo ch=3 frame=105 pending_after=2 boxes=0
t=1831642651 agg_first_result model=yolo ch=3 frame=105
t=1831642651 agg_add model=yolo ch=3 frame=105 results=1 boxes=0 first=1
t=1831642653 model_submit model=yolo ch=1 frame=105 ok=1 pending_before=1 pending_after=2
t=1831642653 model_submit model=face_yolo ch=1 frame=105 ok=1 pending_before=3 pending_after=4
t=1831642653 decode_enqueue ch=1 frame=105 pts_us=4375000 inflight=1 max_inflight=8 queue=6
t=1831642654 rknn_infer ch=2 frame=106 lock_wait_us=0 rga_pre_us=2273 run_us=17878 outputs_get_us=2433 post_us=923 release_us=2 total_us=23531 boxes=0
t=1831642654 model_output model=yolo ch=2 frame=106 pending_after=2 boxes=0
t=1831642654 agg_first_result model=yolo ch=2 frame=106
t=1831642654 agg_add model=yolo ch=2 frame=106 results=1 boxes=0 first=1
t=1831642654 agg_publish ch=2 frame=106 partial=0 ready=1 results=1 models=yolo has_face=0 face_boxes=0 yolo_boxes=0 waited_ms=0
t=1831642654 mosaic_submit ch=2 frame=106 pts_us=4416666 partial=0 results=1 has_face=0 face_boxes=0 yolo_boxes=0
t=1831642657 model_submit model=yolo ch=3 frame=106 ok=1 pending_before=1 pending_after=2
t=1831642658 decode_enqueue ch=3 frame=106 pts_us=4416666 inflight=2 max_inflight=8 queue=6
t=1831642661 mosaic_e2e_age_ms ch0=285 ch1=217 ch2=281 ch3=254 frame=100,100,100,100
t=1831642661 mosaic_pts_select target_pts=4166600 selected_pts=4166666,4166666,4166666,4166666 selected_frame=100,100,100,100
t=1831642666 mosaic_rtsp_handoff packet=100 compose_to_encode_ms=4 compose_to_rtsp_ms=5 rtsp_push_ms=1 ok=1
t=1831642668 model_submit model=yolo ch=0 frame=107 ok=1 pending_before=2 pending_after=3
t=1831642668 decode_enqueue ch=0 frame=107 pts_us=4458333 inflight=2 max_inflight=8 queue=7
t=1831642669 rknn_infer ch=0 frame=105 lock_wait_us=0 rga_pre_us=2080 run_us=80786 outputs_get_us=361 post_us=1024 release_us=2 total_us=84267 boxes=0
t=1831642669 model_output model=face_yolo ch=0 frame=105 pending_after=4 boxes=0
t=1831642670 agg_add model=face_yolo ch=0 frame=105 results=2 boxes=0 first=0
t=1831642670 agg_publish ch=0 frame=105 partial=0 ready=1 results=2 models=yolo,face_yolo has_face=1 face_boxes=0 yolo_boxes=0 waited_ms=61
t=1831642670 mosaic_submit ch=0 frame=105 pts_us=4375000 partial=0 results=2 has_face=1 face_boxes=0 yolo_boxes=0
t=1831642672 model_submit model=yolo ch=2 frame=107 ok=1 pending_before=3 pending_after=4
t=1831642672 decode_enqueue ch=2 frame=107 pts_us=4458333 inflight=2 max_inflight=8 queue=7
t=1831642677 rknn_infer ch=2 frame=105 lock_wait_us=0 rga_pre_us=2285 run_us=84075 outputs_get_us=487 post_us=1831 release_us=1 total_us=88707 boxes=0
t=1831642677 model_output model=face_yolo ch=2 frame=105 pending_after=3 boxes=0
t=1831642677 agg_add model=face_yolo ch=2 frame=105 results=2 boxes=0 first=0
t=1831642677 agg_publish ch=2 frame=105 partial=0 ready=1 results=2 models=yolo,face_yolo has_face=1 face_boxes=0 yolo_boxes=0 waited_ms=65
t=1831642678 mosaic_submit ch=2 frame=105 pts_us=4375000 partial=0 results=2 has_face=1 face_boxes=0 yolo_boxes=0
t=1831642690 rknn_infer ch=0 frame=107 lock_wait_us=0 rga_pre_us=2358 run_us=18357 outputs_get_us=1238 post_us=202 release_us=1 total_us=22173 boxes=0
t=1831642691 model_output model=yolo ch=0 frame=107 pending_after=4 boxes=0
t=1831642691 rknn_infer ch=1 frame=105 lock_wait_us=0 rga_pre_us=1815 run_us=32340 outputs_get_us=1518 post_us=2030 release_us=0 total_us=37721 boxes=0
t=1831642691 model_output model=yolo ch=1 frame=105 pending_after=3 boxes=0
t=1831642691 agg_first_result model=yolo ch=0 frame=107
t=1831642691 agg_add model=yolo ch=0 frame=107 results=1 boxes=0 first=1
t=1831642691 agg_publish ch=0 frame=107 partial=0 ready=1 results=1 models=yolo has_face=0 face_boxes=0 yolo_boxes=0 waited_ms=0
t=1831642691 mosaic_submit ch=0 frame=107 pts_us=4458333 partial=0 results=1 has_face=0 face_boxes=0 yolo_boxes=0
t=1831642691 agg_first_result model=yolo ch=1 frame=105
t=1831642691 agg_add model=yolo ch=1 frame=105 results=1 boxes=0 first=1
t=1831642693 rknn_infer ch=3 frame=105 lock_wait_us=0 rga_pre_us=2117 run_us=72720 outputs_get_us=473 post_us=1950 release_us=1 total_us=77276 boxes=0
t=1831642693 model_output model=face_yolo ch=3 frame=105 pending_after=2 boxes=0
t=1831642694 agg_add model=face_yolo ch=3 frame=105 results=2 boxes=0 first=0
t=1831642694 agg_publish ch=3 frame=105 partial=0 ready=1 results=2 models=yolo,face_yolo has_face=1 face_boxes=0 yolo_boxes=0 waited_ms=42
t=1831642694 mosaic_submit ch=3 frame=105 pts_us=4375000 partial=0 results=2 has_face=1 face_boxes=0 yolo_boxes=0
t=1831642694 rknn_infer ch=3 frame=106 lock_wait_us=0 rga_pre_us=1899 run_us=32106 outputs_get_us=1988 post_us=553 release_us=1 total_us=36568 boxes=0
t=1831642694 model_output model=yolo ch=3 frame=106 pending_after=2 boxes=0
t=1831642694 agg_first_result model=yolo ch=3 frame=106
t=1831642695 agg_add model=yolo ch=3 frame=106 results=1 boxes=0 first=1
t=1831642695 agg_publish ch=3 frame=106 partial=0 ready=1 results=1 models=yolo has_face=0 face_boxes=0 yolo_boxes=0 waited_ms=0
t=1831642695 mosaic_submit ch=3 frame=106 pts_us=4416666 partial=0 results=1 has_face=0 face_boxes=0 yolo_boxes=0
t=1831642695 model_submit model=yolo ch=1 frame=106 ok=1 pending_before=1 pending_after=2
t=1831642695 decode_enqueue ch=1 frame=106 pts_us=4416666 inflight=2 max_inflight=8 queue=3
t=1831642697 rknn_infer ch=2 frame=107 lock_wait_us=0 rga_pre_us=1895 run_us=20219 outputs_get_us=2264 post_us=708 release_us=2 total_us=25112 boxes=0
t=1831642697 model_output model=yolo ch=2 frame=107 pending_after=2 boxes=0
t=1831642697 agg_first_result model=yolo ch=2 frame=107
t=1831642697 agg_add model=yolo ch=2 frame=107 results=1 boxes=0 first=1
t=1831642697 agg_publish ch=2 frame=107 partial=0 ready=1 results=1 models=yolo has_face=0 face_boxes=0 yolo_boxes=0 waited_ms=0
t=1831642697 mosaic_submit ch=2 frame=107 pts_us=4458333 partial=0 results=1 has_face=0 face_boxes=0 yolo_boxes=0
t=1831642699 model_submit model=yolo ch=3 frame=107 ok=1 pending_before=1 pending_after=2
t=1831642699 decode_enqueue ch=3 frame=107 pts_us=4458333 inflight=1 max_inflight=8 queue=3
t=1831642705 mosaic_e2e_age_ms ch0=286 ch1=218 ch2=283 ch3=255 frame=101,101,101,101
t=1831642705 mosaic_pts_select target_pts=4208266 selected_pts=4208333,4208333,4208333,4208333 selected_frame=101,101,101,101
t=1831642710 rknn_infer ch=1 frame=105 lock_wait_us=0 rga_pre_us=2015 run_us=37121 outputs_get_us=308 post_us=737 release_us=0 total_us=40230 boxes=0
t=1831642710 model_output model=face_yolo ch=1 frame=105 pending_after=1 boxes=0
t=1831642710 model_submit model=yolo ch=0 frame=108 ok=1 pending_before=2 pending_after=3
t=1831642710 agg_add model=face_yolo ch=1 frame=105 results=2 boxes=0 first=0
t=1831642710 agg_publish ch=1 frame=105 partial=0 ready=1 results=2 models=yolo,face_yolo has_face=1 face_boxes=0 yolo_boxes=0 waited_ms=18
t=1831642710 model_submit model=face_yolo ch=0 frame=108 ok=1 pending_before=0 pending_after=1
t=1831642710 decode_enqueue ch=0 frame=108 pts_us=4500000 inflight=1 max_inflight=8 queue=4
t=1831642710 mosaic_submit ch=1 frame=105 pts_us=4375000 partial=0 results=2 has_face=1 face_boxes=0 yolo_boxes=0
t=1831642710 mosaic_rtsp_handoff packet=101 compose_to_encode_ms=5 compose_to_rtsp_ms=5 rtsp_push_ms=0 ok=1
t=1831642713 model_submit model=yolo ch=2 frame=108 ok=1 pending_before=3 pending_after=4
t=1831642713 model_submit model=face_yolo ch=2 frame=108 ok=1 pending_before=1 pending_after=2
t=1831642713 decode_enqueue ch=2 frame=108 pts_us=4500000 inflight=1 max_inflight=8 queue=6
t=1831642732 rknn_infer ch=1 frame=106 lock_wait_us=0 rga_pre_us=1824 run_us=32352 outputs_get_us=2357 post_us=547 release_us=2 total_us=37104 boxes=0
t=1831642732 model_output model=yolo ch=1 frame=106 pending_after=4 boxes=0
t=1831642732 agg_first_result model=yolo ch=1 frame=106
t=1831642732 agg_add model=yolo ch=1 frame=106 results=1 boxes=0 first=1
t=1831642732 agg_publish ch=1 frame=106 partial=0 ready=1 results=1 models=yolo has_face=0 face_boxes=0 yolo_boxes=0 waited_ms=0
t=1831642732 mosaic_submit ch=1 frame=106 pts_us=4416666 partial=0 results=1 has_face=0 face_boxes=0 yolo_boxes=0
t=1831642732 rknn_infer ch=0 frame=108 lock_wait_us=0 rga_pre_us=2022 run_us=17937 outputs_get_us=2131 post_us=565 release_us=1 total_us=22673 boxes=0
t=1831642733 model_output model=yolo ch=0 frame=108 pending_after=3 boxes=0
t=1831642733 agg_first_result model=yolo ch=0 frame=108
t=1831642733 agg_add model=yolo ch=0 frame=108 results=1 boxes=0 first=1
t=1831642735 rknn_infer ch=2 frame=108 lock_wait_us=0 rga_pre_us=2367 run_us=16789 outputs_get_us=2206 post_us=720 release_us=2 total_us=22106 boxes=0
t=1831642736 model_output model=yolo ch=2 frame=108 pending_after=2 boxes=0
t=1831642736 agg_first_result model=yolo ch=2 frame=108
t=1831642736 agg_add model=yolo ch=2 frame=108 results=1 boxes=0 first=1
t=1831642736 rknn_infer ch=3 frame=107 lock_wait_us=0 rga_pre_us=1876 run_us=32588 outputs_get_us=2084 post_us=447 release_us=1 total_us=37019 boxes=0
t=1831642736 model_output model=yolo ch=3 frame=107 pending_after=1 boxes=0
t=1831642736 agg_first_result model=yolo ch=3 frame=107
t=1831642737 agg_add model=yolo ch=3 frame=107 results=1 boxes=0 first=1
t=1831642737 agg_publish ch=3 frame=107 partial=0 ready=1 results=1 models=yolo has_face=0 face_boxes=0 yolo_boxes=0 waited_ms=0
t=1831642737 mosaic_submit ch=3 frame=107 pts_us=4458333 partial=0 results=1 has_face=0 face_boxes=0 yolo_boxes=0
t=1831642737 model_submit model=yolo ch=1 frame=107 ok=1 pending_before=0 pending_after=1
t=1831642737 decode_enqueue ch=1 frame=107 pts_us=4458333 inflight=1 max_inflight=8 queue=3
t=1831642741 model_submit model=yolo ch=3 frame=108 ok=1 pending_before=1 pending_after=2
t=1831642741 model_submit model=face_yolo ch=3 frame=108 ok=1 pending_before=2 pending_after=3
t=1831642741 decode_enqueue ch=3 frame=108 pts_us=4500000 inflight=1 max_inflight=8 queue=5
t=1831642746 mosaic_e2e_age_ms ch0=286 ch1=217 ch2=282 ch3=254 frame=102,102,102,102
t=1831642746 mosaic_pts_select target_pts=4249932 selected_pts=4250000,4250000,4250000,4250000 selected_frame=102,102,102,102
t=1831642751 mosaic_rtsp_handoff packet=102 compose_to_encode_ms=4 compose_to_rtsp_ms=5 rtsp_push_ms=1 ok=1
t=1831642751 model_submit model=yolo ch=0 frame=109 ok=1 pending_before=2 pending_after=3
t=1831642751 decode_enqueue ch=0 frame=109 pts_us=4541666 inflight=2 max_inflight=8 queue=6
t=1831642755 model_submit model=yolo ch=2 frame=109 ok=1 pending_before=3 pending_after=4
t=1831642755 decode_enqueue ch=2 frame=109 pts_us=4541666 inflight=2 max_inflight=8 queue=7
t=1831642774 rknn_infer ch=1 frame=107 lock_wait_us=0 rga_pre_us=1939 run_us=32513 outputs_get_us=1976 post_us=411 release_us=1 total_us=36865 boxes=0
t=1831642774 model_output model=yolo ch=1 frame=107 pending_after=4 boxes=0
t=1831642774 agg_first_result model=yolo ch=1 frame=107
t=1831642774 agg_add model=yolo ch=1 frame=107 results=1 boxes=0 first=1
t=1831642774 agg_publish ch=1 frame=107 partial=0 ready=1 results=1 models=yolo has_face=0 face_boxes=0 yolo_boxes=0 waited_ms=0
t=1831642774 mosaic_submit ch=1 frame=107 pts_us=4458333 partial=0 results=1 has_face=0 face_boxes=0 yolo_boxes=0
t=1831642777 rknn_infer ch=0 frame=109 lock_wait_us=0 rga_pre_us=2118 run_us=18884 outputs_get_us=3922 post_us=974 release_us=3 total_us=25930 boxes=0
t=1831642778 model_output model=yolo ch=0 frame=109 pending_after=3 boxes=0
t=1831642778 agg_first_result model=yolo ch=0 frame=109
t=1831642778 rknn_infer ch=3 frame=108 lock_wait_us=0 rga_pre_us=1999 run_us=31603 outputs_get_us=2705 post_us=552 release_us=2 total_us=36883 boxes=0
t=1831642778 agg_add model=yolo ch=0 frame=109 results=1 boxes=0 first=1
t=1831642778 model_output model=yolo ch=3 frame=108 pending_after=2 boxes=0
t=1831642778 agg_publish ch=0 frame=109 partial=0 ready=1 results=1 models=yolo has_face=0 face_boxes=0 yolo_boxes=0 waited_ms=0
t=1831642778 rknn_infer ch=2 frame=109 lock_wait_us=0 rga_pre_us=1846 run_us=19179 outputs_get_us=1886 post_us=412 release_us=1 total_us=23348 boxes=0
t=1831642778 mosaic_submit ch=0 frame=109 pts_us=4541666 partial=0 results=1 has_face=0 face_boxes=0 yolo_boxes=0
t=1831642778 agg_first_result model=yolo ch=3 frame=108
t=1831642778 agg_add model=yolo ch=3 frame=108 results=1 boxes=0 first=1
t=1831642779 model_output model=yolo ch=2 frame=109 pending_after=1 boxes=0
t=1831642779 agg_first_result model=yolo ch=2 frame=109
t=1831642779 agg_add model=yolo ch=2 frame=109 results=1 boxes=0 first=1
t=1831642779 agg_publish ch=2 frame=109 partial=0 ready=1 results=1 models=yolo has_face=0 face_boxes=0 yolo_boxes=0 waited_ms=0
t=1831642779 mosaic_submit ch=2 frame=109 pts_us=4541666 partial=0 results=1 has_face=0 face_boxes=0 yolo_boxes=0
t=1831642779 model_submit model=yolo ch=1 frame=108 ok=1 pending_before=0 pending_after=1
t=1831642779 model_submit model=face_yolo ch=1 frame=108 ok=1 pending_before=3 pending_after=4
t=1831642779 decode_enqueue ch=1 frame=108 pts_us=4500000 inflight=1 max_inflight=8 queue=5
t=1831642782 model_submit model=yolo ch=3 frame=109 ok=1 pending_before=1 pending_after=2
t=1831642783 decode_enqueue ch=3 frame=109 pts_us=4541666 inflight=2 max_inflight=8 queue=6
t=1831642788 mosaic_e2e_age_ms ch0=286 ch1=218 ch2=282 ch3=255 frame=103,103,103,103
t=1831642788 mosaic_pts_select target_pts=4291598 selected_pts=4291666,4291666,4291666,4291666 selected_frame=103,103,103,103
t=1831642789 rknn_infer ch=2 frame=108 lock_wait_us=0 rga_pre_us=2026 run_us=70661 outputs_get_us=585 post_us=2030 release_us=3 total_us=75334 boxes=0
t=1831642789 model_output model=face_yolo ch=2 frame=108 pending_after=4 boxes=0
t=1831642789 agg_add model=face_yolo ch=2 frame=108 results=2 boxes=0 first=0
t=1831642789 agg_publish ch=2 frame=108 partial=0 ready=1 results=2 models=yolo,face_yolo has_face=1 face_boxes=0 yolo_boxes=0 waited_ms=53
t=1831642792 mosaic_submit ch=2 frame=108 pts_us=4500000 partial=0 results=2 has_face=1 face_boxes=0 yolo_boxes=0
t=1831642793 mosaic_rtsp_handoff packet=103 compose_to_encode_ms=5 compose_to_rtsp_ms=5 rtsp_push_ms=0 ok=1
t=1831642793 model_submit model=yolo ch=0 frame=110 ok=1 pending_before=2 pending_after=3
t=1831642793 decode_enqueue ch=0 frame=110 pts_us=4583333 inflight=2 max_inflight=8 queue=6
t=1831642795 rknn_infer ch=0 frame=108 lock_wait_us=0 rga_pre_us=2063 run_us=79615 outputs_get_us=520 post_us=3180 release_us=3 total_us=85406 boxes=0
t=1831642796 model_output model=face_yolo ch=0 frame=108 pending_after=3 boxes=0
t=1831642796 agg_add model=face_yolo ch=0 frame=108 results=2 boxes=0 first=0
t=1831642796 agg_publish ch=0 frame=108 partial=0 ready=1 results=2 models=yolo,face_yolo has_face=1 face_boxes=0 yolo_boxes=0 waited_ms=63
t=1831642796 mosaic_submit ch=0 frame=108 pts_us=4500000 partial=0 results=2 has_face=1 face_boxes=0 yolo_boxes=0
t=1831642797 model_submit model=yolo ch=2 frame=110 ok=1 pending_before=3 pending_after=4
t=1831642797 decode_enqueue ch=2 frame=110 pts_us=4583333 inflight=1 max_inflight=8 queue=6
t=1831642811 rknn_infer ch=3 frame=108 lock_wait_us=0 rga_pre_us=2054 run_us=66782 outputs_get_us=298 post_us=702 release_us=0 total_us=69849 boxes=0
t=1831642811 model_output model=face_yolo ch=3 frame=108 pending_after=2 boxes=0
t=1831642811 agg_add model=face_yolo ch=3 frame=108 results=2 boxes=0 first=0
t=1831642811 agg_publish ch=3 frame=108 partial=0 ready=1 results=2 models=yolo,face_yolo has_face=1 face_boxes=0 yolo_boxes=0 waited_ms=32
t=1831642811 mosaic_submit ch=3 frame=108 pts_us=4500000 partial=0 results=2 has_face=1 face_boxes=0 yolo_boxes=0
t=1831642816 rknn_infer ch=1 frame=108 lock_wait_us=0 rga_pre_us=1928 run_us=32852 outputs_get_us=1609 post_us=405 release_us=1 total_us=36815 boxes=0
t=1831642816 model_output model=yolo ch=1 frame=108 pending_after=4 boxes=0
t=1831642816 agg_first_result model=yolo ch=1 frame=108
t=1831642816 agg_add model=yolo ch=1 frame=108 results=1 boxes=0 first=1
t=1831642818 rknn_infer ch=0 frame=110 lock_wait_us=0 rga_pre_us=2199 run_us=19004 outputs_get_us=2608 post_us=658 release_us=3 total_us=24503 boxes=0
t=1831642818 model_output model=yolo ch=0 frame=110 pending_after=3 boxes=0
t=1831642819 agg_first_result model=yolo ch=0 frame=110
t=1831642819 agg_add model=yolo ch=0 frame=110 results=1 boxes=0 first=1
t=1831642819 agg_publish ch=0 frame=110 partial=0 ready=1 results=1 models=yolo has_face=0 face_boxes=0 yolo_boxes=0 waited_ms=0
t=1831642819 mosaic_submit ch=0 frame=110 pts_us=4583333 partial=0 results=1 has_face=0 face_boxes=0 yolo_boxes=0
t=1831642819 rknn_infer ch=2 frame=110 lock_wait_us=1 rga_pre_us=1862 run_us=18579 outputs_get_us=1444 post_us=310 release_us=1 total_us=22213 boxes=0
t=1831642819 model_output model=yolo ch=2 frame=110 pending_after=2 boxes=0
t=1831642820 agg_first_result model=yolo ch=2 frame=110
t=1831642820 agg_add model=yolo ch=2 frame=110 results=1 boxes=0 first=1
t=1831642820 rknn_infer ch=3 frame=109 lock_wait_us=0 rga_pre_us=2047 run_us=32074 outputs_get_us=2360 post_us=552 release_us=2 total_us=37057 boxes=0
t=1831642820 model_output model=yolo ch=3 frame=109 pending_after=1 boxes=0
t=1831642820 agg_publish ch=2 frame=110 partial=0 ready=1 results=1 models=yolo has_face=0 face_boxes=0 yolo_boxes=0 waited_ms=0
t=1831642820 mosaic_submit ch=2 frame=110 pts_us=4583333 partial=0 results=1 has_face=0 face_boxes=0 yolo_boxes=0
t=1831642820 model_submit model=yolo ch=1 frame=109 ok=1 pending_before=1 pending_after=1
t=1831642820 decode_enqueue ch=1 frame=109 pts_us=4541666 inflight=2 max_inflight=8 queue=2
t=1831642820 agg_first_result model=yolo ch=3 frame=109
t=1831642820 agg_add model=yolo ch=3 frame=109 results=1 boxes=0 first=1
t=1831642820 agg_publish ch=3 frame=109 partial=0 ready=1 results=1 models=yolo has_face=0 face_boxes=0 yolo_boxes=0 waited_ms=0
t=1831642820 mosaic_submit ch=3 frame=109 pts_us=4541666 partial=0 results=1 has_face=0 face_boxes=0 yolo_boxes=0
t=1831642824 model_submit model=yolo ch=3 frame=110 ok=1 pending_before=1 pending_after=2
t=1831642824 decode_enqueue ch=3 frame=110 pts_us=4583333 inflight=1 max_inflight=8 queue=3
t=1831642829 mosaic_e2e_age_ms ch0=285 ch1=217 ch2=282 ch3=254 frame=104,104,104,104
t=1831642829 mosaic_pts_select target_pts=4333264 selected_pts=4333333,4333333,4333333,4333333 selected_frame=104,104,104,104
t=1831642834 mosaic_rtsp_handoff packet=104 compose_to_encode_ms=4 compose_to_rtsp_ms=5 rtsp_push_ms=1 ok=1
t=1831642835 model_submit model=yolo ch=0 frame=111 ok=1 pending_before=2 pending_after=3
t=1831642835 model_submit model=face_yolo ch=0 frame=111 ok=1 pending_before=1 pending_after=2
t=1831642835 decode_enqueue ch=0 frame=111 pts_us=4625000 inflight=1 max_inflight=8 queue=5
t=1831642838 model_submit model=yolo ch=2 frame=111 ok=1 pending_before=3 pending_after=4
t=1831642838 model_submit model=face_yolo ch=2 frame=111 ok=1 pending_before=2 pending_after=3
t=1831642839 decode_enqueue ch=2 frame=111 pts_us=4625000 inflight=1 max_inflight=8 queue=7
t=1831642839 rknn_infer ch=1 frame=108 lock_wait_us=6614 rga_pre_us=2164 run_us=38594 outputs_get_us=727 post_us=2071 release_us=3 total_us=50198 boxes=0
t=1831642839 model_output model=face_yolo ch=1 frame=108 pending_after=3 boxes=0
t=1831642839 agg_add model=face_yolo ch=1 frame=108 results=2 boxes=0 first=0
t=1831642840 agg_publish ch=1 frame=108 partial=0 ready=1 results=2 models=yolo,face_yolo has_face=1 face_boxes=0 yolo_boxes=0 waited_ms=23
t=1831642840 mosaic_submit ch=1 frame=108 pts_us=4500000 partial=0 results=2 has_face=1 face_boxes=0 yolo_boxes=0
t=1831642858 rknn_infer ch=0 frame=111 lock_wait_us=0 rga_pre_us=1809 run_us=19084 outputs_get_us=1800 post_us=315 release_us=1 total_us=23026 boxes=0
t=1831642858 model_output model=yolo ch=0 frame=111 pending_after=4 boxes=0
t=1831642858 rknn_infer ch=1 frame=109 lock_wait_us=0 rga_pre_us=2001 run_us=32651 outputs_get_us=2541 post_us=632 release_us=2 total_us=37852 boxes=0
t=1831642858 model_output model=yolo ch=1 frame=109 pending_after=3 boxes=0
t=1831642858 agg_first_result model=yolo ch=0 frame=111
t=1831642858 agg_add model=yolo ch=0 frame=111 results=1 boxes=0 first=1
t=1831642858 agg_first_result model=yolo ch=1 frame=109
t=1831642858 agg_add model=yolo ch=1 frame=109 results=1 boxes=0 first=1
t=1831642859 agg_publish ch=1 frame=109 partial=0 ready=1 results=1 models=yolo has_face=0 face_boxes=0 yolo_boxes=0 waited_ms=0
t=1831642859 mosaic_submit ch=1 frame=109 pts_us=4541666 partial=0 results=1 has_face=0 face_boxes=0 yolo_boxes=0
t=1831642860 rknn_infer ch=3 frame=110 lock_wait_us=0 rga_pre_us=1943 run_us=31621 outputs_get_us=2056 post_us=577 release_us=3 total_us=36229 boxes=0
t=1831642861 model_output model=yolo ch=3 frame=110 pending_after=2 boxes=0
t=1831642861 agg_first_result model=yolo ch=3 frame=110
t=1831642861 agg_add model=yolo ch=3 frame=110 results=1 boxes=0 first=1
t=1831642861 agg_publish ch=3 frame=110 partial=0 ready=1 results=1 models=yolo has_face=0 face_boxes=0 yolo_boxes=0 waited_ms=0
t=1831642861 mosaic_submit ch=3 frame=110 pts_us=4583333 partial=0 results=1 has_face=0 face_boxes=0 yolo_boxes=0
t=1831642861 rknn_infer ch=2 frame=111 lock_wait_us=0 rga_pre_us=1831 run_us=19068 outputs_get_us=1502 post_us=305 release_us=1 total_us=22726 boxes=0
t=1831642861 model_output model=yolo ch=2 frame=111 pending_after=1 boxes=0
t=1831642861 agg_first_result model=yolo ch=2 frame=111
t=1831642861 agg_add model=yolo ch=2 frame=111 results=1 boxes=0 first=1
t=1831642861 model_submit model=yolo ch=1 frame=110 ok=1 pending_before=0 pending_after=1
t=1831642861 decode_enqueue ch=1 frame=110 pts_us=4583333 inflight=1 max_inflight=8 queue=3
t=1831642866 model_submit model=yolo ch=3 frame=111 ok=1 pending_before=1 pending_after=2
t=1831642866 model_submit model=face_yolo ch=3 frame=111 ok=1 pending_before=2 pending_after=3
t=1831642866 decode_enqueue ch=3 frame=111 pts_us=4625000 inflight=1 max_inflight=8 queue=5
t=1831642871 mosaic_e2e_age_ms ch0=286 ch1=217 ch2=282 ch3=254 frame=105,105,105,105
t=1831642871 mosaic_pts_select target_pts=4374930 selected_pts=4375000,4375000,4375000,4375000 selected_frame=105,105,105,105
t=1831642871 agg_lock_health submit_count=130 submit_wait_avg_us=46 submit_wait_max_us=3783 submit_wait_over_500us=1 worker_count=185 worker_hold_avg_us=164 worker_hold_max_us=557 worker_hold_over_2ms=0 queue=0 pending=2 registered=2
t=1831642876 mosaic_rtsp_handoff packet=105 compose_to_encode_ms=4 compose_to_rtsp_ms=5 rtsp_push_ms=1 ok=1
t=1831642876 model_submit model=yolo ch=0 frame=112 ok=1 pending_before=2 pending_after=3
t=1831642877 decode_enqueue ch=0 frame=112 pts_us=4666666 inflight=2 max_inflight=8 queue=6
t=1831642880 model_submit model=yolo ch=2 frame=112 ok=1 pending_before=3 pending_after=4
t=1831642880 decode_enqueue ch=2 frame=112 pts_us=4666666 inflight=2 max_inflight=8 queue=7
t=1831642899 rknn_infer ch=1 frame=110 lock_wait_us=0 rga_pre_us=1962 run_us=32877 outputs_get_us=2368 post_us=545 release_us=2 total_us=37777 boxes=0
t=1831642899 model_output model=yolo ch=1 frame=110 pending_after=4 boxes=0
t=1831642900 agg_first_result model=yolo ch=1 frame=110
t=1831642900 agg_add model=yolo ch=1 frame=110 results=1 boxes=0 first=1
t=1831642900 agg_publish ch=1 frame=110 partial=0 ready=1 results=1 models=yolo has_face=0 face_boxes=0 yolo_boxes=0 waited_ms=0
t=1831642900 mosaic_submit ch=1 frame=110 pts_us=4583333 partial=0 results=1 has_face=0 face_boxes=0 yolo_boxes=0
t=1831642900 rknn_infer ch=0 frame=112 lock_wait_us=0 rga_pre_us=2078 run_us=18634 outputs_get_us=2222 post_us=657 release_us=2 total_us=23611 boxes=0
t=1831642900 model_output model=yolo ch=0 frame=112 pending_after=3 boxes=0
t=1831642900 agg_first_result model=yolo ch=0 frame=112
t=1831642900 agg_add model=yolo ch=0 frame=112 results=1 boxes=0 first=1
t=1831642900 agg_publish ch=0 frame=112 partial=0 ready=1 results=1 models=yolo has_face=0 face_boxes=0 yolo_boxes=0 waited_ms=0
t=1831642900 mosaic_submit ch=0 frame=112 pts_us=4666666 partial=0 results=1 has_face=0 face_boxes=0 yolo_boxes=0
t=1831642903 rknn_infer ch=3 frame=111 lock_wait_us=0 rga_pre_us=2005 run_us=32056 outputs_get_us=2366 post_us=590 release_us=3 total_us=37044 boxes=0
t=1831642903 model_output model=yolo ch=3 frame=111 pending_after=2 boxes=0
t=1831642903 agg_first_result model=yolo ch=3 frame=111
t=1831642903 agg_add model=yolo ch=3 frame=111 results=1 boxes=0 first=1
t=1831642903 rknn_infer ch=2 frame=112 lock_wait_us=1 rga_pre_us=1987 run_us=19262 outputs_get_us=1873 post_us=408 release_us=1 total_us=23554 boxes=0
t=1831642904 model_output model=yolo ch=2 frame=112 pending_after=1 boxes=0
t=1831642904 agg_first_result model=yolo ch=2 frame=112
t=1831642904 agg_add model=yolo ch=2 frame=112 results=1 boxes=0 first=1
t=1831642904 agg_publish ch=2 frame=112 partial=0 ready=1 results=1 models=yolo has_face=0 face_boxes=0 yolo_boxes=0 waited_ms=0
t=1831642904 mosaic_submit ch=2 frame=112 pts_us=4666666 partial=0 results=1 has_face=0 face_boxes=0 yolo_boxes=0
t=1831642904 model_submit model=yolo ch=1 frame=111 ok=1 pending_before=0 pending_after=1
t=1831642904 model_submit model=face_yolo ch=1 frame=111 ok=1 pending_before=3 pending_after=4
t=1831642904 decode_enqueue ch=1 frame=111 pts_us=4625000 inflight=1 max_inflight=8 queue=5
t=1831642908 model_submit model=yolo ch=3 frame=112 ok=1 pending_before=1 pending_after=2
t=1831642908 decode_enqueue ch=3 frame=112 pts_us=4666666 inflight=2 max_inflight=8 queue=6
t=1831642912 mosaic_e2e_age_ms ch0=286 ch1=218 ch2=282 ch3=255 frame=106,106,106,106
t=1831642913 mosaic_pts_select target_pts=4416596 selected_pts=4416666,4416666,4416666,4416666 selected_frame=106,106,106,106
t=1831642915 rknn_infer ch=0 frame=111 lock_wait_us=0 rga_pre_us=1981 run_us=75114 outputs_get_us=566 post_us=1857 release_us=2 total_us=79543 boxes=0
t=1831642915 model_output model=face_yolo ch=0 frame=111 pending_after=4 boxes=0
t=1831642915 agg_add model=face_yolo ch=0 frame=111 results=2 boxes=0 first=0
t=1831642915 agg_publish ch=0 frame=111 partial=0 ready=1 results=2 models=yolo,face_yolo has_face=1 face_boxes=0 yolo_boxes=0 waited_ms=56
t=1831642917 encoder_health source=encoder_in in_fps=24.00 packet_fps=24.00 frame_fps=24.00 recycle_fps=24.00 pending=1 total_in=107 total_frames=106
t=1831642917 mosaic_submit ch=0 frame=111 pts_us=4625000 partial=0 results=2 has_face=1 face_boxes=0 yolo_boxes=0
t=1831642917 mosaic_rtsp_handoff packet=106 compose_to_encode_ms=5 compose_to_rtsp_ms=5 rtsp_push_ms=0 ok=1
t=1831642918 model_submit model=yolo ch=0 frame=113 ok=1 pending_before=2 pending_after=3
t=1831642918 decode_enqueue ch=0 frame=113 pts_us=4708333 inflight=1 max_inflight=8 queue=6
t=1831642922 model_submit model=yolo ch=2 frame=113 ok=1 pending_before=3 pending_after=4
t=1831642922 decode_enqueue ch=2 frame=113 pts_us=4708333 inflight=2 max_inflight=8 queue=7
t=1831642928 rknn_infer ch=2 frame=111 lock_wait_us=0 rga_pre_us=1926 run_us=86487 outputs_get_us=275 post_us=674 release_us=0 total_us=89378 boxes=0
t=1831642928 model_output model=face_yolo ch=2 frame=111 pending_after=3 boxes=0
t=1831642928 agg_add model=face_yolo ch=2 frame=111 results=2 boxes=0 first=0
t=1831642928 agg_publish ch=2 frame=111 partial=0 ready=1 results=2 models=yolo,face_yolo has_face=1 face_boxes=0 yolo_boxes=0 waited_ms=66
t=1831642928 mosaic_submit ch=2 frame=111 pts_us=4625000 partial=0 results=2 has_face=1 face_boxes=0 yolo_boxes=0
t=1831642928 mosaic_health source=submit submit_fps=96.42 tick_fps=23.86 not_ready_fps=0.00 compose_fps=23.86 push_fps=23.86 busy_drop_fps=0.00 total_submit=448 total_tick=120 total_not_ready=13 total_compose=107 total_push=107 rga_fail=0 latest_frame=111,110,111,110 latest_pts_us=4625000,4583333,4625000,4583333
t=1831642940 rknn_infer ch=1 frame=111 lock_wait_us=0 rga_pre_us=1974 run_us=32556 outputs_get_us=1191 post_us=173 release_us=1 total_us=35912 boxes=0
t=1831642940 model_output model=yolo ch=1 frame=111 pending_after=4 boxes=0
t=1831642940 agg_first_result model=yolo ch=1 frame=111
t=1831642940 agg_add model=yolo ch=1 frame=111 results=1 boxes=0 first=1
t=1831642943 rknn_infer ch=0 frame=113 lock_wait_us=0 rga_pre_us=2183 run_us=19554 outputs_get_us=2315 post_us=577 release_us=2 total_us=24664 boxes=0
t=1831642943 model_output model=yolo ch=0 frame=113 pending_after=3 boxes=0
t=1831642943 agg_first_result model=yolo ch=0 frame=113
t=1831642943 agg_add model=yolo ch=0 frame=113 results=1 boxes=0 first=1
t=1831642943 agg_publish ch=0 frame=113 partial=0 ready=1 results=1 models=yolo has_face=0 face_boxes=0 yolo_boxes=0 waited_ms=0
t=1831642943 mosaic_submit ch=0 frame=113 pts_us=4708333 partial=0 results=1 has_face=0 face_boxes=0 yolo_boxes=0
t=1831642944 rknn_infer ch=3 frame=112 lock_wait_us=0 rga_pre_us=1930 run_us=31539 outputs_get_us=1981 post_us=553 release_us=2 total_us=36030 boxes=0
t=1831642944 rknn_infer ch=2 frame=113 lock_wait_us=0 rga_pre_us=1850 run_us=18909 outputs_get_us=1199 post_us=249 release_us=1 total_us=22222 boxes=0
t=1831642944 model_output model=yolo ch=2 frame=113 pending_after=2 boxes=0
t=1831642944 model_output model=yolo ch=3 frame=112 pending_after=2 boxes=0
t=1831642944 agg_first_result model=yolo ch=2 frame=113
t=1831642944 agg_add model=yolo ch=2 frame=113 results=1 boxes=0 first=1
t=1831642944 agg_publish ch=2 frame=113 partial=0 ready=1 results=1 models=yolo has_face=0 face_boxes=0 yolo_boxes=0 waited_ms=0
t=1831642944 mosaic_submit ch=2 frame=113 pts_us=4708333 partial=0 results=1 has_face=0 face_boxes=0 yolo_boxes=0
t=1831642944 agg_first_result model=yolo ch=3 frame=112
t=1831642944 agg_add model=yolo ch=3 frame=112 results=1 boxes=0 first=1
t=1831642944 agg_publish ch=3 frame=112 partial=0 ready=1 results=1 models=yolo has_face=0 face_boxes=0 yolo_boxes=0 waited_ms=0
t=1831642945 mosaic_submit ch=3 frame=112 pts_us=4666666 partial=0 results=1 has_face=0 face_boxes=0 yolo_boxes=0
t=1831642945 model_submit model=yolo ch=1 frame=112 ok=1 pending_before=0 pending_after=1
t=1831642945 decode_enqueue ch=1 frame=112 pts_us=4666666 inflight=2 max_inflight=8 queue=3
t=1831642949 model_submit model=yolo ch=3 frame=113 ok=1 pending_before=1 pending_after=2
t=1831642949 decode_enqueue ch=3 frame=113 pts_us=4708333 inflight=2 max_inflight=8 queue=4
t=1831642950 rknn_infer ch=3 frame=111 lock_wait_us=0 rga_pre_us=2032 run_us=78895 outputs_get_us=513 post_us=2439 release_us=3 total_us=83905 boxes=0
t=1831642950 model_output model=face_yolo ch=3 frame=111 pending_after=2 boxes=0
t=1831642950 agg_add model=face_yolo ch=3 frame=111 results=2 boxes=0 first=0
t=1831642950 agg_publish ch=3 frame=111 partial=0 ready=1 results=2 models=yolo,face_yolo has_face=1 face_boxes=0 yolo_boxes=0 waited_ms=47
t=1831642954 mosaic_e2e_age_ms ch0=285 ch1=217 ch2=282 ch3=254 frame=107,107,107,107
t=1831642954 mosaic_pts_select target_pts=4458262 selected_pts=4458333,4458333,4458333,4458333 selected_frame=107,107,107,107
t=1831642958 mosaic_submit ch=3 frame=111 pts_us=4625000 partial=0 results=2 has_face=1 face_boxes=0 yolo_boxes=0
t=1831642959 mosaic_rtsp_handoff packet=107 compose_to_encode_ms=5 compose_to_rtsp_ms=5 rtsp_push_ms=0 ok=1
t=1831642960 model_submit model=yolo ch=0 frame=114 ok=1 pending_before=2 pending_after=3
t=1831642960 model_submit model=face_yolo ch=0 frame=114 ok=1 pending_before=1 pending_after=2
t=1831642960 decode_enqueue ch=0 frame=114 pts_us=4750000 inflight=1 max_inflight=8 queue=5
t=1831642963 rknn_infer ch=1 frame=111 lock_wait_us=0 rga_pre_us=2000 run_us=42434 outputs_get_us=1461 post_us=2182 release_us=1 total_us=48102 boxes=0
t=1831642963 model_output model=face_yolo ch=1 frame=111 pending_after=2 boxes=0
t=1831642963 model_submit model=yolo ch=2 frame=114 ok=1 pending_before=3 pending_after=4
t=1831642963 model_submit model=face_yolo ch=2 frame=114 ok=1 pending_before=1 pending_after=2
t=1831642963 decode_enqueue ch=2 frame=114 pts_us=4750000 inflight=1 max_inflight=8 queue=6
t=1831642964 agg_add model=face_yolo ch=1 frame=111 results=2 boxes=0 first=0
t=1831642964 agg_publish ch=1 frame=111 partial=0 ready=1 results=2 models=yolo,face_yolo has_face=1 face_boxes=0 yolo_boxes=0 waited_ms=23
t=1831642964 mosaic_submit ch=1 frame=111 pts_us=4625000 partial=0 results=2 has_face=1 face_boxes=0 yolo_boxes=0
t=1831642983 rknn_infer ch=0 frame=114 lock_wait_us=0 rga_pre_us=1851 run_us=18531 outputs_get_us=2479 post_us=280 release_us=1 total_us=23155 boxes=0
t=1831642983 model_output model=yolo ch=0 frame=114 pending_after=4 boxes=0
t=1831642983 agg_first_result model=yolo ch=0 frame=114
t=1831642983 rknn_infer ch=1 frame=112 lock_wait_us=0 rga_pre_us=1888 run_us=32460 outputs_get_us=3382 post_us=799 release_us=0 total_us=38548 boxes=0
t=1831642984 model_output model=yolo ch=1 frame=112 pending_after=3 boxes=0
t=1831642984 agg_add model=yolo ch=0 frame=114 results=1 boxes=0 first=1
t=1831642984 agg_first_result model=yolo ch=1 frame=112
t=1831642984 agg_add model=yolo ch=1 frame=112 results=1 boxes=0 first=1
t=1831642984 agg_publish ch=1 frame=112 partial=0 ready=1 results=1 models=yolo has_face=0 face_boxes=0 yolo_boxes=0 waited_ms=0
t=1831642984 mosaic_submit ch=1 frame=112 pts_us=4666666 partial=0 results=1 has_face=0 face_boxes=0 yolo_boxes=0
t=1831642986 model_submit model=yolo ch=1 frame=113 ok=1 pending_before=2 pending_after=3
t=1831642986 decode_enqueue ch=1 frame=113 pts_us=4708333 inflight=1 max_inflight=8 queue=5
t=1831642986 rknn_infer ch=3 frame=113 lock_wait_us=0 rga_pre_us=2067 run_us=31869 outputs_get_us=2630 post_us=597 release_us=2 total_us=37192 boxes=0
t=1831642986 model_output model=yolo ch=3 frame=113 pending_after=3 boxes=0
t=1831642987 agg_first_result model=yolo ch=3 frame=113
t=1831642987 agg_add model=yolo ch=3 frame=113 results=1 boxes=0 first=1
t=1831642987 agg_publish ch=3 frame=113 partial=0 ready=1 results=1 models=yolo has_face=0 face_boxes=0 yolo_boxes=0 waited_ms=0
t=1831642987 rknn_infer ch=2 frame=114 lock_wait_us=0 rga_pre_us=1906 run_us=18703 outputs_get_us=2222 post_us=625 release_us=2 total_us=23476 boxes=0
t=1831642987 model_output model=yolo ch=2 frame=114 pending_after=2 boxes=0
t=1831642987 mosaic_submit ch=3 frame=113 pts_us=4708333 partial=0 results=1 has_face=0 face_boxes=0 yolo_boxes=0
t=1831642987 agg_first_result model=yolo ch=2 frame=114
t=1831642987 agg_add model=yolo ch=2 frame=114 results=1 boxes=0 first=1
t=1831642991 model_submit model=yolo ch=3 frame=114 ok=1 pending_before=1 pending_after=2
t=1831642991 model_submit model=face_yolo ch=3 frame=114 ok=1 pending_before=2 pending_after=3
t=1831642991 decode_enqueue ch=3 frame=114 pts_us=4750000 inflight=1 max_inflight=8 queue=5
t=1831642995 mosaic_e2e_age_ms ch0=286 ch1=217 ch2=282 ch3=254 frame=108,108,108,108
t=1831642995 mosaic_pts_select target_pts=4499928 selected_pts=4500000,4500000,4500000,4500000 selected_frame=108,108,108,108
t=1831643001 zl_rtsp_health url=rtsp://127.0.0.1:8554/live/mosaic input_fps=24.02 input_us_last=1155 input_us_max=51534 media_wall_diff_ms=25 total_packets=109 pts=405000 size=10423 key=0
t=1831643001 mosaic_rtsp_handoff packet=108 compose_to_encode_ms=5 compose_to_rtsp_ms=6 rtsp_push_ms=1 ok=1
t=1831643001 model_submit model=yolo ch=0 frame=115 ok=1 pending_before=2 pending_after=3
t=1831643001 decode_enqueue ch=0 frame=115 pts_us=4791666 inflight=2 max_inflight=8 queue=6
t=1831643005 model_submit model=yolo ch=2 frame=115 ok=1 pending_before=3 pending_after=4
t=1831643005 decode_enqueue ch=2 frame=115 pts_us=4791666 inflight=2 max_inflight=8 queue=7
t=1831643024 rknn_infer ch=1 frame=113 lock_wait_us=0 rga_pre_us=1902 run_us=32387 outputs_get_us=2766 post_us=450 release_us=2 total_us=37530 boxes=0
t=1831643024 model_output model=yolo ch=1 frame=113 pending_after=4 boxes=0
t=1831643026 rknn_infer ch=0 frame=115 lock_wait_us=0 rga_pre_us=2083 run_us=18366 outputs_get_us=3019 post_us=763 release_us=2 total_us=24256 boxes=0
t=1831643026 model_output model=yolo ch=0 frame=115 pending_after=4 boxes=0
t=1831643026 agg_first_result model=yolo ch=0 frame=115
t=1831643026 agg_add model=yolo ch=0 frame=115 results=1 boxes=0 first=1
t=1831643026 agg_publish ch=0 frame=115 partial=0 ready=1 results=1 models=yolo has_face=0 face_boxes=0 yolo_boxes=0 waited_ms=0
t=1831643027 mosaic_submit ch=0 frame=115 pts_us=4791666 partial=0 results=1 has_face=0 face_boxes=0 yolo_boxes=0
t=1831643027 rknn_infer ch=3 frame=114 lock_wait_us=0 rga_pre_us=1864 run_us=32078 outputs_get_us=2048 post_us=426 release_us=2 total_us=36439 boxes=0
t=1831643027 model_output model=yolo ch=3 frame=114 pending_after=3 boxes=0
t=1831643028 agg_first_result model=yolo ch=3 frame=114
t=1831643028 agg_add model=yolo ch=3 frame=114 results=1 boxes=0 first=1
t=1831643028 model_submit model=yolo ch=1 frame=114 ok=1 pending_before=1 pending_after=2
t=1831643028 model_submit model=face_yolo ch=1 frame=114 ok=1 pending_before=3 pending_after=4
t=1831643028 decode_enqueue ch=1 frame=114 pts_us=4750000 inflight=2 max_inflight=8 queue=6
t=1831643028 agg_first_result model=yolo ch=1 frame=113
t=1831643028 agg_add model=yolo ch=1 frame=113 results=1 boxes=0 first=1
t=1831643028 rknn_infer ch=2 frame=115 lock_wait_us=0 rga_pre_us=2054 run_us=18198 outputs_get_us=2183 post_us=674 release_us=1 total_us=23133 boxes=0
t=1831643028 model_output model=yolo ch=2 frame=115 pending_after=2 boxes=0
t=1831643028 agg_publish ch=1 frame=113 partial=0 ready=1 results=1 models=yolo has_face=0 face_boxes=0 yolo_boxes=0 waited_ms=0
t=1831643029 mosaic_submit ch=1 frame=113 pts_us=4708333 partial=0 results=1 has_face=0 face_boxes=0 yolo_boxes=0
t=1831643029 agg_first_result model=yolo ch=2 frame=115
t=1831643029 agg_add model=yolo ch=2 frame=115 results=1 boxes=0 first=1
t=1831643029 agg_publish ch=2 frame=115 partial=0 ready=1 results=1 models=yolo has_face=0 face_boxes=0 yolo_boxes=0 waited_ms=0
t=1831643029 mosaic_submit ch=2 frame=115 pts_us=4791666 partial=0 results=1 has_face=0 face_boxes=0 yolo_boxes=0
t=1831643032 model_submit model=yolo ch=3 frame=115 ok=1 pending_before=1 pending_after=2
t=1831643033 decode_enqueue ch=3 frame=115 pts_us=4791666 inflight=2 max_inflight=8 queue=6
t=1831643037 mosaic_e2e_age_ms ch0=285 ch1=217 ch2=281 ch3=254 frame=109,109,109,109
t=1831643037 mosaic_pts_select target_pts=4541594 selected_pts=4541666,4541666,4541666,4541666 selected_frame=109,109,109,109
t=1831643042 mosaic_rtsp_handoff packet=109 compose_to_encode_ms=4 compose_to_rtsp_ms=5 rtsp_push_ms=1 ok=1
t=1831643043 model_submit model=yolo ch=0 frame=116 ok=1 pending_before=2 pending_after=3
t=1831643043 decode_enqueue ch=0 frame=116 pts_us=4833333 inflight=2 max_inflight=8 queue=7
t=1831643044 rknn_infer ch=0 frame=114 lock_wait_us=0 rga_pre_us=2096 run_us=79283 outputs_get_us=507 post_us=1866 release_us=1 total_us=83777 boxes=0
t=1831643044 model_output model=face_yolo ch=0 frame=114 pending_after=4 boxes=0
t=1831643044 agg_add model=face_yolo ch=0 frame=114 results=2 boxes=0 first=0
t=1831643044 agg_publish ch=0 frame=114 partial=0 ready=1 results=2 models=yolo,face_yolo has_face=1 face_boxes=0 yolo_boxes=0 waited_ms=60
t=1831643044 mosaic_submit ch=0 frame=114 pts_us=4750000 partial=0 results=2 has_face=1 face_boxes=0 yolo_boxes=0
t=1831643047 model_submit model=yolo ch=2 frame=116 ok=1 pending_before=3 pending_after=4
t=1831643047 decode_enqueue ch=2 frame=116 pts_us=4833333 inflight=2 max_inflight=8 queue=7
t=1831643050 rknn_infer ch=2 frame=114 lock_wait_us=0 rga_pre_us=2231 run_us=81587 outputs_get_us=564 post_us=2043 release_us=1 total_us=86454 boxes=0
t=1831643050 model_output model=face_yolo ch=2 frame=114 pending_after=3 boxes=0
t=1831643050 agg_add model=face_yolo ch=2 frame=114 results=2 boxes=0 first=0
t=1831643050 agg_publish ch=2 frame=114 partial=0 ready=1 results=2 models=yolo,face_yolo has_face=1 face_boxes=0 yolo_boxes=0 waited_ms=63
t=1831643050 mosaic_submit ch=2 frame=114 pts_us=4750000 partial=0 results=2 has_face=1 face_boxes=0 yolo_boxes=0
t=1831643065 rknn_infer ch=0 frame=116 lock_wait_us=0 rga_pre_us=1870 run_us=18645 outputs_get_us=1208 post_us=172 release_us=1 total_us=21918 boxes=0
t=1831643065 model_output model=yolo ch=0 frame=116 pending_after=4 boxes=0
t=1831643065 agg_first_result model=yolo ch=0 frame=116
t=1831643065 agg_add model=yolo ch=0 frame=116 results=1 boxes=0 first=1
t=1831643066 agg_publish ch=0 frame=116 partial=0 ready=1 results=1 models=yolo has_face=0 face_boxes=0 yolo_boxes=0 waited_ms=0
t=1831643066 mosaic_submit ch=0 frame=116 pts_us=4833333 partial=0 results=1 has_face=0 face_boxes=0 yolo_boxes=0
t=1831643066 rknn_infer ch=1 frame=114 lock_wait_us=0 rga_pre_us=2134 run_us=32801 outputs_get_us=2859 post_us=561 release_us=2 total_us=38372 boxes=0
t=1831643066 model_output model=yolo ch=1 frame=114 pending_after=3 boxes=0
t=1831643067 agg_first_result model=yolo ch=1 frame=114
t=1831643067 agg_add model=yolo ch=1 frame=114 results=1 boxes=0 first=1
t=1831643067 rknn_infer ch=3 frame=114 lock_wait_us=0 rga_pre_us=1958 run_us=72240 outputs_get_us=476 post_us=1833 release_us=1 total_us=76523 boxes=0
t=1831643068 model_output model=face_yolo ch=3 frame=114 pending_after=2 boxes=0
t=1831643068 agg_add model=face_yolo ch=3 frame=114 results=2 boxes=0 first=0
t=1831643068 agg_publish ch=3 frame=114 partial=0 ready=1 results=2 models=yolo,face_yolo has_face=1 face_boxes=0 yolo_boxes=0 waited_ms=40
t=1831643068 rknn_infer ch=3 frame=115 lock_wait_us=0 rga_pre_us=1986 run_us=32245 outputs_get_us=1037 post_us=212 release_us=1 total_us=35498 boxes=0
t=1831643068 model_output model=yolo ch=3 frame=115 pending_after=2 boxes=0
t=1831643068 mosaic_submit ch=3 frame=114 pts_us=4750000 partial=0 results=2 has_face=1 face_boxes=0 yolo_boxes=0
t=1831643068 agg_first_result model=yolo ch=3 frame=115
t=1831643068 agg_add model=yolo ch=3 frame=115 results=1 boxes=0 first=1
t=1831643068 agg_publish ch=3 frame=115 partial=0 ready=1 results=1 models=yolo has_face=0 face_boxes=0 yolo_boxes=0 waited_ms=0
t=1831643068 mosaic_submit ch=3 frame=115 pts_us=4791666 partial=0 results=1 has_face=0 face_boxes=0 yolo_boxes=0
t=1831643070 model_submit model=yolo ch=1 frame=115 ok=1 pending_before=1 pending_after=2
t=1831643070 decode_enqueue ch=1 frame=115 pts_us=4791666 inflight=2 max_inflight=8 queue=3
t=1831643072 rknn_infer ch=2 frame=116 lock_wait_us=0 rga_pre_us=2052 run_us=20204 outputs_get_us=1988 post_us=552 release_us=1 total_us=24823 boxes=0
t=1831643072 model_output model=yolo ch=2 frame=116 pending_after=2 boxes=0
t=1831643072 agg_first_result model=yolo ch=2 frame=116
t=1831643072 agg_add model=yolo ch=2 frame=116 results=1 boxes=0 first=1
t=1831643072 agg_publish ch=2 frame=116 partial=0 ready=1 results=1 models=yolo has_face=0 face_boxes=0 yolo_boxes=0 waited_ms=0
t=1831643072 mosaic_submit ch=2 frame=116 pts_us=4833333 partial=0 results=1 has_face=0 face_boxes=0 yolo_boxes=0
t=1831643074 model_submit model=yolo ch=3 frame=116 ok=1 pending_before=1 pending_after=2
t=1831643074 decode_enqueue ch=3 frame=116 pts_us=4833333 inflight=1 max_inflight=8 queue=3
t=1831643078 mosaic_e2e_age_ms ch0=285 ch1=217 ch2=281 ch3=254 frame=110,110,110,110
t=1831643078 mosaic_pts_select target_pts=4583260 selected_pts=4583333,4583333,4583333,4583333 selected_frame=110,110,110,110
t=1831643084 mosaic_rtsp_handoff packet=110 compose_to_encode_ms=5 compose_to_rtsp_ms=6 rtsp_push_ms=1 ok=1
t=1831643085 model_submit model=yolo ch=0 frame=117 ok=1 pending_before=2 pending_after=3
t=1831643085 model_submit model=face_yolo ch=0 frame=117 ok=1 pending_before=1 pending_after=2
t=1831643085 decode_enqueue ch=0 frame=117 pts_us=4875000 inflight=1 max_inflight=8 queue=5
t=1831643088 model_submit model=yolo ch=2 frame=117 ok=1 pending_before=3 pending_after=4
t=1831643088 model_submit model=face_yolo ch=2 frame=117 ok=1 pending_before=2 pending_after=3
t=1831643088 decode_enqueue ch=2 frame=117 pts_us=4875000 inflight=1 max_inflight=8 queue=7
t=1831643090 rknn_infer ch=1 frame=114 lock_wait_us=0 rga_pre_us=3027 run_us=41017 outputs_get_us=516 post_us=1835 release_us=1 total_us=46423 boxes=0
t=1831643090 model_output model=face_yolo ch=1 frame=114 pending_after=3 boxes=0
t=1831643091 agg_add model=face_yolo ch=1 frame=114 results=2 boxes=0 first=0
t=1831643091 agg_publish ch=1 frame=114 partial=0 ready=1 results=2 models=yolo,face_yolo has_face=1 face_boxes=0 yolo_boxes=0 waited_ms=23
t=1831643091 mosaic_submit ch=1 frame=114 pts_us=4750000 partial=0 results=2 has_face=1 face_boxes=0 yolo_boxes=0
t=1831643096 rknn_infer ch=3 frame=116 lock_wait_us=0 rga_pre_us=2005 run_us=17190 outputs_get_us=2340 post_us=582 release_us=2 total_us=22148 boxes=0
t=1831643096 model_output model=yolo ch=3 frame=116 pending_after=4 boxes=0
t=1831643097 agg_first_result model=yolo ch=3 frame=116
t=1831643097 agg_add model=yolo ch=3 frame=116 results=1 boxes=0 first=1
t=1831643097 agg_publish ch=3 frame=116 partial=0 ready=1 results=1 models=yolo has_face=0 face_boxes=0 yolo_boxes=0 waited_ms=0
t=1831643097 mosaic_submit ch=3 frame=116 pts_us=4833333 partial=0 results=1 has_face=0 face_boxes=0 yolo_boxes=0
t=1831643105 rknn_infer ch=1 frame=115 lock_wait_us=0 rga_pre_us=1908 run_us=32528 outputs_get_us=1102 post_us=116 release_us=1 total_us=35670 boxes=0
t=1831643105 model_output model=yolo ch=1 frame=115 pending_after=3 boxes=0
t=1831643105 agg_first_result model=yolo ch=1 frame=115
t=1831643106 agg_add model=yolo ch=1 frame=115 results=1 boxes=0 first=1
t=1831643106 agg_publish ch=1 frame=115 partial=0 ready=1 results=1 models=yolo has_face=0 face_boxes=0 yolo_boxes=0 waited_ms=0
t=1831643106 mosaic_submit ch=1 frame=115 pts_us=4791666 partial=0 results=1 has_face=0 face_boxes=0 yolo_boxes=0
t=1831643107 rknn_infer ch=0 frame=117 lock_wait_us=0 rga_pre_us=1904 run_us=18971 outputs_get_us=900 post_us=128 release_us=0 total_us=21920 boxes=0
t=1831643107 model_output model=yolo ch=0 frame=117 pending_after=2 boxes=0
t=1831643107 agg_first_result model=yolo ch=0 frame=117
t=1831643107 agg_add model=yolo ch=0 frame=117 results=1 boxes=0 first=1
t=1831643111 model_submit model=yolo ch=1 frame=116 ok=1 pending_before=1 pending_after=2
t=1831643111 decode_enqueue ch=1 frame=116 pts_us=4833333 inflight=1 max_inflight=8 queue=4
t=1831643112 rknn_infer ch=2 frame=117 lock_wait_us=0 rga_pre_us=2265 run_us=16385 outputs_get_us=2088 post_us=556 release_us=1 total_us=21321 boxes=0
t=1831643112 model_output model=yolo ch=2 frame=117 pending_after=2 boxes=0
t=1831643112 agg_first_result model=yolo ch=2 frame=117
t=1831643112 agg_add model=yolo ch=2 frame=117 results=1 boxes=0 first=1
t=1831643116 model_submit model=yolo ch=3 frame=117 ok=1 pending_before=1 pending_after=2
t=1831643116 model_submit model=face_yolo ch=3 frame=117 ok=1 pending_before=2 pending_after=3
t=1831643116 decode_enqueue ch=3 frame=117 pts_us=4875000 inflight=1 max_inflight=8 queue=5
t=1831643120 mosaic_e2e_age_ms ch0=286 ch1=216 ch2=282 ch3=254 frame=111,111,111,111
t=1831643120 mosaic_pts_select target_pts=4624926 selected_pts=4625000,4625000,4625000,4625000 selected_frame=111,111,111,111
t=1831643125 mosaic_rtsp_handoff packet=111 compose_to_encode_ms=5 compose_to_rtsp_ms=5 rtsp_push_ms=0 ok=1
t=1831643126 model_submit model=yolo ch=0 frame=118 ok=1 pending_before=2 pending_after=3
t=1831643126 decode_enqueue ch=0 frame=118 pts_us=4916666 inflight=2 max_inflight=8 queue=6
t=1831643130 model_submit model=yolo ch=2 frame=118 ok=1 pending_before=3 pending_after=4
t=1831643130 decode_enqueue ch=2 frame=118 pts_us=4916666 inflight=2 max_inflight=8 queue=7
t=1831643149 rknn_infer ch=0 frame=118 lock_wait_us=0 rga_pre_us=1835 run_us=18968 outputs_get_us=1127 post_us=250 release_us=1 total_us=22199 boxes=0
t=1831643149 model_output model=yolo ch=0 frame=118 pending_after=4 boxes=0
t=1831643149 agg_first_result model=yolo ch=0 frame=118
t=1831643149 agg_add model=yolo ch=0 frame=118 results=1 boxes=0 first=1
t=1831643149 agg_publish ch=0 frame=118 partial=0 ready=1 results=1 models=yolo has_face=0 face_boxes=0 yolo_boxes=0 waited_ms=0
t=1831643149 mosaic_submit ch=0 frame=118 pts_us=4916666 partial=0 results=1 has_face=0 face_boxes=0 yolo_boxes=0
t=1831643150 rknn_infer ch=1 frame=116 lock_wait_us=0 rga_pre_us=2121 run_us=33035 outputs_get_us=3156 post_us=598 release_us=2 total_us=38935 boxes=0
t=1831643150 model_output model=yolo ch=1 frame=116 pending_after=3 boxes=0
t=1831643150 agg_first_result model=yolo ch=1 frame=116
t=1831643151 agg_add model=yolo ch=1 frame=116 results=1 boxes=0 first=1
t=1831643151 agg_publish ch=1 frame=116 partial=0 ready=1 results=1 models=yolo has_face=0 face_boxes=0 yolo_boxes=0 waited_ms=0
t=1831643151 mosaic_submit ch=1 frame=116 pts_us=4833333 partial=0 results=1 has_face=0 face_boxes=0 yolo_boxes=0
t=1831643152 rknn_infer ch=2 frame=118 lock_wait_us=0 rga_pre_us=2066 run_us=17154 outputs_get_us=2022 post_us=553 release_us=2 total_us=21822 boxes=0
t=1831643152 model_output model=yolo ch=2 frame=118 pending_after=2 boxes=0
t=1831643152 agg_first_result model=yolo ch=2 frame=118
t=1831643152 agg_add model=yolo ch=2 frame=118 results=1 boxes=0 first=1
t=1831643152 agg_publish ch=2 frame=118 partial=0 ready=1 results=1 models=yolo has_face=0 face_boxes=0 yolo_boxes=0 waited_ms=0
t=1831643152 rknn_infer ch=3 frame=117 lock_wait_us=0 rga_pre_us=1825 run_us=32787 outputs_get_us=1234 post_us=261 release_us=1 total_us=36123 boxes=0
t=1831643152 model_output model=yolo ch=3 frame=117 pending_after=1 boxes=0
t=1831643152 mosaic_submit ch=2 frame=118 pts_us=4916666 partial=0 results=1 has_face=0 face_boxes=0 yolo_boxes=0
t=1831643152 agg_first_result model=yolo ch=3 frame=117
t=1831643152 agg_add model=yolo ch=3 frame=117 results=1 boxes=0 first=1
t=1831643153 model_submit model=yolo ch=1 frame=117 ok=1 pending_before=0 pending_after=1
t=1831643153 model_submit model=face_yolo ch=1 frame=117 ok=1 pending_before=3 pending_after=4
t=1831643153 decode_enqueue ch=1 frame=117 pts_us=4875000 inflight=1 max_inflight=8 queue=5
t=1831643157 model_submit model=yolo ch=3 frame=118 ok=1 pending_before=1 pending_after=2
t=1831643158 decode_enqueue ch=3 frame=118 pts_us=4916666 inflight=2 max_inflight=8 queue=6
t=1831643162 mosaic_e2e_age_ms ch0=285 ch1=217 ch2=281 ch3=254 frame=112,112,112,112
t=1831643162 mosaic_pts_select target_pts=4666592 selected_pts=4666666,4666666,4666666,4666666 selected_frame=112,112,112,112
t=1831643167 mosaic_rtsp_handoff packet=112 compose_to_encode_ms=4 compose_to_rtsp_ms=5 rtsp_push_ms=1 ok=1
t=1831643168 model_submit model=yolo ch=0 frame=119 ok=1 pending_before=2 pending_after=3
t=1831643168 decode_enqueue ch=0 frame=119 pts_us=4958333 inflight=2 max_inflight=8 queue=7
t=1831643170 rknn_infer ch=0 frame=117 lock_wait_us=0 rga_pre_us=2164 run_us=79194 outputs_get_us=604 post_us=2881 release_us=3 total_us=84876 boxes=0
t=1831643170 model_output model=face_yolo ch=0 frame=117 pending_after=4 boxes=0
t=1831643170 agg_add model=face_yolo ch=0 frame=117 results=2 boxes=0 first=0
t=1831643170 agg_publish ch=0 frame=117 partial=0 ready=1 results=2 models=yolo,face_yolo has_face=1 face_boxes=0 yolo_boxes=0 waited_ms=63
t=1831643170 mosaic_submit ch=0 frame=117 pts_us=4875000 partial=0 results=2 has_face=1 face_boxes=0 yolo_boxes=0
t=1831643172 model_submit model=yolo ch=2 frame=119 ok=1 pending_before=3 pending_after=4
t=1831643172 decode_enqueue ch=2 frame=119 pts_us=4958333 inflight=2 max_inflight=8 queue=7
t=1831643179 rknn_infer ch=2 frame=117 lock_wait_us=0 rga_pre_us=2103 run_us=84528 outputs_get_us=481 post_us=1799 release_us=0 total_us=88934 boxes=0
t=1831643180 model_output model=face_yolo ch=2 frame=117 pending_after=3 boxes=0
t=1831643180 agg_add model=face_yolo ch=2 frame=117 results=2 boxes=0 first=0
t=1831643180 agg_publish ch=2 frame=117 partial=0 ready=1 results=2 models=yolo,face_yolo has_face=1 face_boxes=0 yolo_boxes=0 waited_ms=67
t=1831643180 mosaic_submit ch=2 frame=117 pts_us=4875000 partial=0 results=2 has_face=1 face_boxes=0 yolo_boxes=0
t=1831643188 rknn_infer ch=1 frame=117 lock_wait_us=0 rga_pre_us=1794 run_us=32199 outputs_get_us=1201 post_us=163 release_us=1 total_us=35373 boxes=0
t=1831643189 model_output model=yolo ch=1 frame=117 pending_after=4 boxes=0
t=1831643189 agg_first_result model=yolo ch=1 frame=117
t=1831643189 agg_add model=yolo ch=1 frame=117 results=1 boxes=0 first=1
t=1831643191 rknn_infer ch=0 frame=119 lock_wait_us=0 rga_pre_us=2085 run_us=18130 outputs_get_us=2177 post_us=553 release_us=1 total_us=22971 boxes=0
t=1831643191 model_output model=yolo ch=0 frame=119 pending_after=3 boxes=0
t=1831643191 agg_first_result model=yolo ch=0 frame=119
t=1831643191 agg_add model=yolo ch=0 frame=119 results=1 boxes=0 first=1
t=1831643191 agg_publish ch=0 frame=119 partial=0 ready=1 results=1 models=yolo has_face=0 face_boxes=0 yolo_boxes=0 waited_ms=0
t=1831643192 mosaic_submit ch=0 frame=119 pts_us=4958333 partial=0 results=1 has_face=0 face_boxes=0 yolo_boxes=0
t=1831643194 rknn_infer ch=2 frame=119 lock_wait_us=0 rga_pre_us=1827 run_us=18873 outputs_get_us=1265 post_us=222 release_us=1 total_us=22206 boxes=0
t=1831643194 model_output model=yolo ch=2 frame=119 pending_after=2 boxes=0
t=1831643194 agg_first_result model=yolo ch=2 frame=119
t=1831643194 agg_add model=yolo ch=2 frame=119 results=1 boxes=0 first=1
t=1831643194 agg_publish ch=2 frame=119 partial=0 ready=1 results=1 models=yolo has_face=0 face_boxes=0 yolo_boxes=0 waited_ms=0
t=1831643194 mosaic_submit ch=2 frame=119 pts_us=4958333 partial=0 results=1 has_face=0 face_boxes=0 yolo_boxes=0
t=1831643195 model_submit model=yolo ch=1 frame=118 ok=1 pending_before=1 pending_after=2
t=1831643195 decode_enqueue ch=1 frame=118 pts_us=4916666 inflight=2 max_inflight=8 queue=4
t=1831643195 rknn_infer ch=3 frame=118 lock_wait_us=0 rga_pre_us=1983 run_us=32063 outputs_get_us=2390 post_us=575 release_us=1 total_us=37030 boxes=0
t=1831643195 model_output model=yolo ch=3 frame=118 pending_after=2 boxes=0
t=1831643195 agg_first_result model=yolo ch=3 frame=118
t=1831643195 agg_add model=yolo ch=3 frame=118 results=1 boxes=0 first=1
t=1831643195 agg_publish ch=3 frame=118 partial=0 ready=1 results=1 models=yolo has_face=0 face_boxes=0 yolo_boxes=0 waited_ms=0
t=1831643195 mosaic_submit ch=3 frame=118 pts_us=4916666 partial=0 results=1 has_face=0 face_boxes=0 yolo_boxes=0
t=1831643197 rknn_infer ch=3 frame=117 lock_wait_us=0 rga_pre_us=1913 run_us=76801 outputs_get_us=458 post_us=1943 release_us=1 total_us=81132 boxes=0
t=1831643197 model_output model=face_yolo ch=3 frame=117 pending_after=2 boxes=0
t=1831643197 agg_add model=face_yolo ch=3 frame=117 results=2 boxes=0 first=0
t=1831643197 agg_publish ch=3 frame=117 partial=0 ready=1 results=2 models=yolo,face_yolo has_face=1 face_boxes=0 yolo_boxes=0 waited_ms=45
t=1831643197 mosaic_submit ch=3 frame=117 pts_us=4875000 partial=0 results=2 has_face=1 face_boxes=0 yolo_boxes=0
t=1831643199 model_submit model=yolo ch=3 frame=119 ok=1 pending_before=1 pending_after=2
t=1831643199 decode_enqueue ch=3 frame=119 pts_us=4958333 inflight=1 max_inflight=8 queue=3
t=1831643203 mosaic_e2e_age_ms ch0=285 ch1=217 ch2=282 ch3=254 frame=113,113,113,113
t=1831643203 mosaic_pts_select target_pts=4708258 selected_pts=4708333,4708333,4708333,4708333 selected_frame=113,113,113,113
t=1831643208 mosaic_rtsp_handoff packet=113 compose_to_encode_ms=5 compose_to_rtsp_ms=5 rtsp_push_ms=0 ok=1
t=1831643210 model_submit model=yolo ch=0 frame=120 ok=1 pending_before=2 pending_after=3
t=1831643210 model_submit model=face_yolo ch=0 frame=120 ok=1 pending_before=1 pending_after=2
t=1831643210 decode_enqueue ch=0 frame=120 pts_us=5000000 inflight=1 max_inflight=8 queue=5
t=1831643213 model_submit model=yolo ch=2 frame=120 ok=1 pending_before=3 pending_after=4
t=1831643213 model_submit model=face_yolo ch=2 frame=120 ok=1 pending_before=2 pending_after=3
t=1831643213 decode_enqueue ch=2 frame=120 pts_us=5000000 inflight=1 max_inflight=8 queue=7
t=1831643215 rknn_infer ch=1 frame=117 lock_wait_us=0 rga_pre_us=2408 run_us=39674 outputs_get_us=496 post_us=2283 release_us=1 total_us=44889 boxes=0
t=1831643215 model_output model=face_yolo ch=1 frame=117 pending_after=3 boxes=0
t=1831643215 agg_add model=face_yolo ch=1 frame=117 results=2 boxes=0 first=0
t=1831643216 agg_publish ch=1 frame=117 partial=0 ready=1 results=2 models=yolo,face_yolo has_face=1 face_boxes=0 yolo_boxes=0 waited_ms=26
t=1831643216 mosaic_submit ch=1 frame=117 pts_us=4875000 partial=0 results=2 has_face=1 face_boxes=0 yolo_boxes=0
t=1831643231 rknn_infer ch=1 frame=118 lock_wait_us=0 rga_pre_us=1874 run_us=32422 outputs_get_us=2348 post_us=177 release_us=1 total_us=36833 boxes=0
t=1831643232 model_output model=yolo ch=1 frame=118 pending_after=4 boxes=0
t=1831643232 agg_first_result model=yolo ch=1 frame=118
t=1831643232 agg_add model=yolo ch=1 frame=118 results=1 boxes=0 first=1
t=1831643232 rknn_infer ch=0 frame=120 lock_wait_us=0 rga_pre_us=1865 run_us=18371 outputs_get_us=980 post_us=812 release_us=0 total_us=22044 boxes=0
t=1831643232 model_output model=yolo ch=0 frame=120 pending_after=3 boxes=0
t=1831643232 agg_publish ch=1 frame=118 partial=0 ready=1 results=1 models=yolo has_face=0 face_boxes=0 yolo_boxes=0 waited_ms=0
t=1831643232 mosaic_submit ch=1 frame=118 pts_us=4916666 partial=0 results=1 has_face=0 face_boxes=0 yolo_boxes=0
t=1831643232 agg_first_result model=yolo ch=0 frame=120
t=1831643232 agg_add model=yolo ch=0 frame=120 results=1 boxes=0 first=1
t=1831643236 model_submit model=yolo ch=1 frame=119 ok=1 pending_before=2 pending_after=3
t=1831643236 decode_enqueue ch=1 frame=119 pts_us=4958333 inflight=1 max_inflight=8 queue=5
t=1831643237 rknn_infer ch=3 frame=119 lock_wait_us=0 rga_pre_us=2017 run_us=31949 outputs_get_us=2879 post_us=1238 release_us=5 total_us=38123 boxes=0
t=1831643237 model_output model=yolo ch=3 frame=119 pending_after=3 boxes=0
t=1831643238 agg_first_result model=yolo ch=3 frame=119
t=1831643238 agg_add model=yolo ch=3 frame=119 results=1 boxes=0 first=1
t=1831643238 agg_publish ch=3 frame=119 partial=0 ready=1 results=1 models=yolo has_face=0 face_boxes=0 yolo_boxes=0 waited_ms=0
t=1831643238 mosaic_submit ch=3 frame=119 pts_us=4958333 partial=0 results=1 has_face=0 face_boxes=0 yolo_boxes=0
t=1831643239 rknn_infer ch=2 frame=120 lock_wait_us=0 rga_pre_us=1940 run_us=18074 outputs_get_us=3397 post_us=1239 release_us=3 total_us=24702 boxes=0
t=1831643239 model_output model=yolo ch=2 frame=120 pending_after=2 boxes=0
t=1831643239 agg_first_result model=yolo ch=2 frame=120
t=1831643239 agg_add model=yolo ch=2 frame=120 results=1 boxes=0 first=1
t=1831643241 model_submit model=yolo ch=3 frame=120 ok=1 pending_before=1 pending_after=2
t=1831643241 model_submit model=face_yolo ch=3 frame=120 ok=1 pending_before=2 pending_after=3
t=1831643241 decode_enqueue ch=3 frame=120 pts_us=5000000 inflight=1 max_inflight=8 queue=5
t=1831643245 mosaic_e2e_age_ms ch0=286 ch1=217 ch2=282 ch3=254 frame=114,114,114,114
t=1831643245 mosaic_pts_select target_pts=4749924 selected_pts=4750000,4750000,4750000,4750000 selected_frame=114,114,114,114
t=1831643251 mosaic_rtsp_handoff packet=114 compose_to_encode_ms=4 compose_to_rtsp_ms=6 rtsp_push_ms=2 ok=1
t=1831643251 model_submit model=yolo ch=0 frame=121 ok=1 pending_before=2 pending_after=3
t=1831643251 decode_enqueue ch=0 frame=121 pts_us=5041666 inflight=2 max_inflight=8 queue=6
t=1831643255 model_submit model=yolo ch=2 frame=121 ok=1 pending_before=3 pending_after=4
t=1831643255 decode_enqueue ch=2 frame=121 pts_us=5041666 inflight=2 max_inflight=8 queue=7
t=1831643272 rknn_infer ch=1 frame=119 lock_wait_us=0 rga_pre_us=1928 run_us=32242 outputs_get_us=1171 post_us=179 release_us=1 total_us=35541 boxes=0
t=1831643272 model_output model=yolo ch=1 frame=119 pending_after=4 boxes=0
t=1831643272 agg_first_result model=yolo ch=1 frame=119
t=1831643272 agg_add model=yolo ch=1 frame=119 results=1 boxes=0 first=1
t=1831643272 agg_publish ch=1 frame=119 partial=0 ready=1 results=1 models=yolo has_face=0 face_boxes=0 yolo_boxes=0 waited_ms=0
t=1831643272 mosaic_submit ch=1 frame=119 pts_us=4958333 partial=0 results=1 has_face=0 face_boxes=0 yolo_boxes=0
t=1831643276 rknn_infer ch=3 frame=120 lock_wait_us=0 rga_pre_us=1874 run_us=31650 outputs_get_us=1265 post_us=248 release_us=1 total_us=35055 boxes=0
t=1831643276 model_output model=yolo ch=3 frame=120 pending_after=3 boxes=0
t=1831643276 rknn_infer ch=0 frame=121 lock_wait_us=0 rga_pre_us=2123 run_us=18291 outputs_get_us=2978 post_us=1219 release_us=3 total_us=24650 boxes=0
t=1831643276 agg_first_result model=yolo ch=3 frame=120
t=1831643276 agg_add model=yolo ch=3 frame=120 results=1 boxes=0 first=1
t=1831643276 model_output model=yolo ch=0 frame=121 pending_after=2 boxes=0
t=1831643277 agg_first_result model=yolo ch=0 frame=121
t=1831643277 agg_add model=yolo ch=0 frame=121 results=1 boxes=0 first=1
t=1831643277 agg_publish ch=0 frame=121 partial=0 ready=1 results=1 models=yolo has_face=0 face_boxes=0 yolo_boxes=0 waited_ms=0
t=1831643277 mosaic_submit ch=0 frame=121 pts_us=5041666 partial=0 results=1 has_face=0 face_boxes=0 yolo_boxes=0
t=1831643278 model_submit model=yolo ch=1 frame=120 ok=1 pending_before=1 pending_after=2
t=1831643278 model_submit model=face_yolo ch=1 frame=120 ok=1 pending_before=3 pending_after=4
t=1831643278 decode_enqueue ch=1 frame=120 pts_us=5000000 inflight=1 max_inflight=8 queue=6
t=1831643283 model_submit model=yolo ch=3 frame=121 ok=1 pending_before=2 pending_after=3
t=1831643283 decode_enqueue ch=3 frame=121 pts_us=5041666 inflight=2 max_inflight=8 queue=7
t=1831643283 rknn_infer ch=2 frame=121 lock_wait_us=0 rga_pre_us=2269 run_us=18317 outputs_get_us=4985 post_us=1714 release_us=4 total_us=27698 boxes=0
t=1831643283 model_output model=yolo ch=2 frame=121 pending_after=3 boxes=0
t=1831643284 agg_first_result model=yolo ch=2 frame=121
t=1831643284 agg_add model=yolo ch=2 frame=121 results=1 boxes=0 first=1
t=1831643284 agg_publish ch=2 frame=121 partial=0 ready=1 results=1 models=yolo has_face=0 face_boxes=0 yolo_boxes=0 waited_ms=0
t=1831643287 mosaic_e2e_age_ms ch0=285 ch1=217 ch2=281 ch3=254 frame=115,115,115,115
t=1831643287 mosaic_pts_select target_pts=4791590 selected_pts=4791666,4791666,4791666,4791666 selected_frame=115,115,115,115
t=1831643291 mosaic_submit ch=2 frame=121 pts_us=5041666 partial=0 results=1 has_face=0 face_boxes=0 yolo_boxes=0
t=1831643292 mosaic_rtsp_handoff packet=115 compose_to_encode_ms=5 compose_to_rtsp_ms=5 rtsp_push_ms=0 ok=1
t=1831643293 model_submit model=yolo ch=0 frame=122 ok=1 pending_before=2 pending_after=3
t=1831643293 decode_enqueue ch=0 frame=122 pts_us=5083333 inflight=2 max_inflight=8 queue=7
t=1831643297 model_submit model=yolo ch=2 frame=122 ok=1 pending_before=3 pending_after=4
t=1831643297 decode_enqueue ch=2 frame=122 pts_us=5083333 inflight=2 max_inflight=8 queue=8
t=1831643302 rknn_infer ch=0 frame=120 lock_wait_us=0 rga_pre_us=2256 run_us=87177 outputs_get_us=536 post_us=1811 release_us=0 total_us=91806 boxes=0
t=1831643302 model_output model=face_yolo ch=0 frame=120 pending_after=4 boxes=0
t=1831643302 agg_add model=face_yolo ch=0 frame=120 results=2 boxes=0 first=0
t=1831643302 agg_publish ch=0 frame=120 partial=0 ready=1 results=2 models=yolo,face_yolo has_face=1 face_boxes=0 yolo_boxes=0 waited_ms=70
t=1831643302 mosaic_submit ch=0 frame=120 pts_us=5000000 partial=0 results=2 has_face=1 face_boxes=0 yolo_boxes=0
t=1831643306 rknn_infer ch=2 frame=120 lock_wait_us=0 rga_pre_us=1929 run_us=87960 outputs_get_us=534 post_us=1820 release_us=3 total_us=92279 boxes=0
t=1831643306 model_output model=face_yolo ch=2 frame=120 pending_after=3 boxes=0
t=1831643306 agg_add model=face_yolo ch=2 frame=120 results=2 boxes=0 first=0
t=1831643306 agg_publish ch=2 frame=120 partial=0 ready=1 results=2 models=yolo,face_yolo has_face=1 face_boxes=0 yolo_boxes=0 waited_ms=67
t=1831643306 mosaic_submit ch=2 frame=120 pts_us=5000000 partial=0 results=2 has_face=1 face_boxes=0 yolo_boxes=0
t=1831643313 rknn_infer ch=3 frame=120 lock_wait_us=0 rga_pre_us=1984 run_us=67554 outputs_get_us=555 post_us=2025 release_us=1 total_us=72144 boxes=0
t=1831643313 model_output model=face_yolo ch=3 frame=120 pending_after=2 boxes=0
t=1831643314 agg_add model=face_yolo ch=3 frame=120 results=2 boxes=0 first=0
t=1831643314 agg_publish ch=3 frame=120 partial=0 ready=1 results=2 models=yolo,face_yolo has_face=1 face_boxes=0 yolo_boxes=0 waited_ms=37
t=1831643314 mosaic_submit ch=3 frame=120 pts_us=5000000 partial=0 results=2 has_face=1 face_boxes=0 yolo_boxes=0
t=1831643314 rknn_infer ch=1 frame=120 lock_wait_us=0 rga_pre_us=2114 run_us=32645 outputs_get_us=1067 post_us=136 release_us=0 total_us=35977 boxes=0
t=1831643314 model_output model=yolo ch=1 frame=120 pending_after=4 boxes=0
t=1831643314 agg_first_result model=yolo ch=1 frame=120
t=1831643314 agg_add model=yolo ch=1 frame=120 results=1 boxes=0 first=1
t=1831643317 rknn_infer ch=0 frame=122 lock_wait_us=0 rga_pre_us=2125 run_us=18602 outputs_get_us=2038 post_us=585 release_us=1 total_us=23374 boxes=0
t=1831643317 model_output model=yolo ch=0 frame=122 pending_after=3 boxes=0
t=1831643317 agg_first_result model=yolo ch=0 frame=122
t=1831643317 agg_add model=yolo ch=0 frame=122 results=1 boxes=0 first=1
t=1831643317 agg_publish ch=0 frame=122 partial=0 ready=1 results=1 models=yolo has_face=0 face_boxes=0 yolo_boxes=0 waited_ms=0
t=1831643317 mosaic_submit ch=0 frame=122 pts_us=5083333 partial=0 results=1 has_face=0 face_boxes=0 yolo_boxes=0
t=1831643318 rknn_infer ch=3 frame=121 lock_wait_us=0 rga_pre_us=2024 run_us=32319 outputs_get_us=881 post_us=125 release_us=0 total_us=35363 boxes=0
t=1831643318 model_output model=yolo ch=3 frame=121 pending_after=2 boxes=0
t=1831643318 agg_first_result model=yolo ch=3 frame=121
t=1831643318 agg_add model=yolo ch=3 frame=121 results=1 boxes=0 first=1
t=1831643318 agg_publish ch=3 frame=121 partial=0 ready=1 results=1 models=yolo has_face=0 face_boxes=0 yolo_boxes=0 waited_ms=0
t=1831643318 mosaic_submit ch=3 frame=121 pts_us=5041666 partial=0 results=1 has_face=0 face_boxes=0 yolo_boxes=0
t=1831643320 model_submit model=yolo ch=1 frame=121 ok=1 pending_before=1 pending_after=2
t=1831643320 decode_enqueue ch=1 frame=121 pts_us=5041666 inflight=2 max_inflight=8 queue=3
t=1831643321 rknn_infer ch=2 frame=122 lock_wait_us=0 rga_pre_us=1964 run_us=19408 outputs_get_us=2252 post_us=598 release_us=2 total_us=24250 boxes=0
t=1831643321 model_output model=yolo ch=2 frame=122 pending_after=2 boxes=0
t=1831643321 agg_first_result model=yolo ch=2 frame=122
t=1831643321 agg_add model=yolo ch=2 frame=122 results=1 boxes=0 first=1
t=1831643321 agg_publish ch=2 frame=122 partial=0 ready=1 results=1 models=yolo has_face=0 face_boxes=0 yolo_boxes=0 waited_ms=0
t=1831643321 mosaic_submit ch=2 frame=122 pts_us=5083333 partial=0 results=1 has_face=0 face_boxes=0 yolo_boxes=0
t=1831643324 model_submit model=yolo ch=3 frame=122 ok=1 pending_before=1 pending_after=2
t=1831643324 decode_enqueue ch=3 frame=122 pts_us=5083333 inflight=1 max_inflight=8 queue=3
t=1831643328 mosaic_e2e_age_ms ch0=285 ch1=217 ch2=282 ch3=254 frame=116,116,116,116
t=1831643329 mosaic_pts_select target_pts=4833256 selected_pts=4833333,4833333,4833333,4833333 selected_frame=116,116,116,116
t=1831643334 mosaic_rtsp_handoff packet=116 compose_to_encode_ms=5 compose_to_rtsp_ms=5 rtsp_push_ms=0 ok=1
t=1831643335 model_submit model=yolo ch=0 frame=123 ok=1 pending_before=2 pending_after=3
t=1831643335 model_submit model=face_yolo ch=0 frame=123 ok=1 pending_before=1 pending_after=2
t=1831643335 decode_enqueue ch=0 frame=123 pts_us=5125000 inflight=1 max_inflight=8 queue=5
t=1831643338 model_submit model=yolo ch=2 frame=123 ok=1 pending_before=3 pending_after=4
t=1831643338 model_submit model=face_yolo ch=2 frame=123 ok=1 pending_before=2 pending_after=3
t=1831643338 decode_enqueue ch=2 frame=123 pts_us=5125000 inflight=1 max_inflight=8 queue=7
t=1831643357 rknn_infer ch=0 frame=123 lock_wait_us=0 rga_pre_us=1842 run_us=18334 outputs_get_us=1511 post_us=250 release_us=1 total_us=21958 boxes=0
t=1831643357 model_output model=yolo ch=0 frame=123 pending_after=4 boxes=0
t=1831643357 agg_first_result model=yolo ch=0 frame=123
t=1831643357 agg_add model=yolo ch=0 frame=123 results=1 boxes=0 first=1
t=1831643358 rknn_infer ch=1 frame=121 lock_wait_us=0 rga_pre_us=1823 run_us=32445 outputs_get_us=3619 post_us=253 release_us=1 total_us=38156 boxes=0
t=1831643358 model_output model=yolo ch=1 frame=121 pending_after=3 boxes=0
t=1831643358 agg_first_result model=yolo ch=1 frame=121
t=1831643358 agg_add model=yolo ch=1 frame=121 results=1 boxes=0 first=1
t=1831643358 agg_publish ch=1 frame=121 partial=0 ready=1 results=1 models=yolo has_face=0 face_boxes=0 yolo_boxes=0 waited_ms=0
t=1831643358 mosaic_submit ch=1 frame=121 pts_us=5041666 partial=0 results=1 has_face=0 face_boxes=0 yolo_boxes=0
t=1831643359 rknn_infer ch=1 frame=120 lock_wait_us=0 rga_pre_us=4428 run_us=48351 outputs_get_us=487 post_us=3825 release_us=1 total_us=57118 boxes=0
t=1831643359 model_output model=face_yolo ch=1 frame=120 pending_after=3 boxes=0
t=1831643359 agg_add model=face_yolo ch=1 frame=120 results=2 boxes=0 first=0
t=1831643360 agg_publish ch=1 frame=120 partial=0 ready=1 results=2 models=yolo,face_yolo has_face=1 face_boxes=0 yolo_boxes=0 waited_ms=45
t=1831643360 mosaic_submit ch=1 frame=120 pts_us=5000000 partial=0 results=2 has_face=1 face_boxes=0 yolo_boxes=0
t=1831643361 model_submit model=yolo ch=1 frame=122 ok=1 pending_before=2 pending_after=3
t=1831643361 decode_enqueue ch=1 frame=122 pts_us=5083333 inflight=1 max_inflight=8 queue=5
t=1831643364 rknn_infer ch=2 frame=123 lock_wait_us=0 rga_pre_us=1976 run_us=17747 outputs_get_us=3806 post_us=1765 release_us=6 total_us=25575 boxes=0
t=1831643364 model_output model=yolo ch=2 frame=123 pending_after=3 boxes=0
t=1831643365 agg_first_result model=yolo ch=2 frame=123
t=1831643365 agg_add model=yolo ch=2 frame=123 results=1 boxes=0 first=1
t=1831643366 model_submit model=yolo ch=3 frame=123 ok=1 pending_before=2 pending_after=3
t=1831643366 model_submit model=face_yolo ch=3 frame=123 ok=1 pending_before=2 pending_after=3
t=1831643366 decode_enqueue ch=3 frame=123 pts_us=5125000 inflight=2 max_inflight=8 queue=6
t=1831643367 rknn_infer ch=3 frame=122 lock_wait_us=0 rga_pre_us=1910 run_us=35814 outputs_get_us=3939 post_us=1426 release_us=2 total_us=43125 boxes=0
t=1831643367 model_output model=yolo ch=3 frame=122 pending_after=3 boxes=0
t=1831643368 agg_first_result model=yolo ch=3 frame=122
t=1831643368 agg_add model=yolo ch=3 frame=122 results=1 boxes=0 first=1
t=1831643368 agg_publish ch=3 frame=122 partial=0 ready=1 results=1 models=yolo has_face=0 face_boxes=0 yolo_boxes=0 waited_ms=0
t=1831643370 mosaic_e2e_age_ms ch0=286 ch1=217 ch2=282 ch3=254 frame=117,117,117,117
t=1831643370 mosaic_pts_select target_pts=4874922 selected_pts=4875000,4875000,4875000,4875000 selected_frame=117,117,117,117
t=1831643374 mosaic_submit ch=3 frame=122 pts_us=5083333 partial=0 results=1 has_face=0 face_boxes=0 yolo_boxes=0
t=1831643375 mosaic_rtsp_handoff packet=117 compose_to_encode_ms=5 compose_to_rtsp_ms=5 rtsp_push_ms=0 ok=1
t=1831643376 model_submit model=yolo ch=0 frame=124 ok=1 pending_before=2 pending_after=3
t=1831643376 decode_enqueue ch=0 frame=124 pts_us=5166666 inflight=2 max_inflight=8 queue=6
t=1831643380 model_submit model=yolo ch=2 frame=124 ok=1 pending_before=3 pending_after=4
t=1831643380 decode_enqueue ch=2 frame=124 pts_us=5166666 inflight=2 max_inflight=8 queue=7
t=1831643397 rknn_infer ch=1 frame=122 lock_wait_us=0 rga_pre_us=2000 run_us=32461 outputs_get_us=1119 post_us=143 release_us=1 total_us=35740 boxes=0
t=1831643397 model_output model=yolo ch=1 frame=122 pending_after=4 boxes=0
t=1831643398 agg_first_result model=yolo ch=1 frame=122
t=1831643398 agg_add model=yolo ch=1 frame=122 results=1 boxes=0 first=1
t=1831643398 agg_publish ch=1 frame=122 partial=0 ready=1 results=1 models=yolo has_face=0 face_boxes=0 yolo_boxes=0 waited_ms=0
t=1831643398 mosaic_submit ch=1 frame=122 pts_us=5083333 partial=0 results=1 has_face=0 face_boxes=0 yolo_boxes=0
t=1831643400 rknn_infer ch=0 frame=124 lock_wait_us=0 rga_pre_us=2172 run_us=18338 outputs_get_us=2216 post_us=584 release_us=1 total_us=23338 boxes=0
t=1831643400 model_output model=yolo ch=0 frame=124 pending_after=3 boxes=0
t=1831643400 agg_first_result model=yolo ch=0 frame=124
t=1831643400 agg_add model=yolo ch=0 frame=124 results=1 boxes=0 first=1
t=1831643400 agg_publish ch=0 frame=124 partial=0 ready=1 results=1 models=yolo has_face=0 face_boxes=0 yolo_boxes=0 waited_ms=0
t=1831643400 mosaic_submit ch=0 frame=124 pts_us=5166666 partial=0 results=1 has_face=0 face_boxes=0 yolo_boxes=0
t=1831643402 rknn_infer ch=3 frame=123 lock_wait_us=1277 rga_pre_us=1717 run_us=31570 outputs_get_us=1117 post_us=223 release_us=1 total_us=35925 boxes=0
t=1831643402 model_output model=yolo ch=3 frame=123 pending_after=2 boxes=0
t=1831643402 agg_first_result model=yolo ch=3 frame=123
t=1831643402 agg_add model=yolo ch=3 frame=123 results=1 boxes=0 first=1
t=1831643403 model_submit model=yolo ch=1 frame=123 ok=1 pending_before=1 pending_after=2
t=1831643403 model_submit model=face_yolo ch=1 frame=123 ok=1 pending_before=3 pending_after=4
t=1831643403 decode_enqueue ch=1 frame=123 pts_us=5125000 inflight=1 max_inflight=8 queue=6
t=1831643404 rknn_infer ch=2 frame=124 lock_wait_us=0 rga_pre_us=2153 run_us=19618 outputs_get_us=2169 post_us=552 release_us=1 total_us=24517 boxes=0
t=1831643405 model_output model=yolo ch=2 frame=124 pending_after=2 boxes=0
t=1831643405 agg_first_result model=yolo ch=2 frame=124
t=1831643405 agg_add model=yolo ch=2 frame=124 results=1 boxes=0 first=1
t=1831643405 agg_publish ch=2 frame=124 partial=0 ready=1 results=1 models=yolo has_face=0 face_boxes=0 yolo_boxes=0 waited_ms=0
t=1831643405 mosaic_submit ch=2 frame=124 pts_us=5166666 partial=0 results=1 has_face=0 face_boxes=0 yolo_boxes=0
t=1831643407 model_submit model=yolo ch=3 frame=124 ok=1 pending_before=1 pending_after=2
t=1831643408 decode_enqueue ch=3 frame=124 pts_us=5166666 inflight=2 max_inflight=8 queue=6
t=1831643412 mosaic_e2e_age_ms ch0=286 ch1=218 ch2=282 ch3=255 frame=118,118,118,118
t=1831643412 mosaic_pts_select target_pts=4916588 selected_pts=4916666,4916666,4916666,4916666 selected_frame=118,118,118,118
t=1831643417 mosaic_rtsp_handoff packet=118 compose_to_encode_ms=4 compose_to_rtsp_ms=5 rtsp_push_ms=1 ok=1
t=1831643418 model_submit model=yolo ch=0 frame=125 ok=1 pending_before=2 pending_after=3
t=1831643418 decode_enqueue ch=0 frame=125 pts_us=5208333 inflight=2 max_inflight=8 queue=7
t=1831643422 model_submit model=yolo ch=2 frame=125 ok=1 pending_before=3 pending_after=4
t=1831643422 decode_enqueue ch=2 frame=125 pts_us=5208333 inflight=2 max_inflight=8 queue=8
t=1831643430 rknn_infer ch=0 frame=123 lock_wait_us=0 rga_pre_us=2324 run_us=92139 outputs_get_us=227 post_us=548 release_us=0 total_us=95253 boxes=0
t=1831643430 model_output model=face_yolo ch=0 frame=123 pending_after=4 boxes=0
t=1831643430 agg_add model=face_yolo ch=0 frame=123 results=2 boxes=0 first=0
t=1831643430 agg_publish ch=0 frame=123 partial=0 ready=1 results=2 models=yolo,face_yolo has_face=1 face_boxes=0 yolo_boxes=0 waited_ms=73
t=1831643430 mosaic_submit ch=0 frame=123 pts_us=5125000 partial=0 results=2 has_face=1 face_boxes=0 yolo_boxes=0
t=1831643433 rknn_infer ch=2 frame=123 lock_wait_us=0 rga_pre_us=2156 run_us=90368 outputs_get_us=491 post_us=1850 release_us=2 total_us=94895 boxes=0
t=1831643433 model_output model=face_yolo ch=2 frame=123 pending_after=3 boxes=0
t=1831643434 agg_add model=face_yolo ch=2 frame=123 results=2 boxes=0 first=0
t=1831643434 agg_publish ch=2 frame=123 partial=0 ready=1 results=2 models=yolo,face_yolo has_face=1 face_boxes=0 yolo_boxes=0 waited_ms=68
t=1831643434 mosaic_submit ch=2 frame=123 pts_us=5125000 partial=0 results=2 has_face=1 face_boxes=0 yolo_boxes=0
t=1831643439 rknn_infer ch=1 frame=123 lock_wait_us=0 rga_pre_us=1907 run_us=32451 outputs_get_us=1030 post_us=186 release_us=0 total_us=35592 boxes=0
t=1831643439 model_output model=yolo ch=1 frame=123 pending_after=4 boxes=0
t=1831643439 agg_first_result model=yolo ch=1 frame=123
t=1831643439 agg_add model=yolo ch=1 frame=123 results=1 boxes=0 first=1
t=1831643440 rknn_infer ch=0 frame=125 lock_wait_us=0 rga_pre_us=1895 run_us=19055 outputs_get_us=1130 post_us=179 release_us=1 total_us=22277 boxes=0
t=1831643440 model_output model=yolo ch=0 frame=125 pending_after=3 boxes=0
t=1831643442 rknn_infer ch=3 frame=123 lock_wait_us=0 rga_pre_us=2022 run_us=72222 outputs_get_us=437 post_us=998 release_us=0 total_us=75694 boxes=0
t=1831643442 model_output model=face_yolo ch=3 frame=123 pending_after=2 boxes=0
t=1831643442 agg_first_result model=yolo ch=0 frame=125
t=1831643442 agg_add model=yolo ch=0 frame=125 results=1 boxes=0 first=1
t=1831643442 agg_publish ch=0 frame=125 partial=0 ready=1 results=1 models=yolo has_face=0 face_boxes=0 yolo_boxes=0 waited_ms=0
t=1831643442 mosaic_submit ch=0 frame=125 pts_us=5208333 partial=0 results=1 has_face=0 face_boxes=0 yolo_boxes=0
t=1831643442 agg_add model=face_yolo ch=3 frame=123 results=2 boxes=0 first=0
t=1831643442 agg_publish ch=3 frame=123 partial=0 ready=1 results=2 models=yolo,face_yolo has_face=1 face_boxes=0 yolo_boxes=0 waited_ms=39
t=1831643442 mosaic_submit ch=3 frame=123 pts_us=5125000 partial=0 results=2 has_face=1 face_boxes=0 yolo_boxes=0
t=1831643444 rknn_infer ch=3 frame=124 lock_wait_us=0 rga_pre_us=1917 run_us=32001 outputs_get_us=2095 post_us=588 release_us=1 total_us=36629 boxes=0
t=1831643444 model_output model=yolo ch=3 frame=124 pending_after=2 boxes=0
t=1831643444 agg_first_result model=yolo ch=3 frame=124
t=1831643444 agg_add model=yolo ch=3 frame=124 results=1 boxes=0 first=1
t=1831643444 agg_publish ch=3 frame=124 partial=0 ready=1 results=1 models=yolo has_face=0 face_boxes=0 yolo_boxes=0 waited_ms=0
t=1831643444 mosaic_submit ch=3 frame=124 pts_us=5166666 partial=0 results=1 has_face=0 face_boxes=0 yolo_boxes=0
t=1831643445 model_submit model=yolo ch=1 frame=124 ok=1 pending_before=1 pending_after=2
t=1831643445 decode_enqueue ch=1 frame=124 pts_us=5166666 inflight=2 max_inflight=8 queue=3
t=1831643445 rknn_infer ch=2 frame=125 lock_wait_us=0 rga_pre_us=1972 run_us=18611 outputs_get_us=1985 post_us=603 release_us=2 total_us=23189 boxes=0
t=1831643445 model_output model=yolo ch=2 frame=125 pending_after=2 boxes=0
t=1831643445 agg_first_result model=yolo ch=2 frame=125
t=1831643445 agg_add model=yolo ch=2 frame=125 results=1 boxes=0 first=1
t=1831643445 agg_publish ch=2 frame=125 partial=0 ready=1 results=1 models=yolo has_face=0 face_boxes=0 yolo_boxes=0 waited_ms=0
t=1831643445 mosaic_submit ch=2 frame=125 pts_us=5208333 partial=0 results=1 has_face=0 face_boxes=0 yolo_boxes=0
t=1831643449 model_submit model=yolo ch=3 frame=125 ok=1 pending_before=1 pending_after=2
t=1831643449 decode_enqueue ch=3 frame=125 pts_us=5208333 inflight=1 max_inflight=8 queue=3
t=1831643453 mosaic_e2e_age_ms ch0=285 ch1=217 ch2=282 ch3=254 frame=119,119,119,119
t=1831643453 mosaic_pts_select target_pts=4958254 selected_pts=4958333,4958333,4958333,4958333 selected_frame=119,119,119,119
t=1831643458 mosaic_rtsp_handoff packet=119 compose_to_encode_ms=5 compose_to_rtsp_ms=5 rtsp_push_ms=0 ok=1
t=1831643460 model_submit model=yolo ch=0 frame=126 ok=1 pending_before=2 pending_after=3
t=1831643460 model_submit model=face_yolo ch=0 frame=126 ok=1 pending_before=1 pending_after=2
t=1831643460 decode_enqueue ch=0 frame=126 pts_us=5250000 inflight=1 max_inflight=8 queue=5
t=1831643463 model_submit model=yolo ch=2 frame=126 ok=1 pending_before=3 pending_after=4
t=1831643463 model_submit model=face_yolo ch=2 frame=126 ok=1 pending_before=2 pending_after=3
t=1831643463 decode_enqueue ch=2 frame=126 pts_us=5250000 inflight=1 max_inflight=8 queue=7
t=1831643481 rknn_infer ch=1 frame=124 lock_wait_us=0 rga_pre_us=1786 run_us=32120 outputs_get_us=2699 post_us=174 release_us=1 total_us=36795 boxes=0
t=1831643482 model_output model=yolo ch=1 frame=124 pending_after=4 boxes=0
t=1831643482 agg_first_result model=yolo ch=1 frame=124
t=1831643482 agg_add model=yolo ch=1 frame=124 results=1 boxes=0 first=1
t=1831643482 rknn_infer ch=1 frame=123 lock_wait_us=0 rga_pre_us=1806 run_us=47132 outputs_get_us=375 post_us=2222 release_us=0 total_us=51549 boxes=0
t=1831643482 model_output model=face_yolo ch=1 frame=123 pending_after=3 boxes=0
t=1831643482 agg_publish ch=1 frame=124 partial=0 ready=1 results=1 models=yolo has_face=0 face_boxes=0 yolo_boxes=0 waited_ms=0
t=1831643482 mosaic_submit ch=1 frame=124 pts_us=5166666 partial=0 results=1 has_face=0 face_boxes=0 yolo_boxes=0
t=1831643482 agg_add model=face_yolo ch=1 frame=123 results=2 boxes=0 first=0
t=1831643482 agg_publish ch=1 frame=123 partial=0 ready=1 results=2 models=yolo,face_yolo has_face=1 face_boxes=0 yolo_boxes=0 waited_ms=43
t=1831643482 mosaic_submit ch=1 frame=123 pts_us=5125000 partial=0 results=2 has_face=1 face_boxes=0 yolo_boxes=0
t=1831643484 rknn_infer ch=0 frame=126 lock_wait_us=0 rga_pre_us=2125 run_us=17655 outputs_get_us=2736 post_us=1008 release_us=3 total_us=23558 boxes=0
t=1831643484 model_output model=yolo ch=0 frame=126 pending_after=3 boxes=0
t=1831643484 agg_first_result model=yolo ch=0 frame=126
t=1831643484 agg_add model=yolo ch=0 frame=126 results=1 boxes=0 first=1
t=1831643485 rknn_infer ch=3 frame=125 lock_wait_us=0 rga_pre_us=1780 run_us=32437 outputs_get_us=1060 post_us=180 release_us=1 total_us=35478 boxes=0
t=1831643485 model_output model=yolo ch=3 frame=125 pending_after=2 boxes=0
t=1831643485 agg_first_result model=yolo ch=3 frame=125
t=1831643485 agg_add model=yolo ch=3 frame=125 results=1 boxes=0 first=1
t=1831643485 agg_publish ch=3 frame=125 partial=0 ready=1 results=1 models=yolo has_face=0 face_boxes=0 yolo_boxes=0 waited_ms=0
t=1831643485 mosaic_submit ch=3 frame=125 pts_us=5208333 partial=0 results=1 has_face=0 face_boxes=0 yolo_boxes=0
t=1831643486 model_submit model=yolo ch=1 frame=125 ok=1 pending_before=1 pending_after=2
t=1831643486 decode_enqueue ch=1 frame=125 pts_us=5208333 inflight=1 max_inflight=8 queue=4
t=1831643487 rknn_infer ch=2 frame=126 lock_wait_us=0 rga_pre_us=1936 run_us=17444 outputs_get_us=3152 post_us=1278 release_us=4 total_us=23841 boxes=0
t=1831643487 model_output model=yolo ch=2 frame=126 pending_after=2 boxes=0
t=1831643487 agg_first_result model=yolo ch=2 frame=126
t=1831643487 agg_add model=yolo ch=2 frame=126 results=1 boxes=0 first=1
t=1831643491 model_submit model=yolo ch=3 frame=126 ok=1 pending_before=1 pending_after=2
t=1831643491 model_submit model=face_yolo ch=3 frame=126 ok=1 pending_before=2 pending_after=3
t=1831643491 decode_enqueue ch=3 frame=126 pts_us=5250000 inflight=1 max_inflight=8 queue=5
t=1831643495 mosaic_e2e_age_ms ch0=285 ch1=216 ch2=281 ch3=253 frame=120,120,120,120
t=1831643495 mosaic_pts_select target_pts=4999920 selected_pts=5000000,5000000,5000000,5000000 selected_frame=120,120,120,120
t=1831643501 model_submit model=yolo ch=0 frame=127 ok=1 pending_before=2 pending_after=3
t=1831643501 decode_enqueue ch=0 frame=127 pts_us=5291666 inflight=2 max_inflight=8 queue=6
t=1831643505 model_submit model=yolo ch=2 frame=127 ok=1 pending_before=3 pending_after=4
t=1831643505 decode_enqueue ch=2 frame=127 pts_us=5291666 inflight=2 max_inflight=8 queue=7
t=1831643507 mosaic_rtsp_handoff packet=120 compose_to_encode_ms=4 compose_to_rtsp_ms=11 rtsp_push_ms=7 ok=1
t=1831643522 rknn_infer ch=1 frame=125 lock_wait_us=0 rga_pre_us=1863 run_us=32333 outputs_get_us=1098 post_us=181 release_us=1 total_us=35489 boxes=0
t=1831643522 model_output model=yolo ch=1 frame=125 pending_after=4 boxes=0
t=1831643522 agg_first_result model=yolo ch=1 frame=125
t=1831643522 agg_add model=yolo ch=1 frame=125 results=1 boxes=0 first=1
t=1831643522 agg_publish ch=1 frame=125 partial=0 ready=1 results=1 models=yolo has_face=0 face_boxes=0 yolo_boxes=0 waited_ms=0
t=1831643522 mosaic_submit ch=1 frame=125 pts_us=5208333 partial=0 results=1 has_face=0 face_boxes=0 yolo_boxes=0
t=1831643524 rknn_infer ch=0 frame=127 lock_wait_us=1 rga_pre_us=1831 run_us=19013 outputs_get_us=1132 post_us=177 release_us=0 total_us=22170 boxes=0
t=1831643524 model_output model=yolo ch=0 frame=127 pending_after=3 boxes=0
t=1831643524 agg_first_result model=yolo ch=0 frame=127
t=1831643524 agg_add model=yolo ch=0 frame=127 results=1 boxes=0 first=1
t=1831643524 agg_publish ch=0 frame=127 partial=0 ready=1 results=1 models=yolo has_face=0 face_boxes=0 yolo_boxes=0 waited_ms=0
t=1831643524 mosaic_submit ch=0 frame=127 pts_us=5291666 partial=0 results=1 has_face=0 face_boxes=0 yolo_boxes=0
t=1831643527 rknn_infer ch=3 frame=126 lock_wait_us=0 rga_pre_us=1977 run_us=31620 outputs_get_us=2366 post_us=620 release_us=1 total_us=36607 boxes=0
t=1831643528 model_output model=yolo ch=3 frame=126 pending_after=2 boxes=0
t=1831643528 agg_first_result model=yolo ch=3 frame=126
t=1831643528 agg_add model=yolo ch=3 frame=126 results=1 boxes=0 first=1
t=1831643528 model_submit model=yolo ch=1 frame=126 ok=1 pending_before=1 pending_after=2
t=1831643528 model_submit model=face_yolo ch=1 frame=126 ok=1 pending_before=3 pending_after=4
t=1831643528 decode_enqueue ch=1 frame=126 pts_us=5250000 inflight=1 max_inflight=8 queue=6
t=1831643528 rknn_infer ch=2 frame=127 lock_wait_us=0 rga_pre_us=2146 run_us=18170 outputs_get_us=2027 post_us=786 release_us=2 total_us=23149 boxes=0
t=1831643528 model_output model=yolo ch=2 frame=127 pending_after=2 boxes=0
t=1831643528 agg_first_result model=yolo ch=2 frame=127
t=1831643528 agg_add model=yolo ch=2 frame=127 results=1 boxes=0 first=1
t=1831643528 agg_publish ch=2 frame=127 partial=0 ready=1 results=1 models=yolo has_face=0 face_boxes=0 yolo_boxes=0 waited_ms=0
t=1831643528 mosaic_submit ch=2 frame=127 pts_us=5291666 partial=0 results=1 has_face=0 face_boxes=0 yolo_boxes=0
t=1831643532 model_submit model=yolo ch=3 frame=127 ok=1 pending_before=1 pending_after=2
t=1831643533 decode_enqueue ch=3 frame=127 pts_us=5291666 inflight=2 max_inflight=8 queue=6
t=1831643537 mosaic_e2e_age_ms ch0=285 ch1=217 ch2=281 ch3=254 frame=121,121,121,121
t=1831643537 mosaic_pts_select target_pts=5041586 selected_pts=5041666,5041666,5041666,5041666 selected_frame=121,121,121,121
t=1831643543 model_submit model=yolo ch=0 frame=128 ok=1 pending_before=2 pending_after=3
t=1831643543 decode_enqueue ch=0 frame=128 pts_us=5333333 inflight=2 max_inflight=8 queue=7
t=1831643543 mosaic_rtsp_handoff packet=121 compose_to_encode_ms=5 compose_to_rtsp_ms=7 rtsp_push_ms=2 ok=1
t=1831643547 model_submit model=yolo ch=2 frame=128 ok=1 pending_before=3 pending_after=4
t=1831643547 decode_enqueue ch=2 frame=128 pts_us=5333333 inflight=2 max_inflight=8 queue=8
t=1831643548 rknn_infer ch=1 frame=126 lock_wait_us=0 rga_pre_us=1821 run_us=16902 outputs_get_us=1367 post_us=129 release_us=1 total_us=20245 boxes=0
t=1831643548 model_output model=yolo ch=1 frame=126 pending_after=4 boxes=0
t=1831643548 agg_first_result model=yolo ch=1 frame=126
t=1831643549 agg_add model=yolo ch=1 frame=126 results=1 boxes=0 first=1
t=1831643550 rknn_infer ch=0 frame=126 lock_wait_us=0 rga_pre_us=2020 run_us=86000 outputs_get_us=546 post_us=1862 release_us=1 total_us=90445 boxes=0
t=1831643551 model_output model=face_yolo ch=0 frame=126 pending_after=4 boxes=0
t=1831643551 rknn_infer ch=2 frame=126 lock_wait_us=0 rga_pre_us=2090 run_us=84365 outputs_get_us=442 post_us=1028 release_us=0 total_us=87941 boxes=0
t=1831643551 model_output model=face_yolo ch=2 frame=126 pending_after=3 boxes=0
t=1831643551 agg_add model=face_yolo ch=0 frame=126 results=2 boxes=0 first=0
t=1831643552 agg_publish ch=0 frame=126 partial=0 ready=1 results=2 models=yolo,face_yolo has_face=1 face_boxes=0 yolo_boxes=0 waited_ms=67
t=1831643552 mosaic_submit ch=0 frame=126 pts_us=5250000 partial=0 results=2 has_face=1 face_boxes=0 yolo_boxes=0
t=1831643552 agg_add model=face_yolo ch=2 frame=126 results=2 boxes=0 first=0
t=1831643552 agg_publish ch=2 frame=126 partial=0 ready=1 results=2 models=yolo,face_yolo has_face=1 face_boxes=0 yolo_boxes=0 waited_ms=64
t=1831643552 mosaic_submit ch=2 frame=126 pts_us=5250000 partial=0 results=2 has_face=1 face_boxes=0 yolo_boxes=0
t=1831643565 rknn_infer ch=3 frame=126 lock_wait_us=0 rga_pre_us=1855 run_us=71110 outputs_get_us=303 post_us=733 release_us=0 total_us=74015 boxes=0
t=1831643565 model_output model=face_yolo ch=3 frame=126 pending_after=2 boxes=0
t=1831643565 agg_add model=face_yolo ch=3 frame=126 results=2 boxes=0 first=0
t=1831643565 agg_publish ch=3 frame=126 partial=0 ready=1 results=2 models=yolo,face_yolo has_face=1 face_boxes=0 yolo_boxes=0 waited_ms=37
t=1831643566 mosaic_submit ch=3 frame=126 pts_us=5250000 partial=0 results=2 has_face=1 face_boxes=0 yolo_boxes=0
t=1831643566 rknn_infer ch=0 frame=128 lock_wait_us=1 rga_pre_us=2106 run_us=17420 outputs_get_us=2243 post_us=636 release_us=2 total_us=22432 boxes=0
t=1831643567 model_output model=yolo ch=0 frame=128 pending_after=3 boxes=0
t=1831643567 agg_first_result model=yolo ch=0 frame=128
t=1831643567 agg_add model=yolo ch=0 frame=128 results=1 boxes=0 first=1
t=1831643567 agg_publish ch=0 frame=128 partial=0 ready=1 results=1 models=yolo has_face=0 face_boxes=0 yolo_boxes=0 waited_ms=0
t=1831643567 mosaic_submit ch=0 frame=128 pts_us=5333333 partial=0 results=1 has_face=0 face_boxes=0 yolo_boxes=0
t=1831643569 rknn_infer ch=2 frame=128 lock_wait_us=0 rga_pre_us=2125 run_us=17160 outputs_get_us=2004 post_us=555 release_us=2 total_us=21874 boxes=0
t=1831643569 model_output model=yolo ch=2 frame=128 pending_after=2 boxes=0
t=1831643569 agg_first_result model=yolo ch=2 frame=128
t=1831643569 agg_add model=yolo ch=2 frame=128 results=1 boxes=0 first=1
t=1831643569 agg_publish ch=2 frame=128 partial=0 ready=1 results=1 models=yolo has_face=0 face_boxes=0 yolo_boxes=0 waited_ms=0
t=1831643569 rknn_infer ch=3 frame=127 lock_wait_us=0 rga_pre_us=1935 run_us=32833 outputs_get_us=1525 post_us=312 release_us=1 total_us=36623 boxes=0
t=1831643569 model_output model=yolo ch=3 frame=127 pending_after=1 boxes=0
t=1831643569 mosaic_submit ch=2 frame=128 pts_us=5333333 partial=0 results=1 has_face=0 face_boxes=0 yolo_boxes=0
t=1831643569 agg_first_result model=yolo ch=3 frame=127
t=1831643570 agg_add model=yolo ch=3 frame=127 results=1 boxes=0 first=1
t=1831643570 agg_publish ch=3 frame=127 partial=0 ready=1 results=1 models=yolo has_face=0 face_boxes=0 yolo_boxes=0 waited_ms=0
t=1831643570 mosaic_submit ch=3 frame=127 pts_us=5291666 partial=0 results=1 has_face=0 face_boxes=0 yolo_boxes=0
t=1831643570 model_submit model=yolo ch=1 frame=127 ok=1 pending_before=0 pending_after=1
t=1831643570 decode_enqueue ch=1 frame=127 pts_us=5291666 inflight=2 max_inflight=8 queue=2
t=1831643574 model_submit model=yolo ch=3 frame=128 ok=1 pending_before=1 pending_after=2
t=1831643574 decode_enqueue ch=3 frame=128 pts_us=5333333 inflight=1 max_inflight=8 queue=3
t=1831643578 mosaic_e2e_age_ms ch0=285 ch1=217 ch2=282 ch3=254 frame=122,122,122,122
t=1831643578 mosaic_pts_select target_pts=5083252 selected_pts=5083333,5083333,5083333,5083333 selected_frame=122,122,122,122
t=1831643584 mosaic_rtsp_handoff packet=122 compose_to_encode_ms=4 compose_to_rtsp_ms=6 rtsp_push_ms=2 ok=1
t=1831643585 model_submit model=yolo ch=0 frame=129 ok=1 pending_before=2 pending_after=3
t=1831643585 model_submit model=face_yolo ch=0 frame=129 ok=1 pending_before=1 pending_after=2
t=1831643585 decode_enqueue ch=0 frame=129 pts_us=5375000 inflight=1 max_inflight=8 queue=5
t=1831643588 model_submit model=yolo ch=2 frame=129 ok=1 pending_before=3 pending_after=4
t=1831643588 model_submit model=face_yolo ch=2 frame=129 ok=1 pending_before=2 pending_after=3
t=1831643588 decode_enqueue ch=2 frame=129 pts_us=5375000 inflight=1 max_inflight=8 queue=7
t=1831643590 rknn_infer ch=1 frame=126 lock_wait_us=0 rga_pre_us=1948 run_us=34168 outputs_get_us=489 post_us=2425 release_us=2 total_us=39062 boxes=0
t=1831643590 model_output model=face_yolo ch=1 frame=126 pending_after=3 boxes=0
t=1831643590 agg_add model=face_yolo ch=1 frame=126 results=2 boxes=0 first=0
t=1831643590 agg_publish ch=1 frame=126 partial=0 ready=1 results=2 models=yolo,face_yolo has_face=1 face_boxes=0 yolo_boxes=0 waited_ms=41
t=1831643590 mosaic_submit ch=1 frame=126 pts_us=5250000 partial=0 results=2 has_face=1 face_boxes=0 yolo_boxes=0
t=1831643605 rknn_infer ch=1 frame=127 lock_wait_us=0 rga_pre_us=1833 run_us=31823 outputs_get_us=1084 post_us=155 release_us=1 total_us=34911 boxes=0
t=1831643605 model_output model=yolo ch=1 frame=127 pending_after=4 boxes=0
t=1831643605 agg_first_result model=yolo ch=1 frame=127
t=1831643605 agg_add model=yolo ch=1 frame=127 results=1 boxes=0 first=1
t=1831643605 agg_publish ch=1 frame=127 partial=0 ready=1 results=1 models=yolo has_face=0 face_boxes=0 yolo_boxes=0 waited_ms=0
t=1831643605 mosaic_submit ch=1 frame=127 pts_us=5291666 partial=0 results=1 has_face=0 face_boxes=0 yolo_boxes=0
t=1831643608 rknn_infer ch=0 frame=129 lock_wait_us=0 rga_pre_us=2078 run_us=18128 outputs_get_us=2164 post_us=553 release_us=1 total_us=22949 boxes=0
t=1831643608 model_output model=yolo ch=0 frame=129 pending_after=3 boxes=0
t=1831643608 agg_first_result model=yolo ch=0 frame=129
t=1831643608 agg_add model=yolo ch=0 frame=129 results=1 boxes=0 first=1
t=1831643610 rknn_infer ch=2 frame=129 lock_wait_us=0 rga_pre_us=1772 run_us=18774 outputs_get_us=1156 post_us=257 release_us=1 total_us=21978 boxes=0
t=1831643610 model_output model=yolo ch=2 frame=129 pending_after=2 boxes=0
t=1831643610 agg_first_result model=yolo ch=2 frame=129
t=1831643610 agg_add model=yolo ch=2 frame=129 results=1 boxes=0 first=1
t=1831643611 rknn_infer ch=3 frame=128 lock_wait_us=0 rga_pre_us=2034 run_us=31776 outputs_get_us=2192 post_us=596 release_us=1 total_us=36616 boxes=0
t=1831643611 model_output model=yolo ch=3 frame=128 pending_after=1 boxes=0
t=1831643611 agg_first_result model=yolo ch=3 frame=128
t=1831643611 agg_add model=yolo ch=3 frame=128 results=1 boxes=0 first=1
t=1831643611 agg_publish ch=3 frame=128 partial=0 ready=1 results=1 models=yolo has_face=0 face_boxes=0 yolo_boxes=0 waited_ms=0
t=1831643611 mosaic_submit ch=3 frame=128 pts_us=5333333 partial=0 results=1 has_face=0 face_boxes=0 yolo_boxes=0
t=1831643611 model_submit model=yolo ch=1 frame=128 ok=1 pending_before=0 pending_after=1
t=1831643611 decode_enqueue ch=1 frame=128 pts_us=5333333 inflight=1 max_inflight=8 queue=3
t=1831643616 model_submit model=yolo ch=3 frame=129 ok=1 pending_before=1 pending_after=2
t=1831643616 model_submit model=face_yolo ch=3 frame=129 ok=1 pending_before=2 pending_after=3
t=1831643616 decode_enqueue ch=3 frame=129 pts_us=5375000 inflight=1 max_inflight=8 queue=5
t=1831643620 mosaic_e2e_age_ms ch0=285 ch1=216 ch2=281 ch3=253 frame=123,123,123,123
t=1831643620 mosaic_pts_select target_pts=5124918 selected_pts=5125000,5125000,5125000,5125000 selected_frame=123,123,123,123
t=1831643625 mosaic_rtsp_handoff packet=123 compose_to_encode_ms=4 compose_to_rtsp_ms=5 rtsp_push_ms=1 ok=1
t=1831643626 model_submit model=yolo ch=0 frame=130 ok=1 pending_before=2 pending_after=3
t=1831643626 decode_enqueue ch=0 frame=130 pts_us=5416666 inflight=2 max_inflight=8 queue=6
t=1831643630 model_submit model=yolo ch=2 frame=130 ok=1 pending_before=3 pending_after=4
t=1831643630 decode_enqueue ch=2 frame=130 pts_us=5416666 inflight=2 max_inflight=8 queue=7
t=1831643647 rknn_infer ch=1 frame=128 lock_wait_us=0 rga_pre_us=1957 run_us=32063 outputs_get_us=1357 post_us=261 release_us=1 total_us=35661 boxes=0
t=1831643647 model_output model=yolo ch=1 frame=128 pending_after=4 boxes=0
t=1831643647 agg_first_result model=yolo ch=1 frame=128
t=1831643647 agg_add model=yolo ch=1 frame=128 results=1 boxes=0 first=1
t=1831643647 agg_publish ch=1 frame=128 partial=0 ready=1 results=1 models=yolo has_face=0 face_boxes=0 yolo_boxes=0 waited_ms=0
t=1831643647 mosaic_submit ch=1 frame=128 pts_us=5333333 partial=0 results=1 has_face=0 face_boxes=0 yolo_boxes=0
t=1831643649 rknn_infer ch=0 frame=130 lock_wait_us=0 rga_pre_us=1791 run_us=19303 outputs_get_us=1318 post_us=253 release_us=0 total_us=22684 boxes=0
t=1831643649 model_output model=yolo ch=0 frame=130 pending_after=3 boxes=0
t=1831643649 agg_first_result model=yolo ch=0 frame=130
t=1831643649 agg_add model=yolo ch=0 frame=130 results=1 boxes=0 first=1
t=1831643649 agg_publish ch=0 frame=130 partial=0 ready=1 results=1 models=yolo has_face=0 face_boxes=0 yolo_boxes=0 waited_ms=0
t=1831643650 mosaic_submit ch=0 frame=130 pts_us=5416666 partial=0 results=1 has_face=0 face_boxes=0 yolo_boxes=0
t=1831643653 model_submit model=yolo ch=1 frame=129 ok=1 pending_before=2 pending_after=3
t=1831643653 model_submit model=face_yolo ch=1 frame=129 ok=1 pending_before=3 pending_after=4
t=1831643653 decode_enqueue ch=1 frame=129 pts_us=5375000 inflight=1 max_inflight=8 queue=7
t=1831643655 rknn_infer ch=3 frame=129 lock_wait_us=0 rga_pre_us=1981 run_us=32264 outputs_get_us=3715 post_us=1219 release_us=4 total_us=39225 boxes=0
t=1831643655 model_output model=yolo ch=3 frame=129 pending_after=3 boxes=0
t=1831643655 agg_first_result model=yolo ch=3 frame=129
t=1831643656 agg_add model=yolo ch=3 frame=129 results=1 boxes=0 first=1
t=1831643656 rknn_infer ch=2 frame=130 lock_wait_us=0 rga_pre_us=1890 run_us=18796 outputs_get_us=4304 post_us=1382 release_us=4 total_us=26403 boxes=0
t=1831643657 model_output model=yolo ch=2 frame=130 pending_after=2 boxes=0
t=1831643657 agg_first_result model=yolo ch=2 frame=130
t=1831643657 agg_add model=yolo ch=2 frame=130 results=1 boxes=0 first=1
t=1831643657 agg_publish ch=2 frame=130 partial=0 ready=1 results=1 models=yolo has_face=0 face_boxes=0 yolo_boxes=0 waited_ms=0
t=1831643657 model_submit model=yolo ch=3 frame=130 ok=1 pending_before=1 pending_after=2
t=1831643657 decode_enqueue ch=3 frame=130 pts_us=5416666 inflight=2 max_inflight=8 queue=6
t=1831643662 mosaic_e2e_age_ms ch0=285 ch1=217 ch2=281 ch3=254 frame=124,124,124,124
t=1831643662 mosaic_pts_select target_pts=5166584 selected_pts=5166666,5166666,5166666,5166666 selected_frame=124,124,124,124
t=1831643666 rknn_infer ch=0 frame=129 lock_wait_us=0 rga_pre_us=2144 run_us=77386 outputs_get_us=456 post_us=1057 release_us=0 total_us=81062 boxes=0
t=1831643666 model_output model=face_yolo ch=0 frame=129 pending_after=4 boxes=0
t=1831643666 mosaic_submit ch=2 frame=130 pts_us=5416666 partial=0 results=1 has_face=0 face_boxes=0 yolo_boxes=0
t=1831643666 agg_add model=face_yolo ch=0 frame=129 results=2 boxes=0 first=0
t=1831643666 agg_publish ch=0 frame=129 partial=0 ready=1 results=2 models=yolo,face_yolo has_face=1 face_boxes=0 yolo_boxes=0 waited_ms=58
t=1831643667 mosaic_submit ch=0 frame=129 pts_us=5375000 partial=0 results=2 has_face=1 face_boxes=0 yolo_boxes=0
t=1831643667 mosaic_rtsp_handoff packet=124 compose_to_encode_ms=5 compose_to_rtsp_ms=6 rtsp_push_ms=1 ok=1
t=1831643668 model_submit model=yolo ch=0 frame=131 ok=1 pending_before=2 pending_after=3
t=1831643668 decode_enqueue ch=0 frame=131 pts_us=5458333 inflight=1 max_inflight=8 queue=6
t=1831643672 model_submit model=yolo ch=2 frame=131 ok=1 pending_before=3 pending_after=4
t=1831643672 decode_enqueue ch=2 frame=131 pts_us=5458333 inflight=2 max_inflight=8 queue=7
t=1831643680 rknn_infer ch=2 frame=129 lock_wait_us=0 rga_pre_us=1920 run_us=88664 outputs_get_us=252 post_us=634 release_us=0 total_us=91487 boxes=0
t=1831643680 model_output model=face_yolo ch=2 frame=129 pending_after=3 boxes=0
t=1831643680 agg_add model=face_yolo ch=2 frame=129 results=2 boxes=0 first=0
t=1831643680 agg_publish ch=2 frame=129 partial=0 ready=1 results=2 models=yolo,face_yolo has_face=1 face_boxes=0 yolo_boxes=0 waited_ms=69
t=1831643680 mosaic_submit ch=2 frame=129 pts_us=5375000 partial=0 results=2 has_face=1 face_boxes=0 yolo_boxes=0
t=1831643689 rknn_infer ch=1 frame=129 lock_wait_us=0 rga_pre_us=2039 run_us=32575 outputs_get_us=958 post_us=113 release_us=1 total_us=35708 boxes=0
t=1831643689 model_output model=yolo ch=1 frame=129 pending_after=4 boxes=0
t=1831643689 agg_first_result model=yolo ch=1 frame=129
t=1831643689 agg_add model=yolo ch=1 frame=129 results=1 boxes=0 first=1
t=1831643692 rknn_infer ch=0 frame=131 lock_wait_us=0 rga_pre_us=1994 run_us=18732 outputs_get_us=2282 post_us=558 release_us=2 total_us=23601 boxes=0
t=1831643692 rknn_infer ch=3 frame=130 lock_wait_us=0 rga_pre_us=1786 run_us=31558 outputs_get_us=936 post_us=125 release_us=0 total_us=34416 boxes=0
t=1831643692 model_output model=yolo ch=3 frame=130 pending_after=3 boxes=0
t=1831643692 model_output model=yolo ch=0 frame=131 pending_after=3 boxes=0
t=1831643692 agg_first_result model=yolo ch=3 frame=130
t=1831643692 agg_add model=yolo ch=3 frame=130 results=1 boxes=0 first=1
t=1831643692 agg_publish ch=3 frame=130 partial=0 ready=1 results=1 models=yolo has_face=0 face_boxes=0 yolo_boxes=0 waited_ms=0
t=1831643692 mosaic_submit ch=3 frame=130 pts_us=5416666 partial=0 results=1 has_face=0 face_boxes=0 yolo_boxes=0
t=1831643692 agg_first_result model=yolo ch=0 frame=131
t=1831643692 agg_add model=yolo ch=0 frame=131 results=1 boxes=0 first=1
t=1831643692 agg_publish ch=0 frame=131 partial=0 ready=1 results=1 models=yolo has_face=0 face_boxes=0 yolo_boxes=0 waited_ms=0
t=1831643693 mosaic_submit ch=0 frame=131 pts_us=5458333 partial=0 results=1 has_face=0 face_boxes=0 yolo_boxes=0
t=1831643693 rknn_infer ch=3 frame=129 lock_wait_us=0 rga_pre_us=1985 run_us=73065 outputs_get_us=492 post_us=1866 release_us=0 total_us=77422 boxes=0
t=1831643693 model_output model=face_yolo ch=3 frame=129 pending_after=2 boxes=0
t=1831643693 agg_add model=face_yolo ch=3 frame=129 results=2 boxes=0 first=0
t=1831643694 agg_publish ch=3 frame=129 partial=0 ready=1 results=2 models=yolo,face_yolo has_face=1 face_boxes=0 yolo_boxes=0 waited_ms=38
t=1831643694 mosaic_submit ch=3 frame=129 pts_us=5375000 partial=0 results=2 has_face=1 face_boxes=0 yolo_boxes=0
t=1831643695 model_submit model=yolo ch=1 frame=130 ok=1 pending_before=1 pending_after=2
t=1831643695 decode_enqueue ch=1 frame=130 pts_us=5416666 inflight=2 max_inflight=8 queue=3
t=1831643696 rknn_infer ch=2 frame=131 lock_wait_us=0 rga_pre_us=1894 run_us=20118 outputs_get_us=2056 post_us=578 release_us=1 total_us=24673 boxes=0
t=1831643697 model_output model=yolo ch=2 frame=131 pending_after=2 boxes=0
t=1831643697 agg_first_result model=yolo ch=2 frame=131
t=1831643697 agg_add model=yolo ch=2 frame=131 results=1 boxes=0 first=1
t=1831643697 agg_publish ch=2 frame=131 partial=0 ready=1 results=1 models=yolo has_face=0 face_boxes=0 yolo_boxes=0 waited_ms=0
t=1831643697 mosaic_submit ch=2 frame=131 pts_us=5458333 partial=0 results=1 has_face=0 face_boxes=0 yolo_boxes=0
t=1831643699 model_submit model=yolo ch=3 frame=131 ok=1 pending_before=1 pending_after=2
t=1831643699 decode_enqueue ch=3 frame=131 pts_us=5458333 inflight=1 max_inflight=8 queue=3
t=1831643705 mosaic_e2e_age_ms ch0=287 ch1=219 ch2=284 ch3=256 frame=125,125,125,125
t=1831643705 mosaic_pts_select target_pts=5208250 selected_pts=5208333,5208333,5208333,5208333 selected_frame=125,125,125,125
t=1831643709 rknn_infer ch=1 frame=129 lock_wait_us=0 rga_pre_us=1947 run_us=38561 outputs_get_us=513 post_us=1820 release_us=1 total_us=42866 boxes=0
t=1831643709 model_output model=face_yolo ch=1 frame=129 pending_after=1 boxes=0
t=1831643709 agg_add model=face_yolo ch=1 frame=129 results=2 boxes=0 first=0
t=1831643709 agg_publish ch=1 frame=129 partial=0 ready=1 results=2 models=yolo,face_yolo has_face=1 face_boxes=0 yolo_boxes=0 waited_ms=20
t=1831643709 mosaic_submit ch=1 frame=129 pts_us=5375000 partial=0 results=2 has_face=1 face_boxes=0 yolo_boxes=0
t=1831643710 model_submit model=yolo ch=0 frame=132 ok=1 pending_before=2 pending_after=3
t=1831643710 model_submit model=face_yolo ch=0 frame=132 ok=1 pending_before=0 pending_after=1
t=1831643710 decode_enqueue ch=0 frame=132 pts_us=5500000 inflight=1 max_inflight=8 queue=4
t=1831643710 mosaic_rtsp_handoff packet=125 compose_to_encode_ms=5 compose_to_rtsp_ms=5 rtsp_push_ms=0 ok=1
t=1831643713 model_submit model=yolo ch=2 frame=132 ok=1 pending_before=3 pending_after=4
t=1831643713 model_submit model=face_yolo ch=2 frame=132 ok=1 pending_before=1 pending_after=2
t=1831643713 decode_enqueue ch=2 frame=132 pts_us=5500000 inflight=1 max_inflight=8 queue=6
t=1831643731 rknn_infer ch=1 frame=130 lock_wait_us=0 rga_pre_us=2923 run_us=32391 outputs_get_us=906 post_us=121 release_us=0 total_us=36357 boxes=0
t=1831643731 model_output model=yolo ch=1 frame=130 pending_after=4 boxes=0
t=1831643731 agg_first_result model=yolo ch=1 frame=130
t=1831643731 agg_add model=yolo ch=1 frame=130 results=1 boxes=0 first=1
t=1831643731 agg_publish ch=1 frame=130 partial=0 ready=1 results=1 models=yolo has_face=0 face_boxes=0 yolo_boxes=0 waited_ms=0
t=1831643731 mosaic_submit ch=1 frame=130 pts_us=5416666 partial=0 results=1 has_face=0 face_boxes=0 yolo_boxes=0
t=1831643734 rknn_infer ch=0 frame=132 lock_wait_us=0 rga_pre_us=2293 run_us=19035 outputs_get_us=2140 post_us=568 release_us=2 total_us=24066 boxes=0
t=1831643734 model_output model=yolo ch=0 frame=132 pending_after=3 boxes=0
t=1831643735 rknn_infer ch=3 frame=131 lock_wait_us=0 rga_pre_us=1760 run_us=32818 outputs_get_us=957 post_us=144 release_us=1 total_us=35694 boxes=0
t=1831643735 model_output model=yolo ch=3 frame=131 pending_after=2 boxes=0
t=1831643735 agg_first_result model=yolo ch=0 frame=132
t=1831643735 agg_add model=yolo ch=0 frame=132 results=1 boxes=0 first=1
t=1831643735 agg_first_result model=yolo ch=3 frame=131
t=1831643735 agg_add model=yolo ch=3 frame=131 results=1 boxes=0 first=1
t=1831643735 agg_publish ch=3 frame=131 partial=0 ready=1 results=1 models=yolo has_face=0 face_boxes=0 yolo_boxes=0 waited_ms=0
t=1831643735 mosaic_submit ch=3 frame=131 pts_us=5458333 partial=0 results=1 has_face=0 face_boxes=0 yolo_boxes=0
t=1831643735 rknn_infer ch=2 frame=132 lock_wait_us=0 rga_pre_us=1997 run_us=17588 outputs_get_us=2191 post_us=552 release_us=1 total_us=22344 boxes=0
t=1831643736 model_output model=yolo ch=2 frame=132 pending_after=1 boxes=0
t=1831643736 agg_first_result model=yolo ch=2 frame=132
t=1831643736 agg_add model=yolo ch=2 frame=132 results=1 boxes=0 first=1
t=1831643736 model_submit model=yolo ch=1 frame=131 ok=1 pending_before=0 pending_after=1
t=1831643736 decode_enqueue ch=1 frame=131 pts_us=5458333 inflight=1 max_inflight=8 queue=3
t=1831643741 model_submit model=yolo ch=3 frame=132 ok=1 pending_before=1 pending_after=2
t=1831643741 model_submit model=face_yolo ch=3 frame=132 ok=1 pending_before=2 pending_after=3
t=1831643741 decode_enqueue ch=3 frame=132 pts_us=5500000 inflight=1 max_inflight=8 queue=5
t=1831643746 mosaic_e2e_age_ms ch0=286 ch1=217 ch2=282 ch3=254 frame=126,126,126,126
t=1831643746 mosaic_pts_select target_pts=5249916 selected_pts=5250000,5250000,5250000,5250000 selected_frame=126,126,126,126
t=1831643751 model_submit model=yolo ch=0 frame=133 ok=1 pending_before=2 pending_after=3
t=1831643751 decode_enqueue ch=0 frame=133 pts_us=5541666 inflight=2 max_inflight=8 queue=6
t=1831643753 mosaic_rtsp_handoff packet=126 compose_to_encode_ms=5 compose_to_rtsp_ms=7 rtsp_push_ms=2 ok=1
t=1831643755 model_submit model=yolo ch=2 frame=133 ok=1 pending_before=3 pending_after=4
t=1831643755 decode_enqueue ch=2 frame=133 pts_us=5541666 inflight=2 max_inflight=8 queue=7
t=1831643777 rknn_infer ch=1 frame=131 lock_wait_us=0 rga_pre_us=1765 run_us=32161 outputs_get_us=5890 post_us=630 release_us=3 total_us=40502 boxes=0
t=1831643777 model_output model=yolo ch=1 frame=131 pending_after=4 boxes=0
t=1831643777 agg_first_result model=yolo ch=1 frame=131
t=1831643777 agg_add model=yolo ch=1 frame=131 results=1 boxes=0 first=1
t=1831643777 agg_publish ch=1 frame=131 partial=0 ready=1 results=1 models=yolo has_face=0 face_boxes=0 yolo_boxes=0 waited_ms=0
t=1831643778 mosaic_submit ch=1 frame=131 pts_us=5458333 partial=0 results=1 has_face=0 face_boxes=0 yolo_boxes=0
t=1831643779 rknn_infer ch=0 frame=133 lock_wait_us=0 rga_pre_us=1811 run_us=18935 outputs_get_us=6246 post_us=644 release_us=2 total_us=27663 boxes=0
t=1831643779 model_output model=yolo ch=0 frame=133 pending_after=3 boxes=0
t=1831643780 rknn_infer ch=2 frame=133 lock_wait_us=0 rga_pre_us=1917 run_us=18583 outputs_get_us=2938 post_us=1215 release_us=2 total_us=24685 boxes=0
t=1831643780 model_output model=yolo ch=2 frame=133 pending_after=3 boxes=0
t=1831643780 agg_first_result model=yolo ch=0 frame=133
t=1831643780 agg_add model=yolo ch=0 frame=133 results=1 boxes=0 first=1
t=1831643780 rknn_infer ch=3 frame=132 lock_wait_us=0 rga_pre_us=2032 run_us=31351 outputs_get_us=3717 post_us=1563 release_us=4 total_us=38704 boxes=0
t=1831643780 model_output model=yolo ch=3 frame=132 pending_after=2 boxes=0
t=1831643780 agg_publish ch=0 frame=133 partial=0 ready=1 results=1 models=yolo has_face=0 face_boxes=0 yolo_boxes=0 waited_ms=0
t=1831643781 mosaic_submit ch=0 frame=133 pts_us=5541666 partial=0 results=1 has_face=0 face_boxes=0 yolo_boxes=0
t=1831643781 model_submit model=yolo ch=1 frame=132 ok=1 pending_before=2 pending_after=3
t=1831643781 model_submit model=face_yolo ch=1 frame=132 ok=1 pending_before=3 pending_after=4
t=1831643781 decode_enqueue ch=1 frame=132 pts_us=5500000 inflight=1 max_inflight=8 queue=5
t=1831643781 agg_first_result model=yolo ch=2 frame=133
t=1831643781 agg_add model=yolo ch=2 frame=133 results=1 boxes=0 first=1
t=1831643781 agg_publish ch=2 frame=133 partial=0 ready=1 results=1 models=yolo has_face=0 face_boxes=0 yolo_boxes=0 waited_ms=0
t=1831643783 model_submit model=yolo ch=3 frame=133 ok=1 pending_before=1 pending_after=2
t=1831643783 decode_enqueue ch=3 frame=133 pts_us=5541666 inflight=2 max_inflight=8 queue=6
t=1831643788 mosaic_e2e_age_ms ch0=286 ch1=218 ch2=282 ch3=255 frame=127,127,127,127
t=1831643788 mosaic_pts_select target_pts=5291582 selected_pts=5291666,5291666,5291666,5291666 selected_frame=127,127,127,127
t=1831643789 rknn_infer ch=0 frame=132 lock_wait_us=0 rga_pre_us=2151 run_us=73351 outputs_get_us=1154 post_us=2941 release_us=2 total_us=79630 boxes=0
t=1831643790 model_output model=face_yolo ch=0 frame=132 pending_after=4 boxes=0
t=1831643792 mosaic_submit ch=2 frame=133 pts_us=5541666 partial=0 results=1 has_face=0 face_boxes=0 yolo_boxes=0
t=1831643792 agg_first_result model=yolo ch=3 frame=132
t=1831643792 agg_add model=yolo ch=3 frame=132 results=1 boxes=0 first=1
t=1831643792 agg_add model=face_yolo ch=0 frame=132 results=2 boxes=0 first=0
t=1831643792 agg_publish ch=0 frame=132 partial=0 ready=1 results=2 models=yolo,face_yolo has_face=1 face_boxes=0 yolo_boxes=0 waited_ms=57
t=1831643792 mosaic_submit ch=0 frame=132 pts_us=5500000 partial=0 results=2 has_face=1 face_boxes=0 yolo_boxes=0
t=1831643793 mosaic_rtsp_handoff packet=127 compose_to_encode_ms=4 compose_to_rtsp_ms=5 rtsp_push_ms=1 ok=1
t=1831643793 model_submit model=yolo ch=0 frame=134 ok=1 pending_before=2 pending_after=3
t=1831643793 decode_enqueue ch=0 frame=134 pts_us=5583333 inflight=1 max_inflight=8 queue=6
t=1831643797 model_submit model=yolo ch=2 frame=134 ok=1 pending_before=3 pending_after=4
t=1831643797 decode_enqueue ch=2 frame=134 pts_us=5583333 inflight=2 max_inflight=8 queue=7
t=1831643805 rknn_infer ch=2 frame=132 lock_wait_us=0 rga_pre_us=2246 run_us=86899 outputs_get_us=521 post_us=1846 release_us=1 total_us=91539 boxes=0
t=1831643805 model_output model=face_yolo ch=2 frame=132 pending_after=3 boxes=0
t=1831643805 agg_add model=face_yolo ch=2 frame=132 results=2 boxes=0 first=0
t=1831643805 agg_publish ch=2 frame=132 partial=0 ready=1 results=2 models=yolo,face_yolo has_face=1 face_boxes=0 yolo_boxes=0 waited_ms=69
t=1831643805 mosaic_submit ch=2 frame=132 pts_us=5500000 partial=0 results=2 has_face=1 face_boxes=0 yolo_boxes=0
t=1831643819 rknn_infer ch=3 frame=133 lock_wait_us=0 rga_pre_us=1978 run_us=32119 outputs_get_us=2288 post_us=179 release_us=1 total_us=36584 boxes=0
t=1831643819 model_output model=yolo ch=3 frame=133 pending_after=4 boxes=0
t=1831643819 agg_first_result model=yolo ch=3 frame=133
t=1831643820 agg_add model=yolo ch=3 frame=133 results=1 boxes=0 first=1
t=1831643820 agg_publish ch=3 frame=133 partial=0 ready=1 results=1 models=yolo has_face=0 face_boxes=0 yolo_boxes=0 waited_ms=0
t=1831643820 mosaic_submit ch=3 frame=133 pts_us=5541666 partial=0 results=1 has_face=0 face_boxes=0 yolo_boxes=0
t=1831643820 model_submit model=yolo ch=1 frame=133 ok=1 pending_before=3 pending_after=4
t=1831643820 decode_enqueue ch=1 frame=133 pts_us=5541666 inflight=2 max_inflight=8 queue=6
t=1831643820 rknn_infer ch=2 frame=134 lock_wait_us=0 rga_pre_us=1816 run_us=19026 outputs_get_us=2482 post_us=174 release_us=0 total_us=23512 boxes=0
t=1831643820 model_output model=yolo ch=2 frame=134 pending_after=4 boxes=0
t=1831643821 agg_first_result model=yolo ch=2 frame=134
t=1831643821 agg_add model=yolo ch=2 frame=134 results=1 boxes=0 first=1
t=1831643821 agg_publish ch=2 frame=134 partial=0 ready=1 results=1 models=yolo has_face=0 face_boxes=0 yolo_boxes=0 waited_ms=0
t=1831643821 rknn_infer ch=1 frame=132 lock_wait_us=0 rga_pre_us=2584 run_us=33775 outputs_get_us=2568 post_us=666 release_us=2 total_us=39620 boxes=0
t=1831643821 mosaic_submit ch=2 frame=134 pts_us=5583333 partial=0 results=1 has_face=0 face_boxes=0 yolo_boxes=0
t=1831643821 model_output model=yolo ch=1 frame=132 pending_after=3 boxes=0
t=1831643821 agg_first_result model=yolo ch=1 frame=132
t=1831643821 agg_add model=yolo ch=1 frame=132 results=1 boxes=0 first=1
t=1831643822 rknn_infer ch=0 frame=134 lock_wait_us=0 rga_pre_us=2046 run_us=23464 outputs_get_us=2516 post_us=642 release_us=2 total_us=28690 boxes=0
t=1831643822 model_output model=yolo ch=0 frame=134 pending_after=2 boxes=0
t=1831643822 agg_first_result model=yolo ch=0 frame=134
t=1831643822 agg_add model=yolo ch=0 frame=134 results=1 boxes=0 first=1
t=1831643822 agg_publish ch=0 frame=134 partial=0 ready=1 results=1 models=yolo has_face=0 face_boxes=0 yolo_boxes=0 waited_ms=0
t=1831643822 mosaic_submit ch=0 frame=134 pts_us=5583333 partial=0 results=1 has_face=0 face_boxes=0 yolo_boxes=0
t=1831643824 model_submit model=yolo ch=3 frame=134 ok=1 pending_before=1 pending_after=2
t=1831643824 decode_enqueue ch=3 frame=134 pts_us=5583333 inflight=2 max_inflight=8 queue=4
t=1831643824 rknn_infer ch=3 frame=132 lock_wait_us=0 rga_pre_us=1852 run_us=79227 outputs_get_us=465 post_us=1826 release_us=1 total_us=83388 boxes=0
t=1831643825 model_output model=face_yolo ch=3 frame=132 pending_after=2 boxes=0
t=1831643825 agg_add model=face_yolo ch=3 frame=132 results=2 boxes=0 first=0
t=1831643825 agg_publish ch=3 frame=132 partial=0 ready=1 results=2 models=yolo,face_yolo has_face=1 face_boxes=0 yolo_boxes=0 waited_ms=32
t=1831643829 mosaic_e2e_age_ms ch0=285 ch1=217 ch2=282 ch3=254 frame=128,128,128,128
t=1831643829 mosaic_pts_select target_pts=5333248 selected_pts=5333333,5333333,5333333,5333333 selected_frame=128,128,128,128
t=1831643834 mosaic_submit ch=3 frame=132 pts_us=5500000 partial=0 results=2 has_face=1 face_boxes=0 yolo_boxes=0
t=1831643835 model_submit model=yolo ch=0 frame=135 ok=1 pending_before=2 pending_after=3
t=1831643835 model_submit model=face_yolo ch=0 frame=135 ok=1 pending_before=1 pending_after=2
t=1831643835 decode_enqueue ch=0 frame=135 pts_us=5625000 inflight=1 max_inflight=8 queue=5
t=1831643835 mosaic_rtsp_handoff packet=128 compose_to_encode_ms=5 compose_to_rtsp_ms=6 rtsp_push_ms=1 ok=1
t=1831643838 model_submit model=yolo ch=2 frame=135 ok=1 pending_before=3 pending_after=4
t=1831643838 model_submit model=face_yolo ch=2 frame=135 ok=1 pending_before=2 pending_after=3
t=1831643838 decode_enqueue ch=2 frame=135 pts_us=5625000 inflight=1 max_inflight=8 queue=7
t=1831643839 rknn_infer ch=1 frame=132 lock_wait_us=0 rga_pre_us=2248 run_us=43566 outputs_get_us=507 post_us=2770 release_us=2 total_us=49120 boxes=0
t=1831643839 model_output model=face_yolo ch=1 frame=132 pending_after=3 boxes=0
t=1831643839 agg_add model=face_yolo ch=1 frame=132 results=2 boxes=0 first=0
t=1831643839 agg_publish ch=1 frame=132 partial=0 ready=1 results=2 models=yolo,face_yolo has_face=1 face_boxes=0 yolo_boxes=0 waited_ms=18
t=1831643839 mosaic_submit ch=1 frame=132 pts_us=5500000 partial=0 results=2 has_face=1 face_boxes=0 yolo_boxes=0
t=1831643859 rknn_infer ch=0 frame=135 lock_wait_us=0 rga_pre_us=2340 run_us=18623 outputs_get_us=2531 post_us=617 release_us=2 total_us=24137 boxes=0
t=1831643859 model_output model=yolo ch=0 frame=135 pending_after=4 boxes=0
t=1831643859 agg_first_result model=yolo ch=0 frame=135
t=1831643860 agg_add model=yolo ch=0 frame=135 results=1 boxes=0 first=1
t=1831643861 rknn_infer ch=2 frame=135 lock_wait_us=0 rga_pre_us=1954 run_us=16806 outputs_get_us=2342 post_us=839 release_us=1 total_us=21965 boxes=0
t=1831643861 model_output model=yolo ch=2 frame=135 pending_after=3 boxes=0
t=1831643861 model_submit model=yolo ch=1 frame=134 ok=1 pending_before=2 pending_after=3
t=1831643862 decode_enqueue ch=1 frame=134 pts_us=5583333 inflight=2 max_inflight=8 queue=5
t=1831643862 agg_first_result model=yolo ch=2 frame=135
t=1831643862 agg_add model=yolo ch=2 frame=135 results=1 boxes=0 first=1
t=1831643865 rknn_infer ch=3 frame=134 lock_wait_us=0 rga_pre_us=2004 run_us=33695 outputs_get_us=4416 post_us=617 release_us=2 total_us=40764 boxes=0
t=1831643865 model_output model=yolo ch=3 frame=134 pending_after=3 boxes=0
t=1831643867 rknn_infer ch=1 frame=133 lock_wait_us=286 rga_pre_us=1805 run_us=32772 outputs_get_us=10502 post_us=733 release_us=2 total_us=46125 boxes=0
t=1831643867 model_output model=yolo ch=1 frame=133 pending_after=3 boxes=0
t=1831643867 agg_first_result model=yolo ch=3 frame=134
t=1831643867 agg_add model=yolo ch=3 frame=134 results=1 boxes=0 first=1
t=1831643867 agg_publish ch=3 frame=134 partial=0 ready=1 results=1 models=yolo has_face=0 face_boxes=0 yolo_boxes=0 waited_ms=0
t=1831643868 model_submit model=yolo ch=3 frame=135 ok=1 pending_before=2 pending_after=3
t=1831643868 model_submit model=face_yolo ch=3 frame=135 ok=1 pending_before=2 pending_after=3
t=1831643868 decode_enqueue ch=3 frame=135 pts_us=5625000 inflight=2 max_inflight=8 queue=5
t=1831643871 mosaic_e2e_age_ms ch0=287 ch1=218 ch2=283 ch3=255 frame=129,129,129,129
t=1831643871 mosaic_pts_select target_pts=5374914 selected_pts=5375000,5375000,5375000,5375000 selected_frame=129,129,129,129
t=1831643875 mosaic_submit ch=3 frame=134 pts_us=5583333 partial=0 results=1 has_face=0 face_boxes=0 yolo_boxes=0
t=1831643875 agg_first_result model=yolo ch=1 frame=133
t=1831643875 agg_add model=yolo ch=1 frame=133 results=1 boxes=0 first=1
t=1831643875 agg_publish ch=1 frame=133 partial=0 ready=1 results=1 models=yolo has_face=0 face_boxes=0 yolo_boxes=0 waited_ms=0
t=1831643875 agg_lock_health submit_count=128 submit_wait_avg_us=24 submit_wait_max_us=979 submit_wait_over_500us=3 worker_count=181 worker_hold_avg_us=139 worker_hold_max_us=704 worker_hold_over_2ms=0 queue=0 pending=2 registered=2
t=1831643875 mosaic_submit ch=1 frame=133 pts_us=5541666 partial=0 results=1 has_face=0 face_boxes=0 yolo_boxes=0
t=1831643876 mosaic_rtsp_handoff packet=129 compose_to_encode_ms=4 compose_to_rtsp_ms=5 rtsp_push_ms=1 ok=1
t=1831643876 model_submit model=yolo ch=0 frame=136 ok=1 pending_before=2 pending_after=3
t=1831643876 decode_enqueue ch=0 frame=136 pts_us=5666666 inflight=2 max_inflight=8 queue=6
t=1831643880 model_submit model=yolo ch=2 frame=136 ok=1 pending_before=3 pending_after=4
t=1831643880 decode_enqueue ch=2 frame=136 pts_us=5666666 inflight=2 max_inflight=8 queue=7
t=1831643903 model_submit model=yolo ch=1 frame=135 ok=1 pending_before=4 pending_after=5
t=1831643903 model_submit model=face_yolo ch=1 frame=135 ok=1 pending_before=3 pending_after=4
t=1831643903 decode_enqueue ch=1 frame=135 pts_us=5625000 inflight=2 max_inflight=8 queue=9
t=1831643905 rknn_infer ch=1 frame=134 lock_wait_us=5404 rga_pre_us=1901 run_us=32414 outputs_get_us=2853 post_us=661 release_us=3 total_us=43262 boxes=0
t=1831643905 model_output model=yolo ch=1 frame=134 pending_after=5 boxes=0
t=1831643906 agg_first_result model=yolo ch=1 frame=134
t=1831643906 agg_add model=yolo ch=1 frame=134 results=1 boxes=0 first=1
t=1831643906 agg_publish ch=1 frame=134 partial=0 ready=1 results=1 models=yolo has_face=0 face_boxes=0 yolo_boxes=0 waited_ms=0
t=1831643908 model_submit model=yolo ch=3 frame=136 ok=1 pending_before=4 pending_after=5
t=1831643908 decode_enqueue ch=3 frame=136 pts_us=5666666 inflight=2 max_inflight=8 queue=9
t=1831695798 model_submit model=yolo ch=0 frame=137 ok=1 pending_before=5 pending_after=6
t=1831695798 decode_enqueue ch=0 frame=137 pts_us=5708333 inflight=3 max_inflight=8 queue=11
t=1842031989 agg_lock_health submit_count=0 submit_wait_avg_us=0 submit_wait_max_us=0 submit_wait_over_500us=0 worker_count=1 worker_hold_avg_us=7 worker_hold_max_us=7 worker_hold_over_2ms=0 queue=0 pending=0 registered=0
t=1843127049 agg_lock_health submit_count=0 submit_wait_avg_us=0 submit_wait_max_us=0 submit_wait_over_500us=0 worker_count=1 worker_hold_avg_us=14 worker_hold_max_us=14 worker_hold_over_2ms=0 queue=0 pending=0 registered=0
t=1843529452 agg_lock_health submit_count=0 submit_wait_avg_us=0 submit_wait_max_us=0 submit_wait_over_500us=0 worker_count=1 worker_hold_avg_us=16 worker_hold_max_us=16 worker_hold_over_2ms=0 queue=0 pending=0 registered=0
t=1843638357 local_input_throttle_enabled ch=0 fps=24 url=/home/orangepi/Desktop/rknn-cpp-Multithreading/test.h264
t=1843638357 agg_lock_health submit_count=0 submit_wait_avg_us=0 submit_wait_max_us=0 submit_wait_over_500us=0 worker_count=8 worker_hold_avg_us=9 worker_hold_max_us=17 worker_hold_over_2ms=0 queue=0 pending=0 registered=0
t=1843638359 mosaic_health source=mosaic_not_ready submit_fps=0.00 tick_fps=0.01 not_ready_fps=0.01 compose_fps=0.00 push_fps=0.00 busy_drop_fps=0.00 total_submit=0 total_tick=1 total_not_ready=1 total_compose=0 total_push=0 rga_fail=0 latest_frame=0,0,0,0 latest_pts_us=-1,-1,-1,-1
t=1843638363 local_input_throttle_enabled ch=1 fps=24 url=/home/orangepi/Desktop/rknn-cpp-Multithreading/test2.h264
t=1843638367 local_input_throttle_enabled ch=2 fps=24 url=/home/orangepi/Desktop/rknn-cpp-Multithreading/test3.h264
t=1843731195 local_input_throttle_enabled ch=3 fps=24 url=/home/orangepi/Desktop/rknn-cpp-Multithreading/test4.h264
t=1843731196 agg_lock_health submit_count=0 submit_wait_avg_us=0 submit_wait_max_us=0 submit_wait_over_500us=0 worker_count=3 worker_hold_avg_us=19 worker_hold_max_us=27 worker_hold_over_2ms=0 queue=0 pending=0 registered=0
t=1843731197 mosaic_health source=mosaic_not_ready submit_fps=0.00 tick_fps=0.01 not_ready_fps=0.01 compose_fps=0.00 push_fps=0.00 busy_drop_fps=0.00 total_submit=0 total_tick=2 total_not_ready=2 total_compose=0 total_push=0 rga_fail=0 latest_frame=0,0,0,0 latest_pts_us=-1,-1,-1,-1
t=1843747165 agg_lock_health submit_count=0 submit_wait_avg_us=0 submit_wait_max_us=0 submit_wait_over_500us=0 worker_count=1 worker_hold_avg_us=15 worker_hold_max_us=15 worker_hold_over_2ms=0 queue=0 pending=0 registered=0
t=1843747166 mosaic_health source=mosaic_not_ready submit_fps=0.00 tick_fps=0.06 not_ready_fps=0.06 compose_fps=0.00 push_fps=0.00 busy_drop_fps=0.00 total_submit=0 total_tick=3 total_not_ready=3 total_compose=0 total_push=0 rga_fail=0 latest_frame=0,0,0,0 latest_pts_us=-1,-1,-1,-1
t=1843867391 agg_lock_health submit_count=0 submit_wait_avg_us=0 submit_wait_max_us=0 submit_wait_over_500us=0 worker_count=1 worker_hold_avg_us=24 worker_hold_max_us=24 worker_hold_over_2ms=0 queue=0 pending=0 registered=0
t=1843867393 mosaic_health source=mosaic_not_ready submit_fps=0.00 tick_fps=0.01 not_ready_fps=0.01 compose_fps=0.00 push_fps=0.00 busy_drop_fps=0.00 total_submit=0 total_tick=4 total_not_ready=4 total_compose=0 total_push=0 rga_fail=0 latest_frame=0,0,0,0 latest_pts_us=-1,-1,-1,-1
t=1843869892 agg_lock_health submit_count=0 submit_wait_avg_us=0 submit_wait_max_us=0 submit_wait_over_500us=0 worker_count=2 worker_hold_avg_us=15 worker_hold_max_us=23 worker_hold_over_2ms=0 queue=0 pending=0 registered=0
t=1843869893 mosaic_health source=mosaic_not_ready submit_fps=0.00 tick_fps=0.40 not_ready_fps=0.40 compose_fps=0.00 push_fps=0.00 busy_drop_fps=0.00 total_submit=0 total_tick=5 total_not_ready=5 total_compose=0 total_push=0 rga_fail=0 latest_frame=0,0,0,0 latest_pts_us=-1,-1,-1,-1
t=1843878747 agg_lock_health submit_count=0 submit_wait_avg_us=0 submit_wait_max_us=0 submit_wait_over_500us=0 worker_count=1 worker_hold_avg_us=12 worker_hold_max_us=12 worker_hold_over_2ms=0 queue=0 pending=0 registered=0
t=1843878748 mosaic_health source=mosaic_not_ready submit_fps=0.00 tick_fps=0.11 not_ready_fps=0.11 compose_fps=0.00 push_fps=0.00 busy_drop_fps=0.00 total_submit=0 total_tick=6 total_not_ready=6 total_compose=0 total_push=0 rga_fail=0 latest_frame=0,0,0,0 latest_pts_us=-1,-1,-1,-1
t=1843885892 agg_lock_health submit_count=0 submit_wait_avg_us=0 submit_wait_max_us=0 submit_wait_over_500us=0 worker_count=1 worker_hold_avg_us=13 worker_hold_max_us=13 worker_hold_over_2ms=0 queue=0 pending=0 registered=0
t=1843885893 mosaic_health source=mosaic_not_ready submit_fps=0.00 tick_fps=0.14 not_ready_fps=0.14 compose_fps=0.00 push_fps=0.00 busy_drop_fps=0.00 total_submit=0 total_tick=7 total_not_ready=7 total_compose=0 total_push=0 rga_fail=0 latest_frame=0,0,0,0 latest_pts_us=-1,-1,-1,-1
t=1843891660 agg_lock_health submit_count=0 submit_wait_avg_us=0 submit_wait_max_us=0 submit_wait_over_500us=0 worker_count=1 worker_hold_avg_us=11 worker_hold_max_us=11 worker_hold_over_2ms=0 queue=0 pending=0 registered=0
t=1843891661 mosaic_health source=mosaic_not_ready submit_fps=0.00 tick_fps=0.17 not_ready_fps=0.17 compose_fps=0.00 push_fps=0.00 busy_drop_fps=0.00 total_submit=0 total_tick=8 total_not_ready=8 total_compose=0 total_push=0 rga_fail=0 latest_frame=0,0,0,0 latest_pts_us=-1,-1,-1,-1
t=1843923710 agg_lock_health submit_count=0 submit_wait_avg_us=0 submit_wait_max_us=0 submit_wait_over_500us=0 worker_count=1 worker_hold_avg_us=13 worker_hold_max_us=13 worker_hold_over_2ms=0 queue=0 pending=0 registered=0
t=1843923712 mosaic_health source=mosaic_not_ready submit_fps=0.00 tick_fps=0.03 not_ready_fps=0.03 compose_fps=0.00 push_fps=0.00 busy_drop_fps=0.00 total_submit=0 total_tick=9 total_not_ready=9 total_compose=0 total_push=0 rga_fail=0 latest_frame=0,0,0,0 latest_pts_us=-1,-1,-1,-1
t=1844714180 agg_lock_health submit_count=0 submit_wait_avg_us=0 submit_wait_max_us=0 submit_wait_over_500us=0 worker_count=1 worker_hold_avg_us=16 worker_hold_max_us=16 worker_hold_over_2ms=0 queue=0 pending=0 registered=0
t=1844714229 local_input_throttle_enabled ch=0 fps=24 url=/home/orangepi/Desktop/rknn-cpp-Multithreading/test.h264
t=1844714232 local_input_throttle_enabled ch=1 fps=24 url=/home/orangepi/Desktop/rknn-cpp-Multithreading/test2.h264
t=1844714234 local_input_throttle_enabled ch=2 fps=24 url=/home/orangepi/Desktop/rknn-cpp-Multithreading/test3.h264
t=1844714237 local_input_throttle_enabled ch=3 fps=24 url=/home/orangepi/Desktop/rknn-cpp-Multithreading/test4.h264
t=1844714406 local_input_clock_started ch=0 frame=0
t=1844714410 local_input_clock_started ch=2 frame=0
t=1845035095 agg_no_result_drop ch=0 frame=0 waited_ms=320689
t=1845035096 agg_no_result_drop ch=2 frame=0 waited_ms=320685
t=1845035096 agg_lock_health submit_count=0 submit_wait_avg_us=0 submit_wait_max_us=0 submit_wait_over_500us=0 worker_count=23 worker_hold_avg_us=31 worker_hold_max_us=340 worker_hold_over_2ms=0 queue=0 pending=0 registered=0
t=1845035096 mosaic_health source=mosaic_not_ready submit_fps=0.00 tick_fps=0.02 not_ready_fps=0.02 compose_fps=0.00 push_fps=0.00 busy_drop_fps=0.00 total_submit=0 total_tick=5 total_not_ready=5 total_compose=0 total_push=0 rga_fail=0 latest_frame=0,0,0,0 latest_pts_us=-1,-1,-1,-1
t=1845035104 local_input_clock_started ch=3 frame=0
t=1845035110 model_submit model=yolo ch=0 frame=0 ok=1 pending_before=0 pending_after=3
t=1845408317 agg_no_result_drop ch=3 frame=0 waited_ms=373211
t=1845408317 agg_lock_health submit_count=0 submit_wait_avg_us=0 submit_wait_max_us=0 submit_wait_over_500us=0 worker_count=6 worker_hold_avg_us=83 worker_hold_max_us=347 worker_hold_over_2ms=0 queue=0 pending=0 registered=0
t=1845408321 mosaic_health source=mosaic_not_ready submit_fps=0.00 tick_fps=0.01 not_ready_fps=0.01 compose_fps=0.00 push_fps=0.00 busy_drop_fps=0.00 total_submit=0 total_tick=7 total_not_ready=7 total_compose=0 total_push=0 rga_fail=0 latest_frame=0,0,0,0 latest_pts_us=-1,-1,-1,-1
t=1845439720 agg_lock_health submit_count=0 submit_wait_avg_us=0 submit_wait_max_us=0 submit_wait_over_500us=0 worker_count=1 worker_hold_avg_us=14 worker_hold_max_us=14 worker_hold_over_2ms=0 queue=0 pending=0 registered=0
t=1845439721 mosaic_health source=mosaic_not_ready submit_fps=0.00 tick_fps=0.03 not_ready_fps=0.03 compose_fps=0.00 push_fps=0.00 busy_drop_fps=0.00 total_submit=0 total_tick=8 total_not_ready=8 total_compose=0 total_push=0 rga_fail=0 latest_frame=0,0,0,0 latest_pts_us=-1,-1,-1,-1
t=1845467850 agg_lock_health submit_count=0 submit_wait_avg_us=0 submit_wait_max_us=0 submit_wait_over_500us=0 worker_count=1 worker_hold_avg_us=13 worker_hold_max_us=13 worker_hold_over_2ms=0 queue=0 pending=0 registered=0
t=1845467851 mosaic_health source=mosaic_not_ready submit_fps=0.00 tick_fps=0.04 not_ready_fps=0.04 compose_fps=0.00 push_fps=0.00 busy_drop_fps=0.00 total_submit=0 total_tick=9 total_not_ready=9 total_compose=0 total_push=0 rga_fail=0 latest_frame=0,0,0,0 latest_pts_us=-1,-1,-1,-1
t=1845467852 model_submit model=face_yolo ch=0 frame=0 ok=1 pending_before=0 pending_after=1
t=1845467853 decode_enqueue ch=0 frame=0 pts_us=0 inflight=1 max_inflight=8 queue=4
t=1845467853 model_submit model=yolo ch=2 frame=0 ok=1 pending_before=1 pending_after=3
t=1845542462 agg_no_result_drop ch=0 frame=1 waited_ms=74608
t=1845542463 agg_lock_health submit_count=0 submit_wait_avg_us=0 submit_wait_max_us=0 submit_wait_over_500us=0 worker_count=1 worker_hold_avg_us=303 worker_hold_max_us=303 worker_hold_over_2ms=0 queue=0 pending=0 registered=0
t=1845542463 mosaic_health source=mosaic_not_ready submit_fps=0.00 tick_fps=0.01 not_ready_fps=0.01 compose_fps=0.00 push_fps=0.00 busy_drop_fps=0.00 total_submit=0 total_tick=10 total_not_ready=10 total_compose=0 total_push=0 rga_fail=0 latest_frame=0,0,0,0 latest_pts_us=-1,-1,-1,-1
t=1845542465 local_input_clock_started ch=1 frame=0
